participant.id_in_session,participant.code,participant.label,participant._is_bot,participant._index_in_pages,participant._max_page_index,participant._current_app_name,participant._current_page_name,participant.time_started,participant.visited,participant.mturk_worker_id,participant.mturk_assignment_id,participant.payoff,participant.payoff_plus_participation_fee,session.code,session.label,session.mturk_HITId,session.mturk_HITGroupId,session.comment,session.is_demo,session.config.location,session.config.real_world_currency_per_point,session.config.treatment,session.config.participation_fee,initialize.1.player.id_in_group,initialize.1.player.Location,initialize.1.player.Information,initialize.1.player.payoff,initialize.1.group.id_in_subsession,initialize.1.subsession.round_number,Baillon.1.player.id_in_group,Baillon.1.player.BaillonQ1,Baillon.1.player.BaillonQ2,Baillon.1.player.BaillonQ3,Baillon.1.player.BaillonQ4,Baillon.1.player.BaillonQ5,Baillon.1.player.CQ2,Baillon.1.player.review_weather,Baillon.1.player.review_instructions,Baillon.1.player.window_width,Baillon.1.player.window_height,Baillon.1.player.browser,Baillon.1.player.baillon_equivalent,Baillon.1.player.pivotal_lottery,Baillon.1.player.payment_mechanism,Baillon.1.player.random_draw,Baillon.1.player.event_decision,Baillon.1.player.success,Baillon.1.player.is_relevant,Baillon.1.player.payoff,Baillon.1.group.id_in_subsession,Baillon.1.subsession.round_number,Baillon.2.player.id_in_group,Baillon.2.player.BaillonQ1,Baillon.2.player.BaillonQ2,Baillon.2.player.BaillonQ3,Baillon.2.player.BaillonQ4,Baillon.2.player.BaillonQ5,Baillon.2.player.CQ2,Baillon.2.player.review_weather,Baillon.2.player.review_instructions,Baillon.2.player.window_width,Baillon.2.player.window_height,Baillon.2.player.browser,Baillon.2.player.baillon_equivalent,Baillon.2.player.pivotal_lottery,Baillon.2.player.payment_mechanism,Baillon.2.player.random_draw,Baillon.2.player.event_decision,Baillon.2.player.success,Baillon.2.player.is_relevant,Baillon.2.player.payoff,Baillon.2.group.id_in_subsession,Baillon.2.subsession.round_number,Baillon.3.player.id_in_group,Baillon.3.player.BaillonQ1,Baillon.3.player.BaillonQ2,Baillon.3.player.BaillonQ3,Baillon.3.player.BaillonQ4,Baillon.3.player.BaillonQ5,Baillon.3.player.CQ2,Baillon.3.player.review_weather,Baillon.3.player.review_instructions,Baillon.3.player.window_width,Baillon.3.player.window_height,Baillon.3.player.browser,Baillon.3.player.baillon_equivalent,Baillon.3.player.pivotal_lottery,Baillon.3.player.payment_mechanism,Baillon.3.player.random_draw,Baillon.3.player.event_decision,Baillon.3.player.success,Baillon.3.player.is_relevant,Baillon.3.player.payoff,Baillon.3.group.id_in_subsession,Baillon.3.subsession.round_number,Baillon.4.player.id_in_group,Baillon.4.player.BaillonQ1,Baillon.4.player.BaillonQ2,Baillon.4.player.BaillonQ3,Baillon.4.player.BaillonQ4,Baillon.4.player.BaillonQ5,Baillon.4.player.CQ2,Baillon.4.player.review_weather,Baillon.4.player.review_instructions,Baillon.4.player.window_width,Baillon.4.player.window_height,Baillon.4.player.browser,Baillon.4.player.baillon_equivalent,Baillon.4.player.pivotal_lottery,Baillon.4.player.payment_mechanism,Baillon.4.player.random_draw,Baillon.4.player.event_decision,Baillon.4.player.success,Baillon.4.player.is_relevant,Baillon.4.player.payoff,Baillon.4.group.id_in_subsession,Baillon.4.subsession.round_number,Baillon.5.player.id_in_group,Baillon.5.player.BaillonQ1,Baillon.5.player.BaillonQ2,Baillon.5.player.BaillonQ3,Baillon.5.player.BaillonQ4,Baillon.5.player.BaillonQ5,Baillon.5.player.CQ2,Baillon.5.player.review_weather,Baillon.5.player.review_instructions,Baillon.5.player.window_width,Baillon.5.player.window_height,Baillon.5.player.browser,Baillon.5.player.baillon_equivalent,Baillon.5.player.pivotal_lottery,Baillon.5.player.payment_mechanism,Baillon.5.player.random_draw,Baillon.5.player.event_decision,Baillon.5.player.success,Baillon.5.player.is_relevant,Baillon.5.player.payoff,Baillon.5.group.id_in_subsession,Baillon.5.subsession.round_number,Baillon.6.player.id_in_group,Baillon.6.player.BaillonQ1,Baillon.6.player.BaillonQ2,Baillon.6.player.BaillonQ3,Baillon.6.player.BaillonQ4,Baillon.6.player.BaillonQ5,Baillon.6.player.CQ2,Baillon.6.player.review_weather,Baillon.6.player.review_instructions,Baillon.6.player.window_width,Baillon.6.player.window_height,Baillon.6.player.browser,Baillon.6.player.baillon_equivalent,Baillon.6.player.pivotal_lottery,Baillon.6.player.payment_mechanism,Baillon.6.player.random_draw,Baillon.6.player.event_decision,Baillon.6.player.success,Baillon.6.player.is_relevant,Baillon.6.player.payoff,Baillon.6.group.id_in_subsession,Baillon.6.subsession.round_number,MPP.1.player.id_in_group,MPP.1.player.review_weather,MPP.1.player.review_instructions,MPP.1.player.window_width,MPP.1.player.window_height,MPP.1.player.browser,MPP.1.player.FEV1,MPP.1.player.lower_bound,MPP.1.player.diff_LB,MPP.1.player.costs_LB,MPP.1.player.chance_LB,MPP.1.player.best_guess,MPP.1.player.diff_BG,MPP.1.player.costs_BG,MPP.1.player.chance_BG,MPP.1.player.upper_bound,MPP.1.player.diff_UB,MPP.1.player.costs_UB,MPP.1.player.chance_UB,MPP.1.player.total_chance,MPP.1.player.random_draw,MPP.1.player.success,MPP.1.player.is_relevant,MPP.1.player.payoff,MPP.1.group.id_in_subsession,MPP.1.subsession.round_number,postBaillon.1.player.id_in_group,postBaillon.1.player.BaillonQ1,postBaillon.1.player.BaillonQ2,postBaillon.1.player.BaillonQ3,postBaillon.1.player.BaillonQ4,postBaillon.1.player.BaillonQ5,postBaillon.1.player.CQ2,postBaillon.1.player.review_weather,postBaillon.1.player.review_instructions,postBaillon.1.player.window_width,postBaillon.1.player.window_height,postBaillon.1.player.browser,postBaillon.1.player.baillon_equivalent,postBaillon.1.player.pivotal_lottery,postBaillon.1.player.payment_mechanism,postBaillon.1.player.random_draw,postBaillon.1.player.event_decision,postBaillon.1.player.success,postBaillon.1.player.is_relevant,postBaillon.1.player.payoff,postBaillon.1.group.id_in_subsession,postBaillon.1.subsession.round_number,postBaillon.2.player.id_in_group,postBaillon.2.player.BaillonQ1,postBaillon.2.player.BaillonQ2,postBaillon.2.player.BaillonQ3,postBaillon.2.player.BaillonQ4,postBaillon.2.player.BaillonQ5,postBaillon.2.player.CQ2,postBaillon.2.player.review_weather,postBaillon.2.player.review_instructions,postBaillon.2.player.window_width,postBaillon.2.player.window_height,postBaillon.2.player.browser,postBaillon.2.player.baillon_equivalent,postBaillon.2.player.pivotal_lottery,postBaillon.2.player.payment_mechanism,postBaillon.2.player.random_draw,postBaillon.2.player.event_decision,postBaillon.2.player.success,postBaillon.2.player.is_relevant,postBaillon.2.player.payoff,postBaillon.2.group.id_in_subsession,postBaillon.2.subsession.round_number,postBaillon.3.player.id_in_group,postBaillon.3.player.BaillonQ1,postBaillon.3.player.BaillonQ2,postBaillon.3.player.BaillonQ3,postBaillon.3.player.BaillonQ4,postBaillon.3.player.BaillonQ5,postBaillon.3.player.CQ2,postBaillon.3.player.review_weather,postBaillon.3.player.review_instructions,postBaillon.3.player.window_width,postBaillon.3.player.window_height,postBaillon.3.player.browser,postBaillon.3.player.baillon_equivalent,postBaillon.3.player.pivotal_lottery,postBaillon.3.player.payment_mechanism,postBaillon.3.player.random_draw,postBaillon.3.player.event_decision,postBaillon.3.player.success,postBaillon.3.player.is_relevant,postBaillon.3.player.payoff,postBaillon.3.group.id_in_subsession,postBaillon.3.subsession.round_number,postBaillon.4.player.id_in_group,postBaillon.4.player.BaillonQ1,postBaillon.4.player.BaillonQ2,postBaillon.4.player.BaillonQ3,postBaillon.4.player.BaillonQ4,postBaillon.4.player.BaillonQ5,postBaillon.4.player.CQ2,postBaillon.4.player.review_weather,postBaillon.4.player.review_instructions,postBaillon.4.player.window_width,postBaillon.4.player.window_height,postBaillon.4.player.browser,postBaillon.4.player.baillon_equivalent,postBaillon.4.player.pivotal_lottery,postBaillon.4.player.payment_mechanism,postBaillon.4.player.random_draw,postBaillon.4.player.event_decision,postBaillon.4.player.success,postBaillon.4.player.is_relevant,postBaillon.4.player.payoff,postBaillon.4.group.id_in_subsession,postBaillon.4.subsession.round_number,postBaillon.5.player.id_in_group,postBaillon.5.player.BaillonQ1,postBaillon.5.player.BaillonQ2,postBaillon.5.player.BaillonQ3,postBaillon.5.player.BaillonQ4,postBaillon.5.player.BaillonQ5,postBaillon.5.player.CQ2,postBaillon.5.player.review_weather,postBaillon.5.player.review_instructions,postBaillon.5.player.window_width,postBaillon.5.player.window_height,postBaillon.5.player.browser,postBaillon.5.player.baillon_equivalent,postBaillon.5.player.pivotal_lottery,postBaillon.5.player.payment_mechanism,postBaillon.5.player.random_draw,postBaillon.5.player.event_decision,postBaillon.5.player.success,postBaillon.5.player.is_relevant,postBaillon.5.player.payoff,postBaillon.5.group.id_in_subsession,postBaillon.5.subsession.round_number,postBaillon.6.player.id_in_group,postBaillon.6.player.BaillonQ1,postBaillon.6.player.BaillonQ2,postBaillon.6.player.BaillonQ3,postBaillon.6.player.BaillonQ4,postBaillon.6.player.BaillonQ5,postBaillon.6.player.CQ2,postBaillon.6.player.review_weather,postBaillon.6.player.review_instructions,postBaillon.6.player.window_width,postBaillon.6.player.window_height,postBaillon.6.player.browser,postBaillon.6.player.baillon_equivalent,postBaillon.6.player.pivotal_lottery,postBaillon.6.player.payment_mechanism,postBaillon.6.player.random_draw,postBaillon.6.player.event_decision,postBaillon.6.player.success,postBaillon.6.player.is_relevant,postBaillon.6.player.payoff,postBaillon.6.group.id_in_subsession,postBaillon.6.subsession.round_number,postMPP.1.player.id_in_group,postMPP.1.player.review_weather,postMPP.1.player.review_instructions,postMPP.1.player.window_width,postMPP.1.player.window_height,postMPP.1.player.browser,postMPP.1.player.FEV1,postMPP.1.player.lower_bound,postMPP.1.player.diff_LB,postMPP.1.player.costs_LB,postMPP.1.player.chance_LB,postMPP.1.player.best_guess,postMPP.1.player.diff_BG,postMPP.1.player.costs_BG,postMPP.1.player.chance_BG,postMPP.1.player.upper_bound,postMPP.1.player.diff_UB,postMPP.1.player.costs_UB,postMPP.1.player.chance_UB,postMPP.1.player.total_chance,postMPP.1.player.random_draw,postMPP.1.player.success,postMPP.1.player.is_relevant,postMPP.1.player.payoff,postMPP.1.group.id_in_subsession,postMPP.1.subsession.round_number,terminate.1.player.id_in_group,terminate.1.player.Age,terminate.1.player.Gender,terminate.1.player.Education,terminate.1.player.Income,terminate.1.player.Comprehension,terminate.1.player.Usage,terminate.1.player.Accuracy,terminate.1.player.Authenticity,terminate.1.player.Credibility,terminate.1.player.CLICCS1,terminate.1.player.CLICCS2,terminate.1.player.payoff,terminate.1.group.id_in_subsession,terminate.1.subsession.round_number
1,qoaweomu,,1,63,63,terminate,Results,2021-01-08 12:48:40.530884+00:00,1,,,10.00,13.00,lmkwh0ai,,,,,0,random,1.0,random,3.00,1,Weiskirchen,both,0.00,1,1,1,,,,,,8,2,3,16,9,Chrome Test,67,18,Wette,26,E13,0,0,0.00,1,1,1,,,,,,8,2,1,16,9,Chrome Test,54,22,Wette,43,E1,0,0,0.00,1,2,1,,,,,,8,1,1,16,9,Chrome Test,25,14,Wette,64,E12,1,0,0.00,1,3,1,,,,,,8,1,1,16,9,Chrome Test,46,68,Lotterie,13,E3,1,0,0.00,1,4,1,,,,,,8,2,1,16,9,Chrome Test,95,58,Wette,63,E2,1,0,0.00,1,5,1,,,,,,8,1,2,16,9,Chrome Test,41,26,Wette,24,E23,1,1,10.00,1,6,1,2,1,16,9,Chrome Test,,11.0,2.0,18.0,32.0,13.0,4.0,12.0,38.0,15.0,6.0,18.0,32.0,68,35,1,,0.00,1,1,1,,,,,,8,1,0,16,9,Chrome Test,54,28,Wette,12,E13,0,0,0.00,1,1,1,,,,,,8,2,0,16,9,Chrome Test,83,90,Lotterie,2,E2,1,0,0.00,1,2,1,,,,,,8,2,0,16,9,Chrome Test,40,88,Lotterie,18,E1,1,0,0.00,1,3,1,,,,,,8,2,0,16,9,Chrome Test,15,27,Lotterie,36,E3,0,0,0.00,1,4,1,,,,,,8,1,0,16,9,Chrome Test,100,29,Wette,6,E23,1,0,0.00,1,5,1,,,,,,8,2,0,16,9,Chrome Test,3,29,Lotterie,81,E12,0,0,0.00,1,6,1,1,0,16,9,Chrome Test,,14.0,5.0,45.0,5.0,16.0,7.0,21.0,29.0,18.0,9.0,27.0,23.0,38,68,0,,0.00,1,1,1,27,diverse,uni,48518,yes,3,-1,2,-1,test1,test2,0.00,1,1
2,cehlb5b7,,1,63,63,terminate,Results,2021-01-08 12:48:40.579434+00:00,1,,,10.00,13.00,lmkwh0ai,,,,,0,random,1.0,random,3.00,2,Weiskirchen,both,0.00,1,1,2,,,,,,8,1,2,16,9,Chrome Test,19,93,Lotterie,70,E1,1,0,0.00,1,1,2,,,,,,8,2,3,16,9,Chrome Test,31,48,Lotterie,9,E13,1,0,0.00,1,2,2,,,,,,8,2,2,16,9,Chrome Test,15,13,Wette,99,E12,1,0,0.00,1,3,2,,,,,,8,2,1,16,9,Chrome Test,18,69,Lotterie,12,E23,1,0,0.00,1,4,2,,,,,,8,2,2,16,9,Chrome Test,77,76,Wette,61,E3,0,0,0.00,1,5,2,,,,,,8,1,3,16,9,Chrome Test,77,59,Wette,17,E2,1,0,0.00,1,6,2,1,3,16,9,Chrome Test,,9.0,0.0,0.0,50.0,12.0,3.0,9.0,41.0,15.0,6.0,18.0,32.0,82,36,1,1,10.00,1,1,2,,,,,,8,1,0,16,9,Chrome Test,11,87,Lotterie,56,E2,1,0,0.00,1,1,2,,,,,,8,1,0,16,9,Chrome Test,48,22,Wette,8,E23,1,0,0.00,1,2,2,,,,,,8,1,0,16,9,Chrome Test,25,82,Lotterie,14,E12,1,0,0.00,1,3,2,,,,,,8,2,0,16,9,Chrome Test,20,36,Lotterie,88,E13,0,0,0.00,1,4,2,,,,,,8,2,0,16,9,Chrome Test,20,24,Lotterie,75,E3,0,0,0.00,1,5,2,,,,,,8,2,0,16,9,Chrome Test,33,72,Lotterie,80,E1,0,0,0.00,1,6,2,2,0,16,9,Chrome Test,,12.0,3.0,27.0,23.0,15.0,6.0,18.0,32.0,16.0,7.0,21.0,29.0,57,22,1,,0.00,1,1,2,82,diverse,uni,48593,yes,1,0,-1,1,test1,test2,0.00,1,1
3,wfqtpuxu,,1,63,63,terminate,Results,2021-01-08 12:48:40.602873+00:00,1,,,0.00,3.00,lmkwh0ai,,,,,0,random,1.0,random,3.00,3,Weiskirchen,best_guess,0.00,1,1,3,,,,,,8,2,4,16,9,Chrome Test,45,54,Lotterie,43,E2,1,0,0.00,1,1,3,,,,,,8,2,3,16,9,Chrome Test,35,25,Wette,67,E1,0,0,0.00,1,2,3,,,,,,8,2,1,16,9,Chrome Test,78,13,Wette,82,E13,0,0,0.00,1,3,3,,,,,,8,2,3,16,9,Chrome Test,50,14,Wette,15,E12,1,0,0.00,1,4,3,,,,,,8,2,3,16,9,Chrome Test,87,34,Wette,10,E23,1,0,0.00,1,5,3,,,,,,8,1,2,16,9,Chrome Test,7,29,Lotterie,43,E3,0,0,0.00,1,6,3,1,4,16,9,Chrome Test,,13.0,4.0,36.0,14.0,16.0,7.0,21.0,29.0,17.0,8.0,24.0,26.0,46,50,0,,0.00,1,1,3,,,,,,8,2,0,16,9,Chrome Test,51,96,Lotterie,89,E3,1,0,0.00,1,1,3,,,,,,8,2,0,16,9,Chrome Test,23,5,Wette,44,E12,1,0,0.00,1,2,3,,,,,,8,1,0,16,9,Chrome Test,97,16,Wette,31,E23,1,0,0.00,1,3,3,,,,,,8,2,0,16,9,Chrome Test,49,77,Lotterie,53,E2,1,0,0.00,1,4,3,,,,,,8,2,0,16,9,Chrome Test,66,23,Wette,9,E13,0,0,0.00,1,5,3,,,,,,8,2,0,16,9,Chrome Test,72,84,Lotterie,72,E1,1,0,0.00,1,6,3,2,0,16,9,Chrome Test,,6.0,-3.0,9.0,41.0,9.0,0.0,0.0,50.0,10.0,1.0,3.0,47.0,92,94,0,1,0.00,1,1,3,36,diverse,uni,41450,yes,3,-2,2,2,test1,test2,0.00,1,1
4,fyhoq79p,,1,63,63,terminate,Results,2021-01-08 12:48:40.628508+00:00,1,,,10.00,13.00,lmkwh0ai,,,,,0,random,1.0,random,3.00,4,Weiskirchen,best_guess,0.00,1,1,4,,,,,,8,1,1,16,9,Chrome Test,68,42,Wette,24,E23,1,0,0.00,1,1,4,,,,,,8,2,3,16,9,Chrome Test,62,85,Lotterie,93,E13,0,0,0.00,1,2,4,,,,,,8,1,2,16,9,Chrome Test,50,70,Lotterie,3,E1,1,0,0.00,1,3,4,,,,,,8,2,2,16,9,Chrome Test,74,89,Lotterie,91,E12,0,0,0.00,1,4,4,,,,,,8,1,2,16,9,Chrome Test,76,29,Wette,20,E2,1,0,0.00,1,5,4,,,,,,8,1,2,16,9,Chrome Test,93,0,Wette,95,E3,0,0,0.00,1,6,4,2,3,16,9,Chrome Test,,12.0,3.0,27.0,23.0,13.0,4.0,12.0,38.0,14.0,5.0,15.0,35.0,64,0,1,,0.00,1,1,4,,,,,,8,2,0,16,9,Chrome Test,49,59,Lotterie,34,E2,1,0,0.00,1,1,4,,,,,,8,2,0,16,9,Chrome Test,88,20,Wette,78,E13,0,0,0.00,1,2,4,,,,,,8,1,0,16,9,Chrome Test,31,77,Lotterie,5,E12,1,1,10.00,1,3,4,,,,,,8,2,0,16,9,Chrome Test,72,21,Wette,87,E3,0,0,0.00,1,4,4,,,,,,8,2,0,16,9,Chrome Test,67,31,Wette,34,E23,1,0,0.00,1,5,4,,,,,,8,1,0,16,9,Chrome Test,44,51,Lotterie,75,E1,0,0,0.00,1,6,4,2,0,16,9,Chrome Test,,5.0,-4.0,12.0,38.0,8.0,-1.0,3.0,47.0,9.0,0.0,0.0,50.0,90,5,1,,0.00,1,1,4,47,diverse,uni,44232,yes,0,-2,0,-1,test1,test2,0.00,1,1
5,ne4f5eqq,,1,63,63,terminate,Results,2021-01-08 12:48:40.651745+00:00,1,,,10.00,13.00,lmkwh0ai,,,,,0,random,1.0,random,3.00,5,Ilomantsi,interval,0.00,1,1,5,,,,,,8,1,2,16,9,Chrome Test,65,33,Wette,61,E3,0,0,0.00,1,1,5,,,,,,8,2,2,16,9,Chrome Test,37,26,Wette,24,E12,1,0,0.00,1,2,5,,,,,,8,2,4,16,9,Chrome Test,30,16,Wette,74,E2,0,0,0.00,1,3,5,,,,,,8,1,4,16,9,Chrome Test,76,87,Lotterie,7,E13,1,0,0.00,1,4,5,,,,,,8,1,2,16,9,Chrome Test,84,32,Wette,59,E23,0,0,0.00,1,5,5,,,,,,8,1,3,16,9,Chrome Test,50,75,Lotterie,9,E1,1,1,10.00,1,6,5,1,2,16,9,Chrome Test,,10.0,7.0,63.0,-13.0,12.0,9.0,27.0,23.0,13.0,10.0,30.0,20.0,20,9,1,,0.00,1,1,5,,,,,,8,2,0,16,9,Chrome Test,82,57,Wette,52,E1,1,0,0.00,1,1,5,,,,,,8,2,0,16,9,Chrome Test,78,69,Wette,77,E12,1,0,0.00,1,2,5,,,,,,8,1,0,16,9,Chrome Test,12,98,Lotterie,7,E13,1,0,0.00,1,3,5,,,,,,8,1,0,16,9,Chrome Test,59,85,Lotterie,87,E23,0,0,0.00,1,4,5,,,,,,8,1,0,16,9,Chrome Test,36,86,Lotterie,26,E2,1,0,0.00,1,5,5,,,,,,8,1,0,16,9,Chrome Test,89,48,Wette,48,E3,0,0,0.00,1,6,5,2,0,16,9,Chrome Test,,7.0,4.0,36.0,14.0,8.0,5.0,15.0,35.0,9.0,6.0,18.0,32.0,54,29,1,,0.00,1,1,5,18,diverse,uni,50378,yes,4,-1,1,1,test1,test2,0.00,1,1
6,kdpey4ke,,1,63,63,terminate,Results,2021-01-08 12:48:40.674756+00:00,1,,,10.00,13.00,lmkwh0ai,,,,,0,random,1.0,random,3.00,6,Weiskirchen,best_guess,0.00,1,1,6,,,,,,8,1,4,16,9,Chrome Test,89,59,Wette,98,E1,0,0,0.00,1,1,6,,,,,,8,2,2,16,9,Chrome Test,75,50,Wette,6,E13,0,0,0.00,1,2,6,,,,,,8,2,4,16,9,Chrome Test,68,41,Wette,33,E2,1,0,0.00,1,3,6,,,,,,8,1,2,16,9,Chrome Test,70,11,Wette,61,E12,1,0,0.00,1,4,6,,,,,,8,2,1,16,9,Chrome Test,66,85,Lotterie,68,E23,1,0,0.00,1,5,6,,,,,,8,1,1,16,9,Chrome Test,18,63,Lotterie,34,E3,1,0,0.00,1,6,6,2,4,16,9,Chrome Test,,10.0,1.0,9.0,41.0,11.0,2.0,6.0,44.0,12.0,3.0,9.0,41.0,84,54,1,,0.00,1,1,6,,,,,,8,2,0,16,9,Chrome Test,55,80,Lotterie,67,E13,1,0,0.00,1,1,6,,,,,,8,1,0,16,9,Chrome Test,40,10,Wette,66,E12,1,0,0.00,1,2,6,,,,,,8,2,0,16,9,Chrome Test,36,85,Lotterie,36,E1,1,0,0.00,1,3,6,,,,,,8,1,0,16,9,Chrome Test,82,77,Wette,59,E23,1,0,0.00,1,4,6,,,,,,8,2,0,16,9,Chrome Test,74,46,Wette,88,E2,1,0,0.00,1,5,6,,,,,,8,1,0,16,9,Chrome Test,42,67,Lotterie,29,E3,1,0,0.00,1,6,6,2,0,16,9,Chrome Test,,14.0,5.0,45.0,5.0,16.0,7.0,21.0,29.0,18.0,9.0,27.0,23.0,38,34,1,1,10.00,1,1,6,40,diverse,uni,69605,yes,0,-2,-1,-2,test1,test2,0.00,1,1
7,pfrg2n46,,1,63,63,terminate,Results,2021-01-08 12:48:40.697905+00:00,1,,,10.00,13.00,lmkwh0ai,,,,,0,random,1.0,random,3.00,7,Weiskirchen,interval,0.00,1,1,7,,,,,,8,2,2,16,9,Chrome Test,38,90,Lotterie,31,E23,1,0,0.00,1,1,7,,,,,,8,2,3,16,9,Chrome Test,96,9,Wette,11,E3,0,0,0.00,1,2,7,,,,,,8,1,3,16,9,Chrome Test,82,36,Wette,61,E12,1,0,0.00,1,3,7,,,,,,8,1,1,16,9,Chrome Test,9,51,Lotterie,14,E13,1,0,0.00,1,4,7,,,,,,8,2,4,16,9,Chrome Test,93,8,Wette,97,E2,1,0,0.00,1,5,7,,,,,,8,1,2,16,9,Chrome Test,22,63,Lotterie,9,E1,1,0,0.00,1,6,7,1,2,16,9,Chrome Test,,7.0,-2.0,6.0,44.0,8.0,-1.0,3.0,47.0,10.0,1.0,3.0,47.0,92,9,1,,0.00,1,1,7,,,,,,8,2,0,16,9,Chrome Test,8,88,Lotterie,51,E3,1,0,0.00,1,1,7,,,,,,8,1,0,16,9,Chrome Test,54,63,Lotterie,17,E12,1,1,10.00,1,2,7,,,,,,8,2,0,16,9,Chrome Test,2,56,Lotterie,72,E1,0,0,0.00,1,3,7,,,,,,8,1,0,16,9,Chrome Test,31,70,Lotterie,91,E23,0,0,0.00,1,4,7,,,,,,8,2,0,16,9,Chrome Test,63,91,Lotterie,78,E13,1,0,0.00,1,5,7,,,,,,8,2,0,16,9,Chrome Test,44,8,Wette,78,E2,1,0,0.00,1,6,7,2,0,16,9,Chrome Test,,14.0,5.0,45.0,5.0,16.0,7.0,21.0,29.0,19.0,10.0,30.0,20.0,36,80,0,,0.00,1,1,7,18,diverse,uni,63205,yes,0,0,0,2,test1,test2,0.00,1,1
8,35xx1op0,,1,63,63,terminate,Results,2021-01-08 12:48:40.755673+00:00,1,,,0.00,3.00,lmkwh0ai,,,,,0,random,1.0,random,3.00,8,Weiskirchen,best_guess,0.00,1,1,8,,,,,,8,2,3,16,9,Chrome Test,6,53,Lotterie,52,E12,1,0,0.00,1,1,8,,,,,,8,2,2,16,9,Chrome Test,36,18,Wette,48,E23,1,0,0.00,1,2,8,,,,,,8,2,3,16,9,Chrome Test,63,37,Wette,12,E1,0,0,0.00,1,3,8,,,,,,8,1,4,16,9,Chrome Test,26,48,Lotterie,43,E3,1,0,0.00,1,4,8,,,,,,8,1,3,16,9,Chrome Test,53,53,Lotterie,65,E2,0,1,0.00,1,5,8,,,,,,8,2,3,16,9,Chrome Test,53,42,Wette,53,E13,0,0,0.00,1,6,8,2,4,16,9,Chrome Test,,15.0,6.0,54.0,-4.0,16.0,7.0,21.0,29.0,19.0,10.0,30.0,20.0,30,43,0,,0.00,1,1,8,,,,,,8,1,0,16,9,Chrome Test,56,89,Lotterie,67,E3,1,0,0.00,1,1,8,,,,,,8,1,0,16,9,Chrome Test,27,32,Lotterie,76,E12,0,0,0.00,1,2,8,,,,,,8,2,0,16,9,Chrome Test,43,58,Lotterie,75,E23,0,0,0.00,1,3,8,,,,,,8,1,0,16,9,Chrome Test,65,8,Wette,73,E2,1,0,0.00,1,4,8,,,,,,8,2,0,16,9,Chrome Test,75,97,Lotterie,9,E1,1,0,0.00,1,5,8,,,,,,8,1,0,16,9,Chrome Test,64,19,Wette,1,E13,0,0,0.00,1,6,8,1,0,16,9,Chrome Test,,7.0,-2.0,6.0,44.0,8.0,-1.0,3.0,47.0,10.0,1.0,3.0,47.0,92,47,1,,0.00,1,1,8,38,diverse,uni,65577,yes,0,1,-1,1,test1,test2,0.00,1,1
9,fs70zelj,,1,63,63,terminate,Results,2021-01-08 12:48:40.782699+00:00,1,,,10.00,13.00,lmkwh0ai,,,,,0,random,1.0,random,3.00,9,Weiskirchen,interval,0.00,1,1,9,,,,,,8,2,4,16,9,Chrome Test,11,71,Lotterie,56,E3,1,0,0.00,1,1,9,,,,,,8,1,1,16,9,Chrome Test,43,28,Wette,89,E1,0,0,0.00,1,2,9,,,,,,8,1,1,16,9,Chrome Test,51,64,Lotterie,45,E2,1,0,0.00,1,3,9,,,,,,8,1,3,16,9,Chrome Test,34,89,Lotterie,95,E12,0,0,0.00,1,4,9,,,,,,8,1,3,16,9,Chrome Test,10,23,Lotterie,68,E23,0,0,0.00,1,5,9,,,,,,8,1,1,16,9,Chrome Test,51,5,Wette,79,E13,0,0,0.00,1,6,9,2,4,16,9,Chrome Test,,8.0,-1.0,3.0,47.0,10.0,1.0,3.0,47.0,13.0,4.0,12.0,38.0,88,74,1,1,10.00,1,1,9,,,,,,8,2,0,16,9,Chrome Test,59,88,Lotterie,32,E23,1,0,0.00,1,1,9,,,,,,8,2,0,16,9,Chrome Test,87,57,Wette,94,E13,0,0,0.00,1,2,9,,,,,,8,2,0,16,9,Chrome Test,16,96,Lotterie,98,E12,0,0,0.00,1,3,9,,,,,,8,1,0,16,9,Chrome Test,81,18,Wette,53,E2,1,0,0.00,1,4,9,,,,,,8,2,0,16,9,Chrome Test,62,49,Wette,7,E3,0,0,0.00,1,5,9,,,,,,8,2,0,16,9,Chrome Test,80,73,Wette,90,E1,0,0,0.00,1,6,9,1,0,16,9,Chrome Test,,14.0,5.0,45.0,5.0,15.0,6.0,18.0,32.0,16.0,7.0,21.0,29.0,44,72,0,,0.00,1,1,9,49,diverse,uni,63678,yes,0,-1,-2,-1,test1,test2,0.00,1,1
10,py14rtw6,,1,63,63,terminate,Results,2021-01-08 12:48:40.809113+00:00,1,,,10.00,13.00,lmkwh0ai,,,,,0,random,1.0,random,3.00,10,Weiskirchen,best_guess,0.00,1,1,10,,,,,,8,2,3,16,9,Chrome Test,97,8,Wette,37,E1,0,0,0.00,1,1,10,,,,,,8,2,1,16,9,Chrome Test,29,64,Lotterie,11,E2,1,0,0.00,1,2,10,,,,,,8,2,1,16,9,Chrome Test,38,56,Lotterie,10,E12,1,0,0.00,1,3,10,,,,,,8,1,3,16,9,Chrome Test,24,46,Lotterie,13,E23,1,0,0.00,1,4,10,,,,,,8,1,2,16,9,Chrome Test,41,98,Lotterie,63,E3,1,0,0.00,1,5,10,,,,,,8,1,3,16,9,Chrome Test,94,86,Wette,26,E13,0,0,0.00,1,6,10,2,4,16,9,Chrome Test,,11.0,2.0,18.0,32.0,13.0,4.0,12.0,38.0,14.0,5.0,15.0,35.0,70,61,1,,0.00,1,1,10,,,,,,8,1,0,16,9,Chrome Test,14,30,Lotterie,65,E3,0,0,0.00,1,1,10,,,,,,8,2,0,16,9,Chrome Test,16,46,Lotterie,42,E13,1,1,10.00,1,2,10,,,,,,8,2,0,16,9,Chrome Test,94,66,Wette,86,E1,0,0,0.00,1,3,10,,,,,,8,2,0,16,9,Chrome Test,19,10,Wette,77,E12,1,0,0.00,1,4,10,,,,,,8,1,0,16,9,Chrome Test,15,50,Lotterie,78,E2,0,0,0.00,1,5,10,,,,,,8,1,0,16,9,Chrome Test,71,41,Wette,20,E23,1,0,0.00,1,6,10,1,0,16,9,Chrome Test,,7.0,-2.0,6.0,44.0,8.0,-1.0,3.0,47.0,10.0,1.0,3.0,47.0,92,35,1,,0.00,1,1,10,67,diverse,uni,66965,yes,1,-2,1,2,test1,test2,0.00,1,1
11,hp0urhc7,,1,63,63,terminate,Results,2021-01-08 12:48:40.833091+00:00,1,,,10.00,13.00,lmkwh0ai,,,,,0,random,1.0,random,3.00,11,Weiskirchen,interval,0.00,1,1,11,,,,,,8,1,4,16,9,Chrome Test,27,57,Lotterie,40,E23,1,0,0.00,1,1,11,,,,,,8,1,1,16,9,Chrome Test,53,80,Lotterie,39,E1,1,0,0.00,1,2,11,,,,,,8,1,1,16,9,Chrome Test,62,9,Wette,54,E13,0,0,0.00,1,3,11,,,,,,8,1,3,16,9,Chrome Test,65,44,Wette,77,E2,1,0,0.00,1,4,11,,,,,,8,2,4,16,9,Chrome Test,80,37,Wette,77,E3,0,0,0.00,1,5,11,,,,,,8,1,1,16,9,Chrome Test,38,86,Lotterie,85,E12,1,0,0.00,1,6,11,1,3,16,9,Chrome Test,,14.0,5.0,45.0,5.0,16.0,7.0,21.0,29.0,19.0,10.0,30.0,20.0,36,23,1,1,10.00,1,1,11,,,,,,8,1,0,16,9,Chrome Test,11,25,Lotterie,61,E1,0,0,0.00,1,1,11,,,,,,8,1,0,16,9,Chrome Test,60,70,Lotterie,57,E2,1,0,0.00,1,2,11,,,,,,8,1,0,16,9,Chrome Test,100,20,Wette,50,E23,1,0,0.00,1,3,11,,,,,,8,2,0,16,9,Chrome Test,4,60,Lotterie,26,E3,1,0,0.00,1,4,11,,,,,,8,2,0,16,9,Chrome Test,97,59,Wette,94,E13,0,0,0.00,1,5,11,,,,,,8,2,0,16,9,Chrome Test,34,65,Lotterie,5,E12,1,0,0.00,1,6,11,1,0,16,9,Chrome Test,,11.0,2.0,18.0,32.0,13.0,4.0,12.0,38.0,16.0,7.0,21.0,29.0,66,95,0,,0.00,1,1,11,41,diverse,uni,47231,yes,4,0,0,2,test1,test2,0.00,1,1
12,7ursidbg,,1,63,63,terminate,Results,2021-01-08 12:48:40.856597+00:00,1,,,10.00,13.00,lmkwh0ai,,,,,0,random,1.0,random,3.00,12,Weiskirchen,interval,0.00,1,1,12,,,,,,8,2,1,16,9,Chrome Test,96,7,Wette,86,E12,1,0,0.00,1,1,12,,,,,,8,2,4,16,9,Chrome Test,51,64,Lotterie,58,E23,1,0,0.00,1,2,12,,,,,,8,2,3,16,9,Chrome Test,63,41,Wette,55,E13,0,0,0.00,1,3,12,,,,,,8,1,3,16,9,Chrome Test,27,43,Lotterie,55,E1,0,0,0.00,1,4,12,,,,,,8,1,2,16,9,Chrome Test,7,47,Lotterie,94,E3,0,0,0.00,1,5,12,,,,,,8,2,2,16,9,Chrome Test,17,6,Wette,34,E2,1,0,0.00,1,6,12,1,4,16,9,Chrome Test,,12.0,3.0,27.0,23.0,13.0,4.0,12.0,38.0,15.0,6.0,18.0,32.0,62,4,1,1,10.00,1,1,12,,,,,,8,1,0,16,9,Chrome Test,14,37,Lotterie,50,E2,0,0,0.00,1,1,12,,,,,,8,1,0,16,9,Chrome Test,48,58,Lotterie,99,E3,0,0,0.00,1,2,12,,,,,,8,2,0,16,9,Chrome Test,4,45,Lotterie,82,E13,0,0,0.00,1,3,12,,,,,,8,2,0,16,9,Chrome Test,51,4,Wette,2,E1,0,0,0.00,1,4,12,,,,,,8,1,0,16,9,Chrome Test,1,79,Lotterie,0,E12,1,0,0.00,1,5,12,,,,,,8,2,0,16,9,Chrome Test,57,53,Wette,89,E23,1,0,0.00,1,6,12,1,0,16,9,Chrome Test,,11.0,2.0,18.0,32.0,13.0,4.0,12.0,38.0,16.0,7.0,21.0,29.0,66,94,0,,0.00,1,1,12,78,diverse,uni,62661,yes,4,-2,-1,0,test1,test2,0.00,1,1
13,xxffs9gr,,1,63,63,terminate,Results,2021-01-08 12:48:40.880916+00:00,1,,,10.00,13.00,lmkwh0ai,,,,,0,random,1.0,random,3.00,13,Ilomantsi,both,0.00,1,1,13,,,,,,8,2,4,16,9,Chrome Test,71,39,Wette,4,E3,0,0,0.00,1,1,13,,,,,,8,1,1,16,9,Chrome Test,66,5,Wette,91,E1,1,0,0.00,1,2,13,,,,,,8,1,3,16,9,Chrome Test,37,44,Lotterie,97,E2,0,0,0.00,1,3,13,,,,,,8,2,4,16,9,Chrome Test,17,36,Lotterie,22,E23,1,0,0.00,1,4,13,,,,,,8,2,2,16,9,Chrome Test,88,19,Wette,10,E12,1,0,0.00,1,5,13,,,,,,8,2,4,16,9,Chrome Test,87,26,Wette,83,E13,1,1,10.00,1,6,13,2,4,16,9,Chrome Test,,6.0,3.0,27.0,23.0,8.0,5.0,15.0,35.0,11.0,8.0,24.0,26.0,57,56,1,,0.00,1,1,13,,,,,,8,2,0,16,9,Chrome Test,46,86,Lotterie,75,E1,1,0,0.00,1,1,13,,,,,,8,1,0,16,9,Chrome Test,82,4,Wette,45,E3,0,0,0.00,1,2,13,,,,,,8,1,0,16,9,Chrome Test,66,53,Wette,17,E13,1,0,0.00,1,3,13,,,,,,8,1,0,16,9,Chrome Test,40,71,Lotterie,11,E12,1,0,0.00,1,4,13,,,,,,8,2,0,16,9,Chrome Test,13,13,Lotterie,27,E23,0,0,0.00,1,5,13,,,,,,8,1,0,16,9,Chrome Test,80,70,Wette,96,E2,0,0,0.00,1,6,13,2,0,16,9,Chrome Test,,5.0,2.0,18.0,32.0,8.0,5.0,15.0,35.0,11.0,8.0,24.0,26.0,62,40,1,,0.00,1,1,13,60,diverse,uni,38776,yes,1,-1,2,2,test1,test2,0.00,1,1
14,wwkocp3x,,1,63,63,terminate,Results,2021-01-08 12:48:40.904393+00:00,1,,,0.00,3.00,lmkwh0ai,,,,,0,random,1.0,random,3.00,14,Weiskirchen,both,0.00,1,1,14,,,,,,8,2,1,16,9,Chrome Test,28,18,Wette,49,E3,0,0,0.00,1,1,14,,,,,,8,2,1,16,9,Chrome Test,19,30,Lotterie,57,E12,0,0,0.00,1,2,14,,,,,,8,2,1,16,9,Chrome Test,9,29,Lotterie,55,E23,0,0,0.00,1,3,14,,,,,,8,2,2,16,9,Chrome Test,28,31,Lotterie,23,E13,1,0,0.00,1,4,14,,,,,,8,1,4,16,9,Chrome Test,24,84,Lotterie,41,E1,1,0,0.00,1,5,14,,,,,,8,1,3,16,9,Chrome Test,10,52,Lotterie,23,E2,1,0,0.00,1,6,14,2,4,16,9,Chrome Test,,13.0,4.0,36.0,14.0,16.0,7.0,21.0,29.0,18.0,9.0,27.0,23.0,44,3,1,,0.00,1,1,14,,,,,,8,2,0,16,9,Chrome Test,30,43,Lotterie,55,E23,0,0,0.00,1,1,14,,,,,,8,2,0,16,9,Chrome Test,76,43,Wette,78,E13,0,0,0.00,1,2,14,,,,,,8,2,0,16,9,Chrome Test,78,57,Wette,44,E1,0,0,0.00,1,3,14,,,,,,8,2,0,16,9,Chrome Test,3,51,Lotterie,75,E2,0,0,0.00,1,4,14,,,,,,8,1,0,16,9,Chrome Test,65,76,Lotterie,64,E12,1,0,0.00,1,5,14,,,,,,8,2,0,16,9,Chrome Test,74,38,Wette,98,E3,0,0,0.00,1,6,14,2,0,16,9,Chrome Test,,13.0,4.0,36.0,14.0,16.0,7.0,21.0,29.0,17.0,8.0,24.0,26.0,46,66,0,1,0.00,1,1,14,34,diverse,uni,52013,yes,0,2,-1,0,test1,test2,0.00,1,1
15,vcj5wlks,,1,63,63,terminate,Results,2021-01-08 12:48:40.928179+00:00,1,,,0.00,3.00,lmkwh0ai,,,,,0,random,1.0,random,3.00,15,Ilomantsi,both,0.00,1,1,15,,,,,,8,1,1,16,9,Chrome Test,64,69,Lotterie,32,E13,1,0,0.00,1,1,15,,,,,,8,2,2,16,9,Chrome Test,58,5,Wette,58,E23,0,0,0.00,1,2,15,,,,,,8,1,3,16,9,Chrome Test,72,65,Wette,26,E2,0,0,0.00,1,3,15,,,,,,8,2,4,16,9,Chrome Test,91,83,Wette,11,E3,0,0,0.00,1,4,15,,,,,,8,2,2,16,9,Chrome Test,32,84,Lotterie,50,E12,1,0,0.00,1,5,15,,,,,,8,2,2,16,9,Chrome Test,39,72,Lotterie,82,E1,0,0,0.00,1,6,15,2,4,16,9,Chrome Test,,10.0,7.0,63.0,-13.0,13.0,10.0,30.0,20.0,14.0,11.0,33.0,17.0,16,93,0,1,0.00,1,1,15,,,,,,8,2,0,16,9,Chrome Test,48,74,Lotterie,53,E3,1,0,0.00,1,1,15,,,,,,8,1,0,16,9,Chrome Test,38,40,Lotterie,73,E2,0,0,0.00,1,2,15,,,,,,8,1,0,16,9,Chrome Test,36,40,Lotterie,66,E12,0,0,0.00,1,3,15,,,,,,8,2,0,16,9,Chrome Test,27,54,Lotterie,32,E13,1,0,0.00,1,4,15,,,,,,8,2,0,16,9,Chrome Test,99,45,Wette,73,E23,0,0,0.00,1,5,15,,,,,,8,1,0,16,9,Chrome Test,9,95,Lotterie,42,E1,1,0,0.00,1,6,15,2,0,16,9,Chrome Test,,7.0,4.0,36.0,14.0,9.0,6.0,18.0,32.0,11.0,8.0,24.0,26.0,48,28,1,,0.00,1,1,15,79,diverse,uni,55870,yes,1,2,0,-1,test1,test2,0.00,1,1
16,uobyrtiu,,1,63,63,terminate,Results,2021-01-08 12:48:40.951175+00:00,1,,,10.00,13.00,lmkwh0ai,,,,,0,random,1.0,random,3.00,16,Ilomantsi,both,0.00,1,1,16,,,,,,8,1,3,16,9,Chrome Test,41,75,Lotterie,66,E3,1,0,0.00,1,1,16,,,,,,8,1,2,16,9,Chrome Test,68,87,Lotterie,51,E23,1,0,0.00,1,2,16,,,,,,8,2,1,16,9,Chrome Test,83,37,Wette,44,E2,0,0,0.00,1,3,16,,,,,,8,1,2,16,9,Chrome Test,60,6,Wette,56,E13,1,0,0.00,1,4,16,,,,,,8,1,2,16,9,Chrome Test,34,25,Wette,35,E12,1,0,0.00,1,5,16,,,,,,8,1,1,16,9,Chrome Test,25,63,Lotterie,54,E1,1,0,0.00,1,6,16,1,2,16,9,Chrome Test,,15.0,12.0,108.0,-58.0,16.0,13.0,39.0,11.0,17.0,14.0,42.0,8.0,0,67,0,,0.00,1,1,16,,,,,,8,1,0,16,9,Chrome Test,66,14,Wette,84,E12,1,1,10.00,1,1,16,,,,,,8,1,0,16,9,Chrome Test,82,64,Wette,92,E23,0,0,0.00,1,2,16,,,,,,8,2,0,16,9,Chrome Test,78,19,Wette,91,E2,0,0,0.00,1,3,16,,,,,,8,2,0,16,9,Chrome Test,84,85,Lotterie,21,E13,1,0,0.00,1,4,16,,,,,,8,1,0,16,9,Chrome Test,85,3,Wette,54,E3,0,0,0.00,1,5,16,,,,,,8,1,0,16,9,Chrome Test,88,19,Wette,12,E1,1,0,0.00,1,6,16,1,0,16,9,Chrome Test,,8.0,5.0,45.0,5.0,10.0,7.0,21.0,29.0,13.0,10.0,30.0,20.0,36,45,0,,0.00,1,1,16,29,diverse,uni,47409,yes,5,-2,-2,2,test1,test2,0.00,1,1
17,og8zo38q,,1,63,63,terminate,Results,2021-01-08 12:48:40.976135+00:00,1,,,10.00,13.00,lmkwh0ai,,,,,0,random,1.0,random,3.00,17,Weiskirchen,interval,0.00,1,1,17,,,,,,8,1,1,16,9,Chrome Test,74,93,Lotterie,57,E2,1,0,0.00,1,1,17,,,,,,8,2,4,16,9,Chrome Test,15,87,Lotterie,71,E12,1,0,0.00,1,2,17,,,,,,8,2,3,16,9,Chrome Test,27,50,Lotterie,40,E23,1,0,0.00,1,3,17,,,,,,8,2,2,16,9,Chrome Test,90,28,Wette,83,E3,0,0,0.00,1,4,17,,,,,,8,1,2,16,9,Chrome Test,96,61,Wette,21,E1,0,0,0.00,1,5,17,,,,,,8,2,1,16,9,Chrome Test,32,66,Lotterie,59,E13,1,0,0.00,1,6,17,1,4,16,9,Chrome Test,,6.0,-3.0,9.0,41.0,8.0,-1.0,3.0,47.0,11.0,2.0,6.0,44.0,88,84,1,1,10.00,1,1,17,,,,,,8,2,0,16,9,Chrome Test,18,27,Lotterie,92,E1,0,0,0.00,1,1,17,,,,,,8,2,0,16,9,Chrome Test,62,64,Lotterie,25,E2,1,0,0.00,1,2,17,,,,,,8,2,0,16,9,Chrome Test,83,99,Lotterie,60,E12,1,0,0.00,1,3,17,,,,,,8,2,0,16,9,Chrome Test,22,92,Lotterie,100,E3,0,0,0.00,1,4,17,,,,,,8,1,0,16,9,Chrome Test,87,24,Wette,75,E13,0,0,0.00,1,5,17,,,,,,8,2,0,16,9,Chrome Test,63,24,Wette,68,E23,1,0,0.00,1,6,17,2,0,16,9,Chrome Test,,8.0,-1.0,3.0,47.0,11.0,2.0,6.0,44.0,14.0,5.0,15.0,35.0,84,2,1,,0.00,1,1,17,92,diverse,uni,37707,yes,1,-2,-2,1,test1,test2,0.00,1,1
18,c39jiczy,,1,63,63,terminate,Results,2021-01-08 12:48:41.001356+00:00,1,,,10.00,13.00,lmkwh0ai,,,,,0,random,1.0,random,3.00,18,Weiskirchen,both,0.00,1,1,18,,,,,,8,1,4,16,9,Chrome Test,25,39,Lotterie,75,E3,0,0,0.00,1,1,18,,,,,,8,2,3,16,9,Chrome Test,85,74,Wette,90,E13,0,0,0.00,1,2,18,,,,,,8,1,4,16,9,Chrome Test,86,24,Wette,46,E12,1,1,10.00,1,3,18,,,,,,8,2,4,16,9,Chrome Test,12,61,Lotterie,83,E1,0,0,0.00,1,4,18,,,,,,8,2,1,16,9,Chrome Test,25,3,Wette,53,E2,1,0,0.00,1,5,18,,,,,,8,2,2,16,9,Chrome Test,22,19,Wette,65,E23,1,0,0.00,1,6,18,1,1,16,9,Chrome Test,,10.0,1.0,9.0,41.0,12.0,3.0,9.0,41.0,15.0,6.0,18.0,32.0,76,83,0,,0.00,1,1,18,,,,,,8,1,0,16,9,Chrome Test,81,6,Wette,56,E1,0,0,0.00,1,1,18,,,,,,8,2,0,16,9,Chrome Test,53,62,Lotterie,6,E3,1,0,0.00,1,2,18,,,,,,8,1,0,16,9,Chrome Test,86,17,Wette,37,E12,1,0,0.00,1,3,18,,,,,,8,1,0,16,9,Chrome Test,36,35,Wette,76,E23,1,0,0.00,1,4,18,,,,,,8,2,0,16,9,Chrome Test,9,49,Lotterie,44,E2,1,0,0.00,1,5,18,,,,,,8,2,0,16,9,Chrome Test,23,24,Lotterie,87,E13,0,0,0.00,1,6,18,1,0,16,9,Chrome Test,,5.0,-4.0,12.0,38.0,8.0,-1.0,3.0,47.0,11.0,2.0,6.0,44.0,86,5,1,,0.00,1,1,18,55,diverse,uni,31019,yes,2,-2,0,-1,test1,test2,0.00,1,1
19,4wp4nolr,,1,63,63,terminate,Results,2021-01-08 12:48:41.026675+00:00,1,,,10.00,13.00,lmkwh0ai,,,,,0,random,1.0,random,3.00,19,Ilomantsi,interval,0.00,1,1,19,,,,,,8,1,2,16,9,Chrome Test,21,18,Wette,10,E13,1,0,0.00,1,1,19,,,,,,8,2,4,16,9,Chrome Test,74,0,Wette,97,E1,1,1,10.00,1,2,19,,,,,,8,2,4,16,9,Chrome Test,25,1,Wette,67,E23,0,0,0.00,1,3,19,,,,,,8,2,3,16,9,Chrome Test,2,30,Lotterie,59,E2,0,0,0.00,1,4,19,,,,,,8,2,2,16,9,Chrome Test,78,41,Wette,39,E3,0,0,0.00,1,5,19,,,,,,8,2,4,16,9,Chrome Test,32,64,Lotterie,11,E12,1,0,0.00,1,6,19,2,1,16,9,Chrome Test,,14.0,11.0,99.0,-49.0,15.0,12.0,36.0,14.0,17.0,14.0,42.0,8.0,0,0,0,,0.00,1,1,19,,,,,,8,1,0,16,9,Chrome Test,49,3,Wette,36,E2,0,0,0.00,1,1,19,,,,,,8,2,0,16,9,Chrome Test,93,80,Wette,26,E12,1,0,0.00,1,2,19,,,,,,8,1,0,16,9,Chrome Test,43,91,Lotterie,80,E13,1,0,0.00,1,3,19,,,,,,8,2,0,16,9,Chrome Test,73,70,Wette,56,E23,0,0,0.00,1,4,19,,,,,,8,2,0,16,9,Chrome Test,99,19,Wette,48,E3,0,0,0.00,1,5,19,,,,,,8,2,0,16,9,Chrome Test,97,87,Wette,22,E1,1,0,0.00,1,6,19,1,0,16,9,Chrome Test,,10.0,7.0,63.0,-13.0,13.0,10.0,30.0,20.0,16.0,13.0,39.0,11.0,12,81,0,,0.00,1,1,19,82,diverse,uni,37684,yes,3,-1,1,2,test1,test2,0.00,1,1
20,z532gukn,,1,63,63,terminate,Results,2021-01-08 12:48:41.050974+00:00,1,,,10.00,13.00,lmkwh0ai,,,,,0,random,1.0,random,3.00,20,Weiskirchen,interval,0.00,1,1,20,,,,,,8,2,4,16,9,Chrome Test,26,23,Wette,30,E3,0,0,0.00,1,1,20,,,,,,8,2,2,16,9,Chrome Test,42,90,Lotterie,22,E23,1,0,0.00,1,2,20,,,,,,8,2,4,16,9,Chrome Test,14,9,Wette,22,E12,1,0,0.00,1,3,20,,,,,,8,2,4,16,9,Chrome Test,94,14,Wette,39,E2,1,0,0.00,1,4,20,,,,,,8,2,1,16,9,Chrome Test,41,52,Lotterie,51,E1,1,0,0.00,1,5,20,,,,,,8,1,3,16,9,Chrome Test,27,29,Lotterie,34,E13,0,0,0.00,1,6,20,1,1,16,9,Chrome Test,,8.0,-1.0,3.0,47.0,11.0,2.0,6.0,44.0,13.0,4.0,12.0,38.0,86,83,1,,0.00,1,1,20,,,,,,8,2,0,16,9,Chrome Test,14,2,Wette,99,E12,1,0,0.00,1,1,20,,,,,,8,1,0,16,9,Chrome Test,13,77,Lotterie,25,E1,1,0,0.00,1,2,20,,,,,,8,2,0,16,9,Chrome Test,97,37,Wette,40,E13,0,0,0.00,1,3,20,,,,,,8,1,0,16,9,Chrome Test,8,49,Lotterie,82,E3,0,0,0.00,1,4,20,,,,,,8,2,0,16,9,Chrome Test,57,82,Lotterie,47,E2,1,0,0.00,1,5,20,,,,,,8,1,0,16,9,Chrome Test,3,70,Lotterie,58,E23,1,0,0.00,1,6,20,2,0,16,9,Chrome Test,,11.0,2.0,18.0,32.0,14.0,5.0,15.0,35.0,15.0,6.0,18.0,32.0,66,60,1,1,10.00,1,1,20,21,diverse,uni,39076,yes,4,-2,1,2,test1,test2,0.00,1,1
21,b2pjgrpu,,1,63,63,terminate,Results,2021-01-08 12:48:41.075420+00:00,1,,,10.00,13.00,lmkwh0ai,,,,,0,random,1.0,random,3.00,21,Ilomantsi,interval,0.00,1,1,21,,,,,,8,1,3,16,9,Chrome Test,96,70,Wette,8,E2,0,0,0.00,1,1,21,,,,,,8,1,2,16,9,Chrome Test,43,80,Lotterie,28,E12,1,0,0.00,1,2,21,,,,,,8,1,3,16,9,Chrome Test,46,56,Lotterie,89,E23,0,0,0.00,1,3,21,,,,,,8,2,3,16,9,Chrome Test,28,26,Wette,29,E13,1,0,0.00,1,4,21,,,,,,8,2,2,16,9,Chrome Test,82,19,Wette,81,E3,0,0,0.00,1,5,21,,,,,,8,1,1,16,9,Chrome Test,96,8,Wette,92,E1,1,1,10.00,1,6,21,2,2,16,9,Chrome Test,,6.0,3.0,27.0,23.0,8.0,5.0,15.0,35.0,11.0,8.0,24.0,26.0,57,75,0,,0.00,1,1,21,,,,,,8,1,0,16,9,Chrome Test,9,80,Lotterie,61,E3,1,0,0.00,1,1,21,,,,,,8,2,0,16,9,Chrome Test,16,48,Lotterie,60,E2,0,0,0.00,1,2,21,,,,,,8,2,0,16,9,Chrome Test,27,69,Lotterie,21,E13,1,0,0.00,1,3,21,,,,,,8,2,0,16,9,Chrome Test,14,69,Lotterie,64,E12,1,0,0.00,1,4,21,,,,,,8,1,0,16,9,Chrome Test,63,5,Wette,0,E1,1,0,0.00,1,5,21,,,,,,8,2,0,16,9,Chrome Test,18,1,Wette,33,E23,0,0,0.00,1,6,21,2,0,16,9,Chrome Test,,7.0,4.0,36.0,14.0,9.0,6.0,18.0,32.0,10.0,7.0,21.0,29.0,50,78,0,,0.00,1,1,21,89,diverse,uni,59157,yes,2,0,0,1,test1,test2,0.00,1,1
22,namb8q5c,,1,63,63,terminate,Results,2021-01-08 12:48:41.098681+00:00,1,,,10.00,13.00,lmkwh0ai,,,,,0,random,1.0,random,3.00,22,Weiskirchen,both,0.00,1,1,22,,,,,,8,1,2,16,9,Chrome Test,3,7,Lotterie,0,E1,1,0,0.00,1,1,22,,,,,,8,1,4,16,9,Chrome Test,17,2,Wette,24,E23,1,0,0.00,1,2,22,,,,,,8,1,3,16,9,Chrome Test,31,97,Lotterie,89,E2,1,0,0.00,1,3,22,,,,,,8,2,1,16,9,Chrome Test,98,75,Wette,77,E12,1,0,0.00,1,4,22,,,,,,8,1,2,16,9,Chrome Test,82,46,Wette,3,E13,0,0,0.00,1,5,22,,,,,,8,1,4,16,9,Chrome Test,9,28,Lotterie,95,E3,0,0,0.00,1,6,22,2,2,16,9,Chrome Test,,9.0,0.0,0.0,50.0,10.0,1.0,3.0,47.0,11.0,2.0,6.0,44.0,94,16,1,,0.00,1,1,22,,,,,,8,1,0,16,9,Chrome Test,80,77,Wette,99,E13,0,0,0.00,1,1,22,,,,,,8,2,0,16,9,Chrome Test,12,63,Lotterie,94,E23,0,0,0.00,1,2,22,,,,,,8,1,0,16,9,Chrome Test,10,42,Lotterie,88,E3,0,0,0.00,1,3,22,,,,,,8,2,0,16,9,Chrome Test,5,10,Lotterie,81,E2,0,0,0.00,1,4,22,,,,,,8,1,0,16,9,Chrome Test,89,48,Wette,97,E1,0,0,0.00,1,5,22,,,,,,8,1,0,16,9,Chrome Test,52,25,Wette,26,E12,1,0,0.00,1,6,22,2,0,16,9,Chrome Test,,13.0,4.0,36.0,14.0,16.0,7.0,21.0,29.0,19.0,10.0,30.0,20.0,42,40,1,1,10.00,1,1,22,80,diverse,uni,53972,yes,3,-2,-2,2,test1,test2,0.00,1,1
23,w7svdua9,,1,63,63,terminate,Results,2021-01-08 12:48:41.122684+00:00,1,,,0.00,3.00,lmkwh0ai,,,,,0,random,1.0,random,3.00,23,Weiskirchen,best_guess,0.00,1,1,23,,,,,,8,1,1,16,9,Chrome Test,72,12,Wette,61,E23,1,0,0.00,1,1,23,,,,,,8,2,3,16,9,Chrome Test,38,49,Lotterie,72,E3,0,0,0.00,1,2,23,,,,,,8,1,4,16,9,Chrome Test,14,23,Lotterie,40,E12,0,0,0.00,1,3,23,,,,,,8,1,2,16,9,Chrome Test,5,40,Lotterie,75,E1,0,1,0.00,1,4,23,,,,,,8,2,3,16,9,Chrome Test,36,37,Lotterie,30,E2,1,0,0.00,1,5,23,,,,,,8,1,1,16,9,Chrome Test,47,21,Wette,68,E13,0,0,0.00,1,6,23,1,1,16,9,Chrome Test,,12.0,3.0,27.0,23.0,14.0,5.0,15.0,35.0,17.0,8.0,24.0,26.0,57,94,0,,0.00,1,1,23,,,,,,8,2,0,16,9,Chrome Test,92,72,Wette,89,E23,1,0,0.00,1,1,23,,,,,,8,2,0,16,9,Chrome Test,12,7,Wette,41,E1,0,0,0.00,1,2,23,,,,,,8,2,0,16,9,Chrome Test,41,59,Lotterie,29,E2,1,0,0.00,1,3,23,,,,,,8,1,0,16,9,Chrome Test,69,51,Wette,40,E3,0,0,0.00,1,4,23,,,,,,8,2,0,16,9,Chrome Test,14,66,Lotterie,100,E13,0,0,0.00,1,5,23,,,,,,8,2,0,16,9,Chrome Test,83,14,Wette,67,E12,1,0,0.00,1,6,23,2,0,16,9,Chrome Test,,15.0,6.0,54.0,-4.0,16.0,7.0,21.0,29.0,18.0,9.0,27.0,23.0,32,80,0,,0.00,1,1,23,91,diverse,uni,55096,yes,4,-1,1,-1,test1,test2,0.00,1,1
24,id4vvuld,,1,63,63,terminate,Results,2021-01-08 12:48:41.146640+00:00,1,,,10.00,13.00,lmkwh0ai,,,,,0,random,1.0,random,3.00,24,Ilomantsi,best_guess,0.00,1,1,24,,,,,,8,2,4,16,9,Chrome Test,17,21,Lotterie,30,E12,0,0,0.00,1,1,24,,,,,,8,1,2,16,9,Chrome Test,64,88,Lotterie,96,E23,0,0,0.00,1,2,24,,,,,,8,1,4,16,9,Chrome Test,8,67,Lotterie,63,E13,1,0,0.00,1,3,24,,,,,,8,1,1,16,9,Chrome Test,39,15,Wette,49,E3,0,0,0.00,1,4,24,,,,,,8,2,3,16,9,Chrome Test,86,37,Wette,88,E1,1,0,0.00,1,5,24,,,,,,8,2,4,16,9,Chrome Test,81,1,Wette,76,E2,0,0,0.00,1,6,24,1,4,16,9,Chrome Test,,13.0,10.0,90.0,-40.0,16.0,13.0,39.0,11.0,17.0,14.0,42.0,8.0,0,88,0,,0.00,1,1,24,,,,,,8,1,0,16,9,Chrome Test,82,5,Wette,63,E2,0,0,0.00,1,1,24,,,,,,8,2,0,16,9,Chrome Test,42,90,Lotterie,76,E23,1,0,0.00,1,2,24,,,,,,8,2,0,16,9,Chrome Test,96,31,Wette,31,E13,1,0,0.00,1,3,24,,,,,,8,2,0,16,9,Chrome Test,37,13,Wette,73,E12,1,1,10.00,1,4,24,,,,,,8,1,0,16,9,Chrome Test,84,11,Wette,78,E1,1,0,0.00,1,5,24,,,,,,8,1,0,16,9,Chrome Test,62,27,Wette,91,E3,0,0,0.00,1,6,24,1,0,16,9,Chrome Test,,6.0,3.0,27.0,23.0,9.0,6.0,18.0,32.0,10.0,7.0,21.0,29.0,57,51,1,,0.00,1,1,24,33,diverse,uni,35157,yes,5,1,2,-2,test1,test2,0.00,1,1
25,eiz7uk2p,,1,63,63,terminate,Results,2021-01-08 12:48:41.170705+00:00,1,,,10.00,13.00,lmkwh0ai,,,,,0,random,1.0,random,3.00,25,Weiskirchen,best_guess,0.00,1,1,25,,,,,,8,2,3,16,9,Chrome Test,68,31,Wette,84,E3,0,0,0.00,1,1,25,,,,,,8,1,1,16,9,Chrome Test,63,69,Lotterie,93,E12,0,0,0.00,1,2,25,,,,,,8,1,2,16,9,Chrome Test,80,86,Lotterie,13,E2,1,0,0.00,1,3,25,,,,,,8,1,4,16,9,Chrome Test,23,86,Lotterie,66,E1,1,0,0.00,1,4,25,,,,,,8,2,3,16,9,Chrome Test,60,55,Wette,60,E23,1,0,0.00,1,5,25,,,,,,8,2,3,16,9,Chrome Test,66,48,Wette,18,E13,0,0,0.00,1,6,25,1,4,16,9,Chrome Test,,9.0,0.0,0.0,50.0,12.0,3.0,9.0,41.0,15.0,6.0,18.0,32.0,82,55,1,1,10.00,1,1,25,,,,,,8,1,0,16,9,Chrome Test,99,78,Wette,0,E1,0,0,0.00,1,1,25,,,,,,8,1,0,16,9,Chrome Test,11,84,Lotterie,8,E13,1,0,0.00,1,2,25,,,,,,8,1,0,16,9,Chrome Test,29,19,Wette,17,E2,1,0,0.00,1,3,25,,,,,,8,1,0,16,9,Chrome Test,45,32,Wette,88,E23,1,0,0.00,1,4,25,,,,,,8,2,0,16,9,Chrome Test,13,41,Lotterie,95,E3,0,0,0.00,1,5,25,,,,,,8,2,0,16,9,Chrome Test,53,88,Lotterie,60,E12,1,0,0.00,1,6,25,2,0,16,9,Chrome Test,,8.0,-1.0,3.0,47.0,9.0,0.0,0.0,50.0,11.0,2.0,6.0,44.0,94,8,1,,0.00,1,1,25,73,diverse,uni,39857,yes,1,-2,2,2,test1,test2,0.00,1,1
26,e8eka6l1,,1,63,63,terminate,Results,2021-01-08 12:48:41.195683+00:00,1,,,0.00,3.00,lmkwh0ai,,,,,0,random,1.0,random,3.00,26,Weiskirchen,interval,0.00,1,1,26,,,,,,8,1,4,16,9,Chrome Test,30,15,Wette,94,E1,0,0,0.00,1,1,26,,,,,,8,1,2,16,9,Chrome Test,88,91,Lotterie,14,E12,1,0,0.00,1,2,26,,,,,,8,2,2,16,9,Chrome Test,21,14,Wette,86,E3,0,0,0.00,1,3,26,,,,,,8,2,2,16,9,Chrome Test,91,49,Wette,96,E23,1,0,0.00,1,4,26,,,,,,8,2,1,16,9,Chrome Test,60,49,Wette,31,E13,0,0,0.00,1,5,26,,,,,,8,1,1,16,9,Chrome Test,26,65,Lotterie,89,E2,0,0,0.00,1,6,26,2,4,16,9,Chrome Test,,11.0,2.0,18.0,32.0,13.0,4.0,12.0,38.0,14.0,5.0,15.0,35.0,70,52,1,,0.00,1,1,26,,,,,,8,1,0,16,9,Chrome Test,10,10,Lotterie,83,E3,0,1,0.00,1,1,26,,,,,,8,1,0,16,9,Chrome Test,98,22,Wette,12,E2,1,0,0.00,1,2,26,,,,,,8,1,0,16,9,Chrome Test,66,33,Wette,53,E23,1,0,0.00,1,3,26,,,,,,8,2,0,16,9,Chrome Test,50,33,Wette,96,E13,0,0,0.00,1,4,26,,,,,,8,2,0,16,9,Chrome Test,3,52,Lotterie,18,E12,1,0,0.00,1,5,26,,,,,,8,1,0,16,9,Chrome Test,93,11,Wette,32,E1,0,0,0.00,1,6,26,2,0,16,9,Chrome Test,,11.0,2.0,18.0,32.0,13.0,4.0,12.0,38.0,15.0,6.0,18.0,32.0,68,25,1,,0.00,1,1,26,72,diverse,uni,47440,yes,2,2,-1,2,test1,test2,0.00,1,1
27,djtu95p4,,1,63,63,terminate,Results,2021-01-08 12:48:41.220642+00:00,1,,,10.00,13.00,lmkwh0ai,,,,,0,random,1.0,random,3.00,27,Weiskirchen,best_guess,0.00,1,1,27,,,,,,8,1,1,16,9,Chrome Test,88,7,Wette,70,E12,1,0,0.00,1,1,27,,,,,,8,1,2,16,9,Chrome Test,38,69,Lotterie,100,E1,0,0,0.00,1,2,27,,,,,,8,1,1,16,9,Chrome Test,73,6,Wette,18,E3,0,0,0.00,1,3,27,,,,,,8,2,2,16,9,Chrome Test,19,80,Lotterie,6,E23,1,0,0.00,1,4,27,,,,,,8,2,4,16,9,Chrome Test,50,0,Wette,50,E13,0,0,0.00,1,5,27,,,,,,8,2,2,16,9,Chrome Test,34,16,Wette,36,E2,1,0,0.00,1,6,27,2,1,16,9,Chrome Test,,11.0,2.0,18.0,32.0,12.0,3.0,9.0,41.0,15.0,6.0,18.0,32.0,70,39,1,1,10.00,1,1,27,,,,,,8,2,0,16,9,Chrome Test,18,40,Lotterie,3,E12,1,0,0.00,1,1,27,,,,,,8,2,0,16,9,Chrome Test,69,14,Wette,73,E23,1,0,0.00,1,2,27,,,,,,8,1,0,16,9,Chrome Test,21,34,Lotterie,2,E1,1,0,0.00,1,3,27,,,,,,8,1,0,16,9,Chrome Test,49,58,Lotterie,51,E2,1,0,0.00,1,4,27,,,,,,8,2,0,16,9,Chrome Test,81,80,Wette,35,E3,0,0,0.00,1,5,27,,,,,,8,2,0,16,9,Chrome Test,86,9,Wette,5,E13,0,0,0.00,1,6,27,2,0,16,9,Chrome Test,,13.0,4.0,36.0,14.0,15.0,6.0,18.0,32.0,17.0,8.0,24.0,26.0,48,26,1,,0.00,1,1,27,47,diverse,uni,56863,yes,4,0,-1,-2,test1,test2,0.00,1,1
28,lyaeg9xg,,1,63,63,terminate,Results,2021-01-08 12:48:41.244455+00:00,1,,,10.00,13.00,lmkwh0ai,,,,,0,random,1.0,random,3.00,28,Ilomantsi,both,0.00,1,1,28,,,,,,8,1,4,16,9,Chrome Test,97,22,Wette,28,E12,1,0,0.00,1,1,28,,,,,,8,2,1,16,9,Chrome Test,23,30,Lotterie,84,E3,0,0,0.00,1,2,28,,,,,,8,1,2,16,9,Chrome Test,31,45,Lotterie,84,E1,0,0,0.00,1,3,28,,,,,,8,2,1,16,9,Chrome Test,58,53,Wette,16,E23,0,0,0.00,1,4,28,,,,,,8,2,1,16,9,Chrome Test,90,69,Wette,18,E13,1,1,10.00,1,5,28,,,,,,8,1,1,16,9,Chrome Test,45,42,Wette,70,E2,0,0,0.00,1,6,28,1,1,16,9,Chrome Test,,12.0,9.0,81.0,-31.0,15.0,12.0,36.0,14.0,16.0,13.0,39.0,11.0,0,80,0,,0.00,1,1,28,,,,,,8,2,0,16,9,Chrome Test,64,63,Wette,98,E13,1,0,0.00,1,1,28,,,,,,8,2,0,16,9,Chrome Test,71,33,Wette,20,E3,0,0,0.00,1,2,28,,,,,,8,1,0,16,9,Chrome Test,60,4,Wette,68,E12,1,0,0.00,1,3,28,,,,,,8,2,0,16,9,Chrome Test,99,44,Wette,21,E2,0,0,0.00,1,4,28,,,,,,8,2,0,16,9,Chrome Test,21,66,Lotterie,46,E1,1,0,0.00,1,5,28,,,,,,8,2,0,16,9,Chrome Test,97,59,Wette,76,E23,0,0,0.00,1,6,28,1,0,16,9,Chrome Test,,11.0,8.0,72.0,-22.0,13.0,10.0,30.0,20.0,15.0,12.0,36.0,14.0,8,29,0,,0.00,1,1,28,67,diverse,uni,58976,yes,3,0,2,0,test1,test2,0.00,1,1
29,fyjnjx18,,1,63,63,terminate,Results,2021-01-08 12:48:41.267954+00:00,1,,,10.00,13.00,lmkwh0ai,,,,,0,random,1.0,random,3.00,29,Ilomantsi,both,0.00,1,1,29,,,,,,8,2,3,16,9,Chrome Test,64,67,Lotterie,48,E13,1,0,0.00,1,1,29,,,,,,8,2,4,16,9,Chrome Test,30,47,Lotterie,8,E12,1,1,10.00,1,2,29,,,,,,8,2,1,16,9,Chrome Test,73,53,Wette,81,E1,1,0,0.00,1,3,29,,,,,,8,1,1,16,9,Chrome Test,14,41,Lotterie,68,E3,0,0,0.00,1,4,29,,,,,,8,1,3,16,9,Chrome Test,12,67,Lotterie,36,E23,1,0,0.00,1,5,29,,,,,,8,2,2,16,9,Chrome Test,15,33,Lotterie,44,E2,0,0,0.00,1,6,29,1,3,16,9,Chrome Test,,13.0,10.0,90.0,-40.0,14.0,11.0,33.0,17.0,15.0,12.0,36.0,14.0,0,66,0,,0.00,1,1,29,,,,,,8,2,0,16,9,Chrome Test,88,38,Wette,93,E2,0,0,0.00,1,1,29,,,,,,8,1,0,16,9,Chrome Test,94,1,Wette,82,E3,0,0,0.00,1,2,29,,,,,,8,2,0,16,9,Chrome Test,72,93,Lotterie,96,E1,0,0,0.00,1,3,29,,,,,,8,1,0,16,9,Chrome Test,75,85,Lotterie,18,E12,1,0,0.00,1,4,29,,,,,,8,2,0,16,9,Chrome Test,15,97,Lotterie,34,E23,1,0,0.00,1,5,29,,,,,,8,1,0,16,9,Chrome Test,46,0,Wette,52,E13,1,0,0.00,1,6,29,2,0,16,9,Chrome Test,,14.0,11.0,99.0,-49.0,16.0,13.0,39.0,11.0,18.0,15.0,45.0,5.0,0,42,0,,0.00,1,1,29,25,diverse,uni,65665,yes,2,-1,-2,-2,test1,test2,0.00,1,1
30,d71whlvr,,1,63,63,terminate,Results,2021-01-08 12:48:41.292880+00:00,1,,,10.00,13.00,lmkwh0ai,,,,,0,random,1.0,random,3.00,30,Weiskirchen,interval,0.00,1,1,30,,,,,,8,2,4,16,9,Chrome Test,9,96,Lotterie,93,E1,1,0,0.00,1,1,30,,,,,,8,2,2,16,9,Chrome Test,21,8,Wette,65,E12,1,0,0.00,1,2,30,,,,,,8,2,4,16,9,Chrome Test,12,70,Lotterie,29,E23,1,0,0.00,1,3,30,,,,,,8,2,1,16,9,Chrome Test,79,83,Lotterie,76,E2,1,0,0.00,1,4,30,,,,,,8,2,1,16,9,Chrome Test,84,20,Wette,28,E3,0,0,0.00,1,5,30,,,,,,8,1,4,16,9,Chrome Test,88,72,Wette,93,E13,0,0,0.00,1,6,30,2,4,16,9,Chrome Test,,6.0,-3.0,9.0,41.0,9.0,0.0,0.0,50.0,10.0,1.0,3.0,47.0,92,12,1,,0.00,1,1,30,,,,,,8,1,0,16,9,Chrome Test,65,46,Wette,33,E2,1,0,0.00,1,1,30,,,,,,8,2,0,16,9,Chrome Test,31,61,Lotterie,33,E23,1,0,0.00,1,2,30,,,,,,8,1,0,16,9,Chrome Test,76,10,Wette,51,E12,1,0,0.00,1,3,30,,,,,,8,2,0,16,9,Chrome Test,45,21,Wette,70,E1,0,0,0.00,1,4,30,,,,,,8,1,0,16,9,Chrome Test,77,46,Wette,35,E3,0,0,0.00,1,5,30,,,,,,8,1,0,16,9,Chrome Test,5,6,Lotterie,96,E13,0,0,0.00,1,6,30,1,0,16,9,Chrome Test,,11.0,2.0,18.0,32.0,13.0,4.0,12.0,38.0,14.0,5.0,15.0,35.0,70,37,1,1,10.00,1,1,30,97,diverse,uni,52333,yes,2,2,1,-2,test1,test2,0.00,1,1
31,r0kq5anq,,1,63,63,terminate,Results,2021-01-08 12:48:41.316620+00:00,1,,,0.00,3.00,lmkwh0ai,,,,,0,random,1.0,random,3.00,31,Weiskirchen,both,0.00,1,1,31,,,,,,8,1,3,16,9,Chrome Test,22,90,Lotterie,33,E12,1,0,0.00,1,1,31,,,,,,8,1,1,16,9,Chrome Test,52,8,Wette,67,E1,0,0,0.00,1,2,31,,,,,,8,2,3,16,9,Chrome Test,17,91,Lotterie,55,E13,1,0,0.00,1,3,31,,,,,,8,2,3,16,9,Chrome Test,91,46,Wette,38,E2,1,0,0.00,1,4,31,,,,,,8,2,4,16,9,Chrome Test,21,15,Wette,21,E23,1,0,0.00,1,5,31,,,,,,8,1,3,16,9,Chrome Test,25,64,Lotterie,48,E3,1,0,0.00,1,6,31,2,1,16,9,Chrome Test,,10.0,1.0,9.0,41.0,12.0,3.0,9.0,41.0,14.0,5.0,15.0,35.0,78,87,0,,0.00,1,1,31,,,,,,8,2,0,16,9,Chrome Test,37,97,Lotterie,94,E1,1,0,0.00,1,1,31,,,,,,8,1,0,16,9,Chrome Test,86,47,Wette,60,E12,1,0,0.00,1,2,31,,,,,,8,2,0,16,9,Chrome Test,62,45,Wette,10,E23,1,0,0.00,1,3,31,,,,,,8,2,0,16,9,Chrome Test,57,67,Lotterie,90,E2,0,1,0.00,1,4,31,,,,,,8,1,0,16,9,Chrome Test,39,89,Lotterie,87,E13,1,0,0.00,1,5,31,,,,,,8,2,0,16,9,Chrome Test,80,79,Wette,16,E3,0,0,0.00,1,6,31,1,0,16,9,Chrome Test,,11.0,2.0,18.0,32.0,14.0,5.0,15.0,35.0,16.0,7.0,21.0,29.0,64,69,0,,0.00,1,1,31,20,diverse,uni,38661,yes,4,-1,-1,2,test1,test2,0.00,1,1
32,6mg6h040,,1,63,63,terminate,Results,2021-01-08 12:48:41.339945+00:00,1,,,0.00,3.00,lmkwh0ai,,,,,0,random,1.0,random,3.00,32,Ilomantsi,both,0.00,1,1,32,,,,,,8,2,4,16,9,Chrome Test,75,0,Wette,81,E3,0,0,0.00,1,1,32,,,,,,8,1,2,16,9,Chrome Test,52,20,Wette,63,E2,0,0,0.00,1,2,32,,,,,,8,1,4,16,9,Chrome Test,43,34,Wette,96,E13,1,0,0.00,1,3,32,,,,,,8,1,2,16,9,Chrome Test,90,26,Wette,57,E23,0,0,0.00,1,4,32,,,,,,8,2,3,16,9,Chrome Test,22,53,Lotterie,54,E12,0,0,0.00,1,5,32,,,,,,8,2,1,16,9,Chrome Test,80,79,Wette,62,E1,1,0,0.00,1,6,32,1,3,16,9,Chrome Test,,14.0,11.0,99.0,-49.0,15.0,12.0,36.0,14.0,18.0,15.0,45.0,5.0,0,52,0,1,0.00,1,1,32,,,,,,8,2,0,16,9,Chrome Test,44,15,Wette,41,E1,1,0,0.00,1,1,32,,,,,,8,2,0,16,9,Chrome Test,49,39,Wette,49,E3,0,0,0.00,1,2,32,,,,,,8,2,0,16,9,Chrome Test,91,78,Wette,40,E13,1,0,0.00,1,3,32,,,,,,8,2,0,16,9,Chrome Test,13,30,Lotterie,10,E23,1,0,0.00,1,4,32,,,,,,8,2,0,16,9,Chrome Test,69,88,Lotterie,96,E2,0,0,0.00,1,5,32,,,,,,8,1,0,16,9,Chrome Test,42,84,Lotterie,82,E12,1,0,0.00,1,6,32,2,0,16,9,Chrome Test,,13.0,10.0,90.0,-40.0,15.0,12.0,36.0,14.0,17.0,14.0,42.0,8.0,0,43,0,,0.00,1,1,32,18,diverse,uni,42928,yes,1,2,2,1,test1,test2,0.00,1,1
33,meyxcbw4,,1,63,63,terminate,Results,2021-01-08 12:48:41.363568+00:00,1,,,0.00,3.00,lmkwh0ai,,,,,0,random,1.0,random,3.00,33,Ilomantsi,both,0.00,1,1,33,,,,,,8,1,2,16,9,Chrome Test,96,20,Wette,32,E2,0,0,0.00,1,1,33,,,,,,8,1,4,16,9,Chrome Test,93,63,Wette,26,E12,1,0,0.00,1,2,33,,,,,,8,2,1,16,9,Chrome Test,42,40,Wette,21,E13,1,0,0.00,1,3,33,,,,,,8,2,3,16,9,Chrome Test,6,75,Lotterie,58,E3,1,0,0.00,1,4,33,,,,,,8,2,2,16,9,Chrome Test,27,54,Lotterie,85,E23,0,0,0.00,1,5,33,,,,,,8,2,4,16,9,Chrome Test,11,2,Wette,69,E1,1,0,0.00,1,6,33,1,2,16,9,Chrome Test,,14.0,11.0,99.0,-49.0,15.0,12.0,36.0,14.0,18.0,15.0,45.0,5.0,0,39,0,,0.00,1,1,33,,,,,,8,2,0,16,9,Chrome Test,27,19,Wette,70,E1,1,0,0.00,1,1,33,,,,,,8,2,0,16,9,Chrome Test,93,77,Wette,65,E2,0,0,0.00,1,2,33,,,,,,8,2,0,16,9,Chrome Test,68,34,Wette,38,E23,0,0,0.00,1,3,33,,,,,,8,2,0,16,9,Chrome Test,39,46,Lotterie,58,E13,0,0,0.00,1,4,33,,,,,,8,1,0,16,9,Chrome Test,76,84,Lotterie,7,E12,1,0,0.00,1,5,33,,,,,,8,1,0,16,9,Chrome Test,81,47,Wette,48,E3,0,0,0.00,1,6,33,2,0,16,9,Chrome Test,,11.0,8.0,72.0,-22.0,13.0,10.0,30.0,20.0,14.0,11.0,33.0,17.0,10,82,0,1,0.00,1,1,33,85,diverse,uni,59161,yes,2,1,1,0,test1,test2,0.00,1,1
34,m0ijpixe,,1,63,63,terminate,Results,2021-01-08 12:48:41.389528+00:00,1,,,0.00,3.00,lmkwh0ai,,,,,0,random,1.0,random,3.00,34,Ilomantsi,interval,0.00,1,1,34,,,,,,8,2,3,16,9,Chrome Test,28,56,Lotterie,3,E2,1,0,0.00,1,1,34,,,,,,8,2,1,16,9,Chrome Test,97,51,Wette,3,E23,0,0,0.00,1,2,34,,,,,,8,1,4,16,9,Chrome Test,67,3,Wette,16,E13,1,0,0.00,1,3,34,,,,,,8,2,4,16,9,Chrome Test,68,8,Wette,6,E12,1,0,0.00,1,4,34,,,,,,8,1,2,16,9,Chrome Test,71,19,Wette,6,E1,1,0,0.00,1,5,34,,,,,,8,2,4,16,9,Chrome Test,90,72,Wette,23,E3,0,0,0.00,1,6,34,2,1,16,9,Chrome Test,,13.0,10.0,90.0,-40.0,16.0,13.0,39.0,11.0,19.0,16.0,48.0,2.0,0,53,0,,0.00,1,1,34,,,,,,8,2,0,16,9,Chrome Test,50,4,Wette,9,E1,1,0,0.00,1,1,34,,,,,,8,2,0,16,9,Chrome Test,1,54,Lotterie,2,E23,1,0,0.00,1,2,34,,,,,,8,2,0,16,9,Chrome Test,82,48,Wette,53,E13,1,0,0.00,1,3,34,,,,,,8,1,0,16,9,Chrome Test,64,81,Lotterie,78,E2,1,0,0.00,1,4,34,,,,,,8,1,0,16,9,Chrome Test,48,38,Wette,75,E3,0,0,0.00,1,5,34,,,,,,8,2,0,16,9,Chrome Test,76,3,Wette,34,E12,1,0,0.00,1,6,34,2,0,16,9,Chrome Test,,14.0,11.0,99.0,-49.0,15.0,12.0,36.0,14.0,17.0,14.0,42.0,8.0,0,26,0,1,0.00,1,1,34,83,diverse,uni,51077,yes,2,2,-2,1,test1,test2,0.00,1,1
35,t7kw59nq,,1,63,63,terminate,Results,2021-01-08 12:48:41.414531+00:00,1,,,10.00,13.00,lmkwh0ai,,,,,0,random,1.0,random,3.00,35,Ilomantsi,interval,0.00,1,1,35,,,,,,8,2,1,16,9,Chrome Test,8,1,Wette,34,E3,0,0,0.00,1,1,35,,,,,,8,2,1,16,9,Chrome Test,20,92,Lotterie,85,E23,1,0,0.00,1,2,35,,,,,,8,2,3,16,9,Chrome Test,63,59,Wette,26,E2,0,0,0.00,1,3,35,,,,,,8,2,3,16,9,Chrome Test,1,1,Lotterie,81,E12,0,0,0.00,1,4,35,,,,,,8,2,3,16,9,Chrome Test,54,100,Lotterie,4,E13,1,0,0.00,1,5,35,,,,,,8,2,4,16,9,Chrome Test,66,72,Lotterie,24,E1,1,0,0.00,1,6,35,1,2,16,9,Chrome Test,,8.0,5.0,45.0,5.0,10.0,7.0,21.0,29.0,11.0,8.0,24.0,26.0,40,0,1,,0.00,1,1,35,,,,,,8,1,0,16,9,Chrome Test,4,41,Lotterie,52,E2,0,0,0.00,1,1,35,,,,,,8,2,0,16,9,Chrome Test,52,70,Lotterie,76,E1,0,0,0.00,1,2,35,,,,,,8,2,0,16,9,Chrome Test,76,48,Wette,50,E13,1,0,0.00,1,3,35,,,,,,8,1,0,16,9,Chrome Test,79,10,Wette,5,E12,1,0,0.00,1,4,35,,,,,,8,1,0,16,9,Chrome Test,39,62,Lotterie,41,E23,1,1,10.00,1,5,35,,,,,,8,2,0,16,9,Chrome Test,42,81,Lotterie,91,E3,0,0,0.00,1,6,35,2,0,16,9,Chrome Test,,11.0,8.0,72.0,-22.0,14.0,11.0,33.0,17.0,17.0,14.0,42.0,8.0,2,16,0,,0.00,1,1,35,63,diverse,uni,60651,yes,2,-2,2,-2,test1,test2,0.00,1,1
36,0r7evtfc,,1,63,63,terminate,Results,2021-01-08 12:48:41.439664+00:00,1,,,0.00,3.00,lmkwh0ai,,,,,0,random,1.0,random,3.00,36,Ilomantsi,both,0.00,1,1,36,,,,,,8,2,3,16,9,Chrome Test,54,36,Wette,88,E13,1,0,0.00,1,1,36,,,,,,8,1,4,16,9,Chrome Test,30,6,Wette,53,E23,0,0,0.00,1,2,36,,,,,,8,1,1,16,9,Chrome Test,8,85,Lotterie,47,E2,1,0,0.00,1,3,36,,,,,,8,2,3,16,9,Chrome Test,1,94,Lotterie,4,E1,1,0,0.00,1,4,36,,,,,,8,2,3,16,9,Chrome Test,59,18,Wette,37,E3,0,0,0.00,1,5,36,,,,,,8,2,1,16,9,Chrome Test,3,15,Lotterie,31,E12,0,0,0.00,1,6,36,2,4,16,9,Chrome Test,,10.0,7.0,63.0,-13.0,12.0,9.0,27.0,23.0,13.0,10.0,30.0,20.0,20,58,0,,0.00,1,1,36,,,,,,8,1,0,16,9,Chrome Test,9,69,Lotterie,46,E23,1,0,0.00,1,1,36,,,,,,8,1,0,16,9,Chrome Test,59,91,Lotterie,81,E3,1,0,0.00,1,2,36,,,,,,8,1,0,16,9,Chrome Test,20,81,Lotterie,96,E13,0,0,0.00,1,3,36,,,,,,8,1,0,16,9,Chrome Test,67,90,Lotterie,58,E1,1,0,0.00,1,4,36,,,,,,8,1,0,16,9,Chrome Test,24,100,Lotterie,95,E2,1,0,0.00,1,5,36,,,,,,8,2,0,16,9,Chrome Test,1,75,Lotterie,92,E12,0,0,0.00,1,6,36,1,0,16,9,Chrome Test,,8.0,5.0,45.0,5.0,9.0,6.0,18.0,32.0,12.0,9.0,27.0,23.0,40,84,0,1,0.00,1,1,36,20,diverse,uni,35096,yes,2,-2,2,-1,test1,test2,0.00,1,1
37,nrz63sio,,1,63,63,terminate,Results,2021-01-08 12:48:41.465191+00:00,1,,,10.00,13.00,lmkwh0ai,,,,,0,random,1.0,random,3.00,37,Weiskirchen,interval,0.00,1,1,37,,,,,,8,2,3,16,9,Chrome Test,43,36,Wette,23,E1,0,0,0.00,1,1,37,,,,,,8,1,3,16,9,Chrome Test,18,97,Lotterie,51,E12,1,0,0.00,1,2,37,,,,,,8,1,1,16,9,Chrome Test,25,82,Lotterie,97,E13,0,0,0.00,1,3,37,,,,,,8,1,3,16,9,Chrome Test,19,13,Wette,10,E23,1,0,0.00,1,4,37,,,,,,8,1,4,16,9,Chrome Test,28,54,Lotterie,78,E3,0,0,0.00,1,5,37,,,,,,8,2,2,16,9,Chrome Test,74,57,Wette,14,E2,1,0,0.00,1,6,37,1,4,16,9,Chrome Test,,6.0,-3.0,9.0,41.0,8.0,-1.0,3.0,47.0,11.0,2.0,6.0,44.0,88,85,1,,0.00,1,1,37,,,,,,8,1,0,16,9,Chrome Test,25,90,Lotterie,81,E1,1,0,0.00,1,1,37,,,,,,8,2,0,16,9,Chrome Test,27,27,Lotterie,6,E12,1,0,0.00,1,2,37,,,,,,8,2,0,16,9,Chrome Test,68,51,Wette,17,E2,1,0,0.00,1,3,37,,,,,,8,1,0,16,9,Chrome Test,3,65,Lotterie,57,E3,1,0,0.00,1,4,37,,,,,,8,1,0,16,9,Chrome Test,74,89,Lotterie,68,E13,1,0,0.00,1,5,37,,,,,,8,2,0,16,9,Chrome Test,6,53,Lotterie,32,E23,1,0,0.00,1,6,37,2,0,16,9,Chrome Test,,10.0,1.0,9.0,41.0,11.0,2.0,6.0,44.0,12.0,3.0,9.0,41.0,84,25,1,1,10.00,1,1,37,93,diverse,uni,39605,yes,1,0,-1,-2,test1,test2,0.00,1,1
38,82thbscp,,1,63,63,terminate,Results,2021-01-08 12:48:41.490000+00:00,1,,,10.00,13.00,lmkwh0ai,,,,,0,random,1.0,random,3.00,38,Weiskirchen,best_guess,0.00,1,1,38,,,,,,8,2,4,16,9,Chrome Test,38,4,Wette,80,E12,1,0,0.00,1,1,38,,,,,,8,1,4,16,9,Chrome Test,33,58,Lotterie,22,E1,1,1,10.00,1,2,38,,,,,,8,1,4,16,9,Chrome Test,48,0,Wette,87,E13,0,0,0.00,1,3,38,,,,,,8,1,3,16,9,Chrome Test,60,100,Lotterie,36,E2,1,0,0.00,1,4,38,,,,,,8,2,3,16,9,Chrome Test,97,100,Lotterie,83,E3,1,0,0.00,1,5,38,,,,,,8,2,2,16,9,Chrome Test,42,42,Lotterie,77,E23,0,0,0.00,1,6,38,1,4,16,9,Chrome Test,,9.0,0.0,0.0,50.0,12.0,3.0,9.0,41.0,15.0,6.0,18.0,32.0,82,46,1,,0.00,1,1,38,,,,,,8,2,0,16,9,Chrome Test,79,58,Wette,90,E13,0,0,0.00,1,1,38,,,,,,8,2,0,16,9,Chrome Test,3,51,Lotterie,78,E3,0,0,0.00,1,2,38,,,,,,8,2,0,16,9,Chrome Test,83,13,Wette,46,E2,1,0,0.00,1,3,38,,,,,,8,2,0,16,9,Chrome Test,39,85,Lotterie,72,E23,1,0,0.00,1,4,38,,,,,,8,1,0,16,9,Chrome Test,16,3,Wette,65,E1,0,0,0.00,1,5,38,,,,,,8,2,0,16,9,Chrome Test,93,100,Lotterie,88,E12,1,0,0.00,1,6,38,1,0,16,9,Chrome Test,,11.0,2.0,18.0,32.0,12.0,3.0,9.0,41.0,13.0,4.0,12.0,38.0,74,18,1,,0.00,1,1,38,67,diverse,uni,38975,yes,3,2,-1,1,test1,test2,0.00,1,1
39,whs9ftcq,,1,63,63,terminate,Results,2021-01-08 12:48:41.515234+00:00,1,,,10.00,13.00,lmkwh0ai,,,,,0,random,1.0,random,3.00,39,Ilomantsi,best_guess,0.00,1,1,39,,,,,,8,2,1,16,9,Chrome Test,11,98,Lotterie,93,E3,1,0,0.00,1,1,39,,,,,,8,1,2,16,9,Chrome Test,42,47,Lotterie,53,E1,0,0,0.00,1,2,39,,,,,,8,2,1,16,9,Chrome Test,41,59,Lotterie,69,E2,0,0,0.00,1,3,39,,,,,,8,2,3,16,9,Chrome Test,88,31,Wette,91,E13,1,0,0.00,1,4,39,,,,,,8,2,1,16,9,Chrome Test,60,40,Wette,21,E12,1,0,0.00,1,5,39,,,,,,8,1,4,16,9,Chrome Test,94,76,Wette,57,E23,0,0,0.00,1,6,39,1,1,16,9,Chrome Test,,5.0,2.0,18.0,32.0,8.0,5.0,15.0,35.0,11.0,8.0,24.0,26.0,62,20,1,,0.00,1,1,39,,,,,,8,2,0,16,9,Chrome Test,44,47,Lotterie,55,E1,0,0,0.00,1,1,39,,,,,,8,1,0,16,9,Chrome Test,3,88,Lotterie,46,E2,1,0,0.00,1,2,39,,,,,,8,1,0,16,9,Chrome Test,13,81,Lotterie,64,E23,1,0,0.00,1,3,39,,,,,,8,1,0,16,9,Chrome Test,77,30,Wette,7,E3,0,0,0.00,1,4,39,,,,,,8,1,0,16,9,Chrome Test,89,17,Wette,81,E12,1,0,0.00,1,5,39,,,,,,8,1,0,16,9,Chrome Test,97,73,Wette,5,E13,1,0,0.00,1,6,39,2,0,16,9,Chrome Test,,9.0,6.0,54.0,-4.0,10.0,7.0,21.0,29.0,12.0,9.0,27.0,23.0,32,27,1,1,10.00,1,1,39,40,diverse,uni,59759,yes,1,0,0,2,test1,test2,0.00,1,1
40,8wfnmtpc,,1,63,63,terminate,Results,2021-01-08 12:48:41.539113+00:00,1,,,0.00,3.00,lmkwh0ai,,,,,0,random,1.0,random,3.00,40,Weiskirchen,both,0.00,1,1,40,,,,,,8,2,3,16,9,Chrome Test,44,86,Lotterie,76,E13,1,0,0.00,1,1,40,,,,,,8,1,1,16,9,Chrome Test,89,73,Wette,47,E2,1,0,0.00,1,2,40,,,,,,8,1,1,16,9,Chrome Test,23,37,Lotterie,49,E12,0,0,0.00,1,3,40,,,,,,8,1,3,16,9,Chrome Test,47,37,Wette,56,E23,1,0,0.00,1,4,40,,,,,,8,2,3,16,9,Chrome Test,5,68,Lotterie,43,E1,1,0,0.00,1,5,40,,,,,,8,2,4,16,9,Chrome Test,19,81,Lotterie,62,E3,1,0,0.00,1,6,40,1,1,16,9,Chrome Test,,9.0,0.0,0.0,50.0,12.0,3.0,9.0,41.0,14.0,5.0,15.0,35.0,84,6,1,,0.00,1,1,40,,,,,,8,1,0,16,9,Chrome Test,16,33,Lotterie,83,E12,0,0,0.00,1,1,40,,,,,,8,1,0,16,9,Chrome Test,30,4,Wette,31,E2,1,0,0.00,1,2,40,,,,,,8,1,0,16,9,Chrome Test,42,2,Wette,10,E23,1,0,0.00,1,3,40,,,,,,8,1,0,16,9,Chrome Test,17,53,Lotterie,5,E13,1,0,0.00,1,4,40,,,,,,8,2,0,16,9,Chrome Test,6,56,Lotterie,52,E3,1,0,0.00,1,5,40,,,,,,8,2,0,16,9,Chrome Test,58,9,Wette,35,E1,0,0,0.00,1,6,40,1,0,16,9,Chrome Test,,12.0,3.0,27.0,23.0,13.0,4.0,12.0,38.0,16.0,7.0,21.0,29.0,60,95,0,1,0.00,1,1,40,85,diverse,uni,64617,yes,1,0,0,-2,test1,test2,0.00,1,1
41,chixb4lf,,1,63,63,terminate,Results,2021-01-08 12:48:41.562385+00:00,1,,,10.00,13.00,lmkwh0ai,,,,,0,random,1.0,random,3.00,41,Ilomantsi,best_guess,0.00,1,1,41,,,,,,8,1,4,16,9,Chrome Test,11,93,Lotterie,41,E1,1,0,0.00,1,1,41,,,,,,8,1,3,16,9,Chrome Test,23,83,Lotterie,33,E2,1,0,0.00,1,2,41,,,,,,8,1,2,16,9,Chrome Test,64,88,Lotterie,23,E13,1,1,10.00,1,3,41,,,,,,8,2,2,16,9,Chrome Test,90,76,Wette,57,E3,0,0,0.00,1,4,41,,,,,,8,2,4,16,9,Chrome Test,66,81,Lotterie,43,E12,1,0,0.00,1,5,41,,,,,,8,1,2,16,9,Chrome Test,24,54,Lotterie,1,E23,1,0,0.00,1,6,41,2,2,16,9,Chrome Test,,9.0,6.0,54.0,-4.0,10.0,7.0,21.0,29.0,12.0,9.0,27.0,23.0,32,83,0,,0.00,1,1,41,,,,,,8,1,0,16,9,Chrome Test,53,94,Lotterie,46,E2,1,0,0.00,1,1,41,,,,,,8,1,0,16,9,Chrome Test,77,59,Wette,87,E1,1,0,0.00,1,2,41,,,,,,8,2,0,16,9,Chrome Test,53,70,Lotterie,9,E3,1,0,0.00,1,3,41,,,,,,8,2,0,16,9,Chrome Test,10,62,Lotterie,63,E12,0,0,0.00,1,4,41,,,,,,8,2,0,16,9,Chrome Test,50,2,Wette,96,E23,0,0,0.00,1,5,41,,,,,,8,1,0,16,9,Chrome Test,67,32,Wette,35,E13,1,0,0.00,1,6,41,2,0,16,9,Chrome Test,,6.0,3.0,27.0,23.0,9.0,6.0,18.0,32.0,11.0,8.0,24.0,26.0,54,24,1,,0.00,1,1,41,77,diverse,uni,43757,yes,4,-1,0,2,test1,test2,0.00,1,1
42,j9qlvfej,,1,63,63,terminate,Results,2021-01-08 12:48:41.585977+00:00,1,,,0.00,3.00,lmkwh0ai,,,,,0,random,1.0,random,3.00,42,Ilomantsi,both,0.00,1,1,42,,,,,,8,2,1,16,9,Chrome Test,99,9,Wette,45,E2,0,0,0.00,1,1,42,,,,,,8,1,3,16,9,Chrome Test,12,65,Lotterie,75,E12,0,0,0.00,1,2,42,,,,,,8,2,3,16,9,Chrome Test,67,25,Wette,28,E23,0,0,0.00,1,3,42,,,,,,8,1,2,16,9,Chrome Test,27,89,Lotterie,15,E13,1,0,0.00,1,4,42,,,,,,8,2,1,16,9,Chrome Test,76,61,Wette,95,E1,1,0,0.00,1,5,42,,,,,,8,2,4,16,9,Chrome Test,93,0,Wette,70,E3,0,1,0.00,1,6,42,2,1,16,9,Chrome Test,,7.0,4.0,36.0,14.0,9.0,6.0,18.0,32.0,10.0,7.0,21.0,29.0,50,31,1,,0.00,1,1,42,,,,,,8,2,0,16,9,Chrome Test,56,74,Lotterie,36,E23,1,0,0.00,1,1,42,,,,,,8,1,0,16,9,Chrome Test,86,56,Wette,10,E12,1,0,0.00,1,2,42,,,,,,8,2,0,16,9,Chrome Test,21,64,Lotterie,14,E3,1,0,0.00,1,3,42,,,,,,8,2,0,16,9,Chrome Test,6,20,Lotterie,71,E1,0,0,0.00,1,4,42,,,,,,8,1,0,16,9,Chrome Test,89,85,Wette,86,E13,1,0,0.00,1,5,42,,,,,,8,1,0,16,9,Chrome Test,98,52,Wette,23,E2,0,0,0.00,1,6,42,2,0,16,9,Chrome Test,,13.0,10.0,90.0,-40.0,16.0,13.0,39.0,11.0,18.0,15.0,45.0,5.0,0,72,0,,0.00,1,1,42,54,diverse,uni,38417,yes,4,2,2,1,test1,test2,0.00,1,1
43,s3uw4s9e,,1,63,63,terminate,Results,2021-01-08 12:48:41.611034+00:00,1,,,0.00,3.00,lmkwh0ai,,,,,0,random,1.0,random,3.00,43,Weiskirchen,interval,0.00,1,1,43,,,,,,8,1,2,16,9,Chrome Test,59,73,Lotterie,5,E12,1,0,0.00,1,1,43,,,,,,8,2,2,16,9,Chrome Test,46,88,Lotterie,55,E3,1,0,0.00,1,2,43,,,,,,8,1,1,16,9,Chrome Test,34,68,Lotterie,32,E2,1,0,0.00,1,3,43,,,,,,8,1,3,16,9,Chrome Test,81,79,Wette,17,E1,0,1,0.00,1,4,43,,,,,,8,1,3,16,9,Chrome Test,26,40,Lotterie,95,E13,0,0,0.00,1,5,43,,,,,,8,1,4,16,9,Chrome Test,64,95,Lotterie,56,E23,1,0,0.00,1,6,43,2,1,16,9,Chrome Test,,15.0,6.0,54.0,-4.0,16.0,7.0,21.0,29.0,18.0,9.0,27.0,23.0,32,97,0,,0.00,1,1,43,,,,,,8,2,0,16,9,Chrome Test,99,95,Wette,1,E3,0,0,0.00,1,1,43,,,,,,8,2,0,16,9,Chrome Test,94,40,Wette,71,E12,1,0,0.00,1,2,43,,,,,,8,1,0,16,9,Chrome Test,20,17,Wette,95,E1,0,0,0.00,1,3,43,,,,,,8,2,0,16,9,Chrome Test,75,15,Wette,1,E2,1,0,0.00,1,4,43,,,,,,8,1,0,16,9,Chrome Test,57,42,Wette,88,E23,1,0,0.00,1,5,43,,,,,,8,1,0,16,9,Chrome Test,13,57,Lotterie,34,E13,1,0,0.00,1,6,43,1,0,16,9,Chrome Test,,13.0,4.0,36.0,14.0,14.0,5.0,15.0,35.0,17.0,8.0,24.0,26.0,50,92,0,,0.00,1,1,43,49,diverse,uni,34616,yes,2,2,2,-2,test1,test2,0.00,1,1
44,z018rdrg,,1,63,63,terminate,Results,2021-01-08 12:48:41.634855+00:00,1,,,10.00,13.00,lmkwh0ai,,,,,0,random,1.0,random,3.00,44,Weiskirchen,both,0.00,1,1,44,,,,,,8,1,4,16,9,Chrome Test,3,77,Lotterie,70,E12,1,0,0.00,1,1,44,,,,,,8,2,1,16,9,Chrome Test,49,41,Wette,0,E2,1,0,0.00,1,2,44,,,,,,8,1,4,16,9,Chrome Test,7,13,Lotterie,53,E23,0,0,0.00,1,3,44,,,,,,8,2,2,16,9,Chrome Test,38,40,Lotterie,47,E13,0,0,0.00,1,4,44,,,,,,8,1,1,16,9,Chrome Test,30,21,Wette,70,E1,0,0,0.00,1,5,44,,,,,,8,1,1,16,9,Chrome Test,5,31,Lotterie,43,E3,0,0,0.00,1,6,44,2,2,16,9,Chrome Test,,10.0,1.0,9.0,41.0,11.0,2.0,6.0,44.0,13.0,4.0,12.0,38.0,82,28,1,1,10.00,1,1,44,,,,,,8,1,0,16,9,Chrome Test,73,5,Wette,56,E12,1,0,0.00,1,1,44,,,,,,8,2,0,16,9,Chrome Test,13,77,Lotterie,98,E2,0,0,0.00,1,2,44,,,,,,8,2,0,16,9,Chrome Test,6,74,Lotterie,18,E23,1,0,0.00,1,3,44,,,,,,8,2,0,16,9,Chrome Test,88,53,Wette,42,E13,0,0,0.00,1,4,44,,,,,,8,2,0,16,9,Chrome Test,58,83,Lotterie,60,E1,1,0,0.00,1,5,44,,,,,,8,2,0,16,9,Chrome Test,91,81,Wette,98,E3,0,0,0.00,1,6,44,1,0,16,9,Chrome Test,,12.0,3.0,27.0,23.0,14.0,5.0,15.0,35.0,16.0,7.0,21.0,29.0,58,25,1,,0.00,1,1,44,72,diverse,uni,35858,yes,3,2,-1,-2,test1,test2,0.00,1,1
45,n9rfek81,,1,63,63,terminate,Results,2021-01-08 12:48:41.658220+00:00,1,,,0.00,3.00,lmkwh0ai,,,,,0,random,1.0,random,3.00,45,Ilomantsi,interval,0.00,1,1,45,,,,,,8,1,2,16,9,Chrome Test,69,93,Lotterie,85,E1,1,0,0.00,1,1,45,,,,,,8,1,1,16,9,Chrome Test,48,44,Wette,24,E12,1,0,0.00,1,2,45,,,,,,8,2,4,16,9,Chrome Test,7,41,Lotterie,47,E13,0,0,0.00,1,3,45,,,,,,8,2,4,16,9,Chrome Test,5,51,Lotterie,92,E3,0,0,0.00,1,4,45,,,,,,8,2,3,16,9,Chrome Test,92,24,Wette,50,E23,0,0,0.00,1,5,45,,,,,,8,1,2,16,9,Chrome Test,63,14,Wette,12,E2,0,0,0.00,1,6,45,1,4,16,9,Chrome Test,,6.0,3.0,27.0,23.0,8.0,5.0,15.0,35.0,11.0,8.0,24.0,26.0,57,79,0,,0.00,1,1,45,,,,,,8,2,0,16,9,Chrome Test,67,8,Wette,73,E12,1,0,0.00,1,1,45,,,,,,8,2,0,16,9,Chrome Test,85,82,Wette,48,E2,0,0,0.00,1,2,45,,,,,,8,1,0,16,9,Chrome Test,15,5,Wette,40,E23,0,0,0.00,1,3,45,,,,,,8,1,0,16,9,Chrome Test,67,10,Wette,47,E3,0,1,0.00,1,4,45,,,,,,8,1,0,16,9,Chrome Test,44,32,Wette,65,E13,1,0,0.00,1,5,45,,,,,,8,1,0,16,9,Chrome Test,43,96,Lotterie,48,E1,1,0,0.00,1,6,45,2,0,16,9,Chrome Test,,10.0,7.0,63.0,-13.0,13.0,10.0,30.0,20.0,16.0,13.0,39.0,11.0,12,23,0,,0.00,1,1,45,55,diverse,uni,40342,yes,3,-1,2,-1,test1,test2,0.00,1,1
46,9ktbo500,,1,63,63,terminate,Results,2021-01-08 12:48:41.681790+00:00,1,,,0.00,3.00,lmkwh0ai,,,,,0,random,1.0,random,3.00,46,Ilomantsi,interval,0.00,1,1,46,,,,,,8,2,2,16,9,Chrome Test,36,32,Wette,29,E23,0,0,0.00,1,1,46,,,,,,8,1,3,16,9,Chrome Test,42,12,Wette,26,E13,1,0,0.00,1,2,46,,,,,,8,2,4,16,9,Chrome Test,3,24,Lotterie,57,E3,0,0,0.00,1,3,46,,,,,,8,2,4,16,9,Chrome Test,24,12,Wette,79,E2,0,0,0.00,1,4,46,,,,,,8,2,1,16,9,Chrome Test,7,19,Lotterie,66,E12,0,0,0.00,1,5,46,,,,,,8,2,4,16,9,Chrome Test,75,46,Wette,99,E1,1,0,0.00,1,6,46,1,3,16,9,Chrome Test,,10.0,7.0,63.0,-13.0,13.0,10.0,30.0,20.0,15.0,12.0,36.0,14.0,15,33,0,,0.00,1,1,46,,,,,,8,1,0,16,9,Chrome Test,14,88,Lotterie,59,E2,1,0,0.00,1,1,46,,,,,,8,2,0,16,9,Chrome Test,21,40,Lotterie,24,E13,1,0,0.00,1,2,46,,,,,,8,1,0,16,9,Chrome Test,10,6,Wette,74,E23,0,0,0.00,1,3,46,,,,,,8,1,0,16,9,Chrome Test,49,27,Wette,34,E12,1,0,0.00,1,4,46,,,,,,8,1,0,16,9,Chrome Test,11,2,Wette,93,E3,0,1,0.00,1,5,46,,,,,,8,2,0,16,9,Chrome Test,26,87,Lotterie,16,E1,1,0,0.00,1,6,46,1,0,16,9,Chrome Test,,14.0,11.0,99.0,-49.0,16.0,13.0,39.0,11.0,19.0,16.0,48.0,2.0,0,9,0,,0.00,1,1,46,46,diverse,uni,31985,yes,2,2,-2,0,test1,test2,0.00,1,1
47,8cq6i0k4,,1,63,63,terminate,Results,2021-01-08 12:48:41.706421+00:00,1,,,10.00,13.00,lmkwh0ai,,,,,0,random,1.0,random,3.00,47,Weiskirchen,interval,0.00,1,1,47,,,,,,8,2,2,16,9,Chrome Test,93,75,Wette,59,E2,1,0,0.00,1,1,47,,,,,,8,1,4,16,9,Chrome Test,34,60,Lotterie,75,E1,0,0,0.00,1,2,47,,,,,,8,1,2,16,9,Chrome Test,77,72,Wette,3,E12,1,0,0.00,1,3,47,,,,,,8,1,1,16,9,Chrome Test,89,41,Wette,31,E3,0,0,0.00,1,4,47,,,,,,8,2,2,16,9,Chrome Test,26,82,Lotterie,15,E23,1,0,0.00,1,5,47,,,,,,8,1,4,16,9,Chrome Test,57,94,Lotterie,96,E13,0,0,0.00,1,6,47,2,3,16,9,Chrome Test,,14.0,5.0,45.0,5.0,15.0,6.0,18.0,32.0,17.0,8.0,24.0,26.0,42,7,1,,0.00,1,1,47,,,,,,8,2,0,16,9,Chrome Test,92,60,Wette,40,E13,0,0,0.00,1,1,47,,,,,,8,2,0,16,9,Chrome Test,79,67,Wette,38,E23,1,0,0.00,1,2,47,,,,,,8,2,0,16,9,Chrome Test,38,73,Lotterie,24,E2,1,1,10.00,1,3,47,,,,,,8,2,0,16,9,Chrome Test,10,59,Lotterie,77,E3,0,0,0.00,1,4,47,,,,,,8,1,0,16,9,Chrome Test,86,9,Wette,72,E1,0,0,0.00,1,5,47,,,,,,8,1,0,16,9,Chrome Test,91,39,Wette,96,E12,1,0,0.00,1,6,47,2,0,16,9,Chrome Test,,13.0,4.0,36.0,14.0,15.0,6.0,18.0,32.0,16.0,7.0,21.0,29.0,50,67,0,,0.00,1,1,47,95,diverse,uni,47303,yes,4,-1,0,1,test1,test2,0.00,1,1
48,4au537yp,,1,63,63,terminate,Results,2021-01-08 12:48:41.730003+00:00,1,,,0.00,3.00,lmkwh0ai,,,,,0,random,1.0,random,3.00,48,Weiskirchen,interval,0.00,1,1,48,,,,,,8,1,3,16,9,Chrome Test,80,45,Wette,97,E2,1,0,0.00,1,1,48,,,,,,8,1,2,16,9,Chrome Test,68,10,Wette,71,E1,0,0,0.00,1,2,48,,,,,,8,1,1,16,9,Chrome Test,44,28,Wette,25,E12,1,0,0.00,1,3,48,,,,,,8,1,4,16,9,Chrome Test,12,53,Lotterie,92,E13,0,0,0.00,1,4,48,,,,,,8,1,2,16,9,Chrome Test,46,70,Lotterie,42,E3,1,0,0.00,1,5,48,,,,,,8,1,1,16,9,Chrome Test,91,9,Wette,43,E23,1,0,0.00,1,6,48,2,2,16,9,Chrome Test,,13.0,4.0,36.0,14.0,16.0,7.0,21.0,29.0,18.0,9.0,27.0,23.0,44,100,0,1,0.00,1,1,48,,,,,,8,2,0,16,9,Chrome Test,16,19,Lotterie,91,E12,0,0,0.00,1,1,48,,,,,,8,1,0,16,9,Chrome Test,2,56,Lotterie,94,E1,0,0,0.00,1,2,48,,,,,,8,1,0,16,9,Chrome Test,17,15,Wette,46,E13,0,0,0.00,1,3,48,,,,,,8,2,0,16,9,Chrome Test,18,23,Lotterie,84,E3,0,0,0.00,1,4,48,,,,,,8,2,0,16,9,Chrome Test,35,76,Lotterie,39,E2,1,0,0.00,1,5,48,,,,,,8,2,0,16,9,Chrome Test,21,57,Lotterie,76,E23,0,0,0.00,1,6,48,2,0,16,9,Chrome Test,,10.0,1.0,9.0,41.0,13.0,4.0,12.0,38.0,14.0,5.0,15.0,35.0,76,43,1,,0.00,1,1,48,93,diverse,uni,64172,yes,4,1,0,-1,test1,test2,0.00,1,1
49,g43954mm,,1,63,63,terminate,Results,2021-01-08 12:48:41.753809+00:00,1,,,10.00,13.00,lmkwh0ai,,,,,0,random,1.0,random,3.00,49,Weiskirchen,best_guess,0.00,1,1,49,,,,,,8,1,1,16,9,Chrome Test,12,40,Lotterie,40,E2,1,0,0.00,1,1,49,,,,,,8,2,2,16,9,Chrome Test,7,25,Lotterie,99,E3,0,0,0.00,1,2,49,,,,,,8,2,3,16,9,Chrome Test,57,65,Lotterie,89,E1,0,0,0.00,1,3,49,,,,,,8,2,1,16,9,Chrome Test,42,3,Wette,60,E23,1,0,0.00,1,4,49,,,,,,8,2,2,16,9,Chrome Test,26,7,Wette,55,E12,1,0,0.00,1,5,49,,,,,,8,2,2,16,9,Chrome Test,25,40,Lotterie,80,E13,0,0,0.00,1,6,49,2,1,16,9,Chrome Test,,11.0,2.0,18.0,32.0,13.0,4.0,12.0,38.0,15.0,6.0,18.0,32.0,68,24,1,,0.00,1,1,49,,,,,,8,1,0,16,9,Chrome Test,27,59,Lotterie,12,E3,1,0,0.00,1,1,49,,,,,,8,1,0,16,9,Chrome Test,1,45,Lotterie,91,E13,0,0,0.00,1,2,49,,,,,,8,2,0,16,9,Chrome Test,68,24,Wette,86,E23,1,1,10.00,1,3,49,,,,,,8,2,0,16,9,Chrome Test,2,28,Lotterie,78,E1,0,0,0.00,1,4,49,,,,,,8,2,0,16,9,Chrome Test,3,58,Lotterie,70,E2,0,0,0.00,1,5,49,,,,,,8,1,0,16,9,Chrome Test,33,46,Lotterie,31,E12,1,0,0.00,1,6,49,2,0,16,9,Chrome Test,,13.0,4.0,36.0,14.0,14.0,5.0,15.0,35.0,16.0,7.0,21.0,29.0,52,56,0,,0.00,1,1,49,97,diverse,uni,41537,yes,0,1,1,-1,test1,test2,0.00,1,1
50,ff4nfv9h,,1,63,63,terminate,Results,2021-01-08 12:48:41.777460+00:00,1,,,0.00,3.00,lmkwh0ai,,,,,0,random,1.0,random,3.00,50,Ilomantsi,interval,0.00,1,1,50,,,,,,8,1,4,16,9,Chrome Test,83,73,Wette,92,E13,1,0,0.00,1,1,50,,,,,,8,2,1,16,9,Chrome Test,96,41,Wette,49,E3,0,0,0.00,1,2,50,,,,,,8,2,4,16,9,Chrome Test,19,4,Wette,50,E2,0,0,0.00,1,3,50,,,,,,8,2,3,16,9,Chrome Test,51,81,Lotterie,16,E1,1,0,0.00,1,4,50,,,,,,8,1,1,16,9,Chrome Test,18,30,Lotterie,99,E23,0,0,0.00,1,5,50,,,,,,8,1,1,16,9,Chrome Test,52,43,Wette,95,E12,1,0,0.00,1,6,50,1,4,16,9,Chrome Test,,14.0,11.0,99.0,-49.0,15.0,12.0,36.0,14.0,17.0,14.0,42.0,8.0,0,90,0,,0.00,1,1,50,,,,,,8,2,0,16,9,Chrome Test,56,60,Lotterie,17,E13,1,0,0.00,1,1,50,,,,,,8,2,0,16,9,Chrome Test,33,54,Lotterie,10,E2,1,0,0.00,1,2,50,,,,,,8,2,0,16,9,Chrome Test,79,22,Wette,2,E12,1,0,0.00,1,3,50,,,,,,8,2,0,16,9,Chrome Test,77,22,Wette,98,E3,0,0,0.00,1,4,50,,,,,,8,2,0,16,9,Chrome Test,69,78,Lotterie,0,E1,1,0,0.00,1,5,50,,,,,,8,1,0,16,9,Chrome Test,98,56,Wette,82,E23,0,0,0.00,1,6,50,2,0,16,9,Chrome Test,,13.0,10.0,90.0,-40.0,14.0,11.0,33.0,17.0,15.0,12.0,36.0,14.0,0,97,0,1,0.00,1,1,50,27,diverse,uni,43552,yes,3,-1,1,0,test1,test2,0.00,1,1
