participant.id_in_session,participant.code,participant.label,participant._is_bot,participant._index_in_pages,participant._max_page_index,participant._current_app_name,participant._current_page_name,participant.time_started,participant.visited,participant.mturk_worker_id,participant.mturk_assignment_id,participant.payoff,player.id_in_group,player.Belief,player.Age,player.Gender,player.Education,player.Family,player.Kids,player.Income,player.ZIP,player.Comprehension,player.Usage,player.Temp,player.Accuracy,player.Credibility,player.CLICCS1,player.CLICCS2,player.openText,player.Risk_General,player.Risk_Weather,player.payoff,group.id_in_subsession,subsession.round_number,session.code,session.label,session.mturk_HITId,session.mturk_HITGroupId,session.comment,session.is_demo
1,h08ze7ox,,1,22,21,Outro,Results,2021-04-05 19:58:11.014485+00:00,1,,,0.00,1,33,38,not specified,3,widowed,0,1,20149,yes,3,22,4,1,lorem ipsum 1,lorem ipsum 2,hello world!,10,1,0.00,1,1,0kihcn1h,,,,,0
2,brhitvig,,1,22,21,Outro,Results,2021-04-05 19:58:11.068359+00:00,1,,,0.00,2,29,37,not specified,1,widowed,0,5,20149,yes,3,32,2,4,lorem ipsum 1,lorem ipsum 2,hello world!,4,8,0.00,1,1,0kihcn1h,,,,,0
3,thqpfjil,,1,22,21,Outro,Results,2021-04-05 19:58:11.094195+00:00,1,,,10.00,3,20,10,not specified,3,widowed,3,2,20149,yes,3,32,1,1,lorem ipsum 1,lorem ipsum 2,hello world!,4,9,0.00,1,1,0kihcn1h,,,,,0
4,t5i8zz75,,1,22,21,Outro,Results,2021-04-05 19:58:11.119643+00:00,1,,,10.00,4,14,15,not specified,2,widowed,3,5,20149,yes,1,9,1,2,lorem ipsum 1,lorem ipsum 2,hello world!,0,1,0.00,1,1,0kihcn1h,,,,,0
5,i5l5kll2,,1,22,21,Outro,Results,2021-04-05 19:58:11.143414+00:00,1,,,0.00,5,26,45,not specified,2,widowed,3,2,20149,yes,3,33,1,1,lorem ipsum 1,lorem ipsum 2,hello world!,3,0,0.00,1,1,0kihcn1h,,,,,0
6,kazmpuan,,1,22,21,Outro,Results,2021-04-05 19:58:11.167724+00:00,1,,,10.00,6,1,25,not specified,5,widowed,1,1,20149,yes,0,27,4,1,lorem ipsum 1,lorem ipsum 2,hello world!,0,8,0.00,1,1,0kihcn1h,,,,,0
7,jpbx9u9y,,1,22,21,Outro,Results,2021-04-05 19:58:11.191943+00:00,1,,,0.00,7,31,40,not specified,5,widowed,1,3,20149,yes,4,13,3,1,lorem ipsum 1,lorem ipsum 2,hello world!,9,10,0.00,1,1,0kihcn1h,,,,,0
8,af93jvlz,,1,22,21,Outro,Results,2021-04-05 19:58:11.218996+00:00,1,,,10.00,8,1,26,not specified,3,widowed,0,4,20149,yes,1,18,4,1,lorem ipsum 1,lorem ipsum 2,hello world!,3,3,0.00,1,1,0kihcn1h,,,,,0
9,mlzj3smn,,1,22,21,Outro,Results,2021-04-05 19:58:11.242138+00:00,1,,,10.00,9,3,21,not specified,6,widowed,1,5,20149,yes,2,4,3,3,lorem ipsum 1,lorem ipsum 2,hello world!,6,8,0.00,1,1,0kihcn1h,,,,,0
10,krvbilrz,,1,22,21,Outro,Results,2021-04-05 19:58:11.266795+00:00,1,,,0.00,10,29,39,not specified,6,widowed,3,3,20149,yes,5,33,0,3,lorem ipsum 1,lorem ipsum 2,hello world!,1,5,0.00,1,1,0kihcn1h,,,,,0
11,prpilzbe,,1,22,21,Outro,Results,2021-04-05 19:58:11.289944+00:00,1,,,10.00,11,8,23,not specified,4,widowed,3,5,20149,yes,0,5,1,2,lorem ipsum 1,lorem ipsum 2,hello world!,1,1,0.00,1,1,0kihcn1h,,,,,0
12,66fcypyi,,1,22,21,Outro,Results,2021-04-05 19:58:11.314539+00:00,1,,,0.00,12,14,50,not specified,4,widowed,4,3,20149,yes,5,7,2,1,lorem ipsum 1,lorem ipsum 2,hello world!,6,9,0.00,1,1,0kihcn1h,,,,,0
13,mt2zhjut,,1,22,21,Outro,Results,2021-04-05 19:58:11.391271+00:00,1,,,0.00,13,26,15,not specified,7,widowed,4,5,20149,yes,4,22,2,0,lorem ipsum 1,lorem ipsum 2,hello world!,10,6,0.00,1,1,0kihcn1h,,,,,0
14,sf3u2ovr,,1,22,21,Outro,Results,2021-04-05 19:58:11.414185+00:00,1,,,0.00,14,34,55,not specified,2,widowed,2,4,20149,yes,5,17,2,4,lorem ipsum 1,lorem ipsum 2,hello world!,0,10,0.00,1,1,0kihcn1h,,,,,0
15,k81c0pz3,,1,22,21,Outro,Results,2021-04-05 19:58:11.438321+00:00,1,,,0.00,15,15,64,not specified,0,widowed,3,4,20149,yes,1,17,0,0,lorem ipsum 1,lorem ipsum 2,hello world!,1,1,0.00,1,1,0kihcn1h,,,,,0
16,2a5tyc2v,,1,22,21,Outro,Results,2021-04-05 19:58:11.460931+00:00,1,,,10.00,16,15,26,not specified,2,widowed,1,2,20149,yes,4,19,2,3,lorem ipsum 1,lorem ipsum 2,hello world!,1,7,0.00,1,1,0kihcn1h,,,,,0
17,0w7fxwvp,,1,22,21,Outro,Results,2021-04-05 19:58:11.483954+00:00,1,,,10.00,17,25,44,not specified,0,widowed,3,2,20149,yes,2,6,2,2,lorem ipsum 1,lorem ipsum 2,hello world!,9,10,0.00,1,1,0kihcn1h,,,,,0
18,pdiwzp8o,,1,22,21,Outro,Results,2021-04-05 19:58:11.506406+00:00,1,,,10.00,18,2,36,not specified,3,widowed,4,0,20149,yes,4,5,3,4,lorem ipsum 1,lorem ipsum 2,hello world!,8,5,0.00,1,1,0kihcn1h,,,,,0
19,fea4erj3,,1,22,21,Outro,Results,2021-04-05 19:58:11.528849+00:00,1,,,0.00,19,17,16,not specified,6,widowed,4,5,20149,yes,1,3,0,0,lorem ipsum 1,lorem ipsum 2,hello world!,0,7,0.00,1,1,0kihcn1h,,,,,0
20,z0kf1wov,,1,22,21,Outro,Results,2021-04-05 19:58:11.551132+00:00,1,,,10.00,20,21,29,not specified,3,widowed,3,5,20149,yes,4,11,1,4,lorem ipsum 1,lorem ipsum 2,hello world!,7,8,0.00,1,1,0kihcn1h,,,,,0
21,29zorgu1,,1,22,21,Outro,Results,2021-04-05 19:58:11.574001+00:00,1,,,0.00,21,26,20,not specified,1,widowed,2,0,20149,yes,4,0,4,4,lorem ipsum 1,lorem ipsum 2,hello world!,6,5,0.00,1,1,0kihcn1h,,,,,0
22,huy3olr5,,1,22,21,Outro,Results,2021-04-05 19:58:11.597750+00:00,1,,,10.00,22,14,56,not specified,5,widowed,0,0,20149,yes,0,22,4,2,lorem ipsum 1,lorem ipsum 2,hello world!,1,1,0.00,1,1,0kihcn1h,,,,,0
23,xzakq199,,1,22,21,Outro,Results,2021-04-05 19:58:11.619890+00:00,1,,,10.00,23,6,4,not specified,0,widowed,3,0,20149,yes,0,15,3,3,lorem ipsum 1,lorem ipsum 2,hello world!,3,3,0.00,1,1,0kihcn1h,,,,,0
24,b3hcdcbm,,1,22,21,Outro,Results,2021-04-05 19:58:11.643248+00:00,1,,,10.00,24,28,15,not specified,0,widowed,2,5,20149,yes,1,23,1,0,lorem ipsum 1,lorem ipsum 2,hello world!,3,4,0.00,1,1,0kihcn1h,,,,,0
25,vti4c487,,1,22,21,Outro,Results,2021-04-05 19:58:11.665714+00:00,1,,,0.00,25,35,40,not specified,2,widowed,4,2,20149,yes,5,19,1,1,lorem ipsum 1,lorem ipsum 2,hello world!,4,5,0.00,1,1,0kihcn1h,,,,,0
26,57vc3log,,1,22,21,Outro,Results,2021-04-05 19:58:11.688882+00:00,1,,,0.00,26,2,22,not specified,2,widowed,4,1,20149,yes,4,31,3,2,lorem ipsum 1,lorem ipsum 2,hello world!,3,0,0.00,1,1,0kihcn1h,,,,,0
27,0kl4nog7,,1,22,21,Outro,Results,2021-04-05 19:58:11.711319+00:00,1,,,10.00,27,2,10,not specified,6,widowed,3,5,20149,yes,0,22,1,4,lorem ipsum 1,lorem ipsum 2,hello world!,0,9,0.00,1,1,0kihcn1h,,,,,0
28,tf3x02jg,,1,22,21,Outro,Results,2021-04-05 19:58:11.734083+00:00,1,,,10.00,28,35,16,not specified,1,widowed,3,1,20149,yes,1,11,0,3,lorem ipsum 1,lorem ipsum 2,hello world!,9,7,0.00,1,1,0kihcn1h,,,,,0
29,487wgjum,,1,22,21,Outro,Results,2021-04-05 19:58:11.756412+00:00,1,,,10.00,29,20,37,not specified,7,widowed,3,1,20149,yes,3,13,3,4,lorem ipsum 1,lorem ipsum 2,hello world!,3,6,0.00,1,1,0kihcn1h,,,,,0
30,egkzwwb7,,1,22,21,Outro,Results,2021-04-05 19:58:11.779432+00:00,1,,,10.00,30,25,39,not specified,3,widowed,3,1,20149,yes,2,10,4,0,lorem ipsum 1,lorem ipsum 2,hello world!,5,8,0.00,1,1,0kihcn1h,,,,,0
31,hp0066y5,,1,22,21,Outro,Results,2021-04-05 19:58:11.801193+00:00,1,,,0.00,31,24,50,not specified,7,widowed,0,1,20149,yes,4,33,4,2,lorem ipsum 1,lorem ipsum 2,hello world!,1,1,0.00,1,1,0kihcn1h,,,,,0
32,rzrine42,,1,22,21,Outro,Results,2021-04-05 19:58:11.824735+00:00,1,,,10.00,32,5,11,not specified,4,widowed,0,0,20149,yes,5,2,1,4,lorem ipsum 1,lorem ipsum 2,hello world!,0,10,0.00,1,1,0kihcn1h,,,,,0
33,g9vcrz6k,,1,22,21,Outro,Results,2021-04-05 19:58:11.847645+00:00,1,,,10.00,33,3,21,not specified,2,widowed,1,0,20149,yes,5,3,1,0,lorem ipsum 1,lorem ipsum 2,hello world!,2,2,0.00,1,1,0kihcn1h,,,,,0
34,1di75fzi,,1,22,21,Outro,Results,2021-04-05 19:58:11.870152+00:00,1,,,10.00,34,5,53,not specified,2,widowed,0,4,20149,yes,1,20,0,1,lorem ipsum 1,lorem ipsum 2,hello world!,0,7,0.00,1,1,0kihcn1h,,,,,0
35,bqrm3nek,,1,22,21,Outro,Results,2021-04-05 19:58:11.894118+00:00,1,,,10.00,35,14,47,not specified,5,widowed,2,2,20149,yes,2,23,0,4,lorem ipsum 1,lorem ipsum 2,hello world!,6,2,0.00,1,1,0kihcn1h,,,,,0
36,ut9j4zy0,,1,22,21,Outro,Results,2021-04-05 19:58:11.915934+00:00,1,,,10.00,36,31,65,not specified,4,widowed,0,1,20149,yes,5,3,0,2,lorem ipsum 1,lorem ipsum 2,hello world!,10,3,0.00,1,1,0kihcn1h,,,,,0
37,ae35774r,,1,22,21,Outro,Results,2021-04-05 19:58:11.938096+00:00,1,,,10.00,37,21,20,not specified,4,widowed,1,2,20149,yes,5,33,0,3,lorem ipsum 1,lorem ipsum 2,hello world!,2,8,0.00,1,1,0kihcn1h,,,,,0
38,fmj6a90v,,1,22,21,Outro,Results,2021-04-05 19:58:11.960469+00:00,1,,,0.00,38,9,64,not specified,7,widowed,2,1,20149,yes,0,27,3,3,lorem ipsum 1,lorem ipsum 2,hello world!,7,4,0.00,1,1,0kihcn1h,,,,,0
39,dibl7fa4,,1,22,21,Outro,Results,2021-04-05 19:58:11.983194+00:00,1,,,10.00,39,16,17,not specified,7,widowed,1,1,20149,yes,2,5,1,1,lorem ipsum 1,lorem ipsum 2,hello world!,6,3,0.00,1,1,0kihcn1h,,,,,0
40,7tzfj99x,,1,22,21,Outro,Results,2021-04-05 19:58:12.006722+00:00,1,,,10.00,40,27,48,not specified,7,widowed,3,2,20149,yes,0,3,2,1,lorem ipsum 1,lorem ipsum 2,hello world!,5,3,0.00,1,1,0kihcn1h,,,,,0
41,6fhwm3td,,1,22,21,Outro,Results,2021-04-05 19:58:12.028923+00:00,1,,,10.00,41,26,15,not specified,4,widowed,0,5,20149,yes,3,15,3,0,lorem ipsum 1,lorem ipsum 2,hello world!,2,5,0.00,1,1,0kihcn1h,,,,,0
42,iabxc8n7,,1,22,21,Outro,Results,2021-04-05 19:58:12.050871+00:00,1,,,0.00,42,16,17,not specified,4,widowed,0,5,20149,yes,1,2,2,3,lorem ipsum 1,lorem ipsum 2,hello world!,9,0,0.00,1,1,0kihcn1h,,,,,0
43,p7nm9em7,,1,22,21,Outro,Results,2021-04-05 19:58:12.072955+00:00,1,,,0.00,43,10,46,not specified,8,widowed,3,0,20149,yes,2,33,4,4,lorem ipsum 1,lorem ipsum 2,hello world!,4,2,0.00,1,1,0kihcn1h,,,,,0
44,1i5zis7m,,1,22,21,Outro,Results,2021-04-05 19:58:12.095584+00:00,1,,,10.00,44,18,44,not specified,5,widowed,4,0,20149,yes,0,13,4,3,lorem ipsum 1,lorem ipsum 2,hello world!,7,5,0.00,1,1,0kihcn1h,,,,,0
45,w6514gpm,,1,22,21,Outro,Results,2021-04-05 19:58:12.117786+00:00,1,,,0.00,45,12,53,not specified,8,widowed,4,4,20149,yes,2,9,3,3,lorem ipsum 1,lorem ipsum 2,hello world!,2,5,0.00,1,1,0kihcn1h,,,,,0
46,web5hdo4,,1,22,21,Outro,Results,2021-04-05 19:58:12.140828+00:00,1,,,0.00,46,19,46,not specified,4,widowed,3,1,20149,yes,2,18,1,0,lorem ipsum 1,lorem ipsum 2,hello world!,0,0,0.00,1,1,0kihcn1h,,,,,0
47,ebt4kr0w,,1,22,21,Outro,Results,2021-04-05 19:58:12.163169+00:00,1,,,0.00,47,20,45,not specified,4,widowed,4,1,20149,yes,1,20,3,3,lorem ipsum 1,lorem ipsum 2,hello world!,5,7,0.00,1,1,0kihcn1h,,,,,0
48,d19lg6ef,,1,22,21,Outro,Results,2021-04-05 19:58:12.186227+00:00,1,,,10.00,48,12,8,not specified,8,widowed,3,2,20149,yes,3,16,4,1,lorem ipsum 1,lorem ipsum 2,hello world!,9,8,0.00,1,1,0kihcn1h,,,,,0
49,bjiwef4j,,1,22,21,Outro,Results,2021-04-05 19:58:12.208964+00:00,1,,,0.00,49,15,25,not specified,0,widowed,2,2,20149,yes,1,20,2,4,lorem ipsum 1,lorem ipsum 2,hello world!,9,3,0.00,1,1,0kihcn1h,,,,,0
50,ok7undju,,1,22,21,Outro,Results,2021-04-05 19:58:12.231606+00:00,1,,,10.00,50,23,36,not specified,4,widowed,2,0,20149,yes,3,5,0,1,lorem ipsum 1,lorem ipsum 2,hello world!,7,5,0.00,1,1,0kihcn1h,,,,,0
51,pjygcafc,,1,22,21,Outro,Results,2021-04-05 19:58:12.254097+00:00,1,,,0.00,51,5,35,not specified,4,widowed,4,2,20149,yes,0,0,0,2,lorem ipsum 1,lorem ipsum 2,hello world!,8,8,0.00,1,1,0kihcn1h,,,,,0
52,mh6y037k,,1,22,21,Outro,Results,2021-04-05 19:58:12.278674+00:00,1,,,0.00,52,27,8,not specified,8,widowed,3,0,20149,yes,1,0,0,3,lorem ipsum 1,lorem ipsum 2,hello world!,1,2,0.00,1,1,0kihcn1h,,,,,0
53,urcrkj2m,,1,22,21,Outro,Results,2021-04-05 19:58:12.301266+00:00,1,,,10.00,53,16,7,not specified,6,widowed,3,1,20149,yes,3,34,2,3,lorem ipsum 1,lorem ipsum 2,hello world!,7,2,0.00,1,1,0kihcn1h,,,,,0
54,gb74pe8h,,1,22,21,Outro,Results,2021-04-05 19:58:12.323911+00:00,1,,,10.00,54,7,17,not specified,1,widowed,2,3,20149,yes,2,35,0,4,lorem ipsum 1,lorem ipsum 2,hello world!,7,6,0.00,1,1,0kihcn1h,,,,,0
55,9wurd4pb,,1,22,21,Outro,Results,2021-04-05 19:58:12.346705+00:00,1,,,0.00,55,4,12,not specified,5,widowed,4,1,20149,yes,2,9,1,4,lorem ipsum 1,lorem ipsum 2,hello world!,6,2,0.00,1,1,0kihcn1h,,,,,0
56,lz0klcba,,1,22,21,Outro,Results,2021-04-05 19:58:12.368950+00:00,1,,,10.00,56,27,42,not specified,5,widowed,1,1,20149,yes,1,9,2,2,lorem ipsum 1,lorem ipsum 2,hello world!,6,7,0.00,1,1,0kihcn1h,,,,,0
57,qjmqs16w,,1,22,21,Outro,Results,2021-04-05 19:58:12.392449+00:00,1,,,10.00,57,34,15,not specified,1,widowed,1,4,20149,yes,3,24,4,0,lorem ipsum 1,lorem ipsum 2,hello world!,7,3,0.00,1,1,0kihcn1h,,,,,0
58,9xv8xalq,,1,22,21,Outro,Results,2021-04-05 19:58:12.417498+00:00,1,,,10.00,58,30,30,not specified,7,widowed,3,4,20149,yes,1,24,1,0,lorem ipsum 1,lorem ipsum 2,hello world!,1,2,0.00,1,1,0kihcn1h,,,,,0
59,ctxfugk9,,1,22,21,Outro,Results,2021-04-05 19:58:12.442194+00:00,1,,,10.00,59,7,64,not specified,4,widowed,3,3,20149,yes,4,12,4,4,lorem ipsum 1,lorem ipsum 2,hello world!,10,5,0.00,1,1,0kihcn1h,,,,,0
60,tbeg4yre,,1,22,21,Outro,Results,2021-04-05 19:58:12.465565+00:00,1,,,10.00,60,0,41,not specified,6,widowed,0,2,20149,yes,1,24,0,0,lorem ipsum 1,lorem ipsum 2,hello world!,8,1,0.00,1,1,0kihcn1h,,,,,0
61,0a9vb7sw,,1,22,21,Outro,Results,2021-04-05 19:58:12.488712+00:00,1,,,10.00,61,30,64,not specified,1,widowed,1,0,20149,yes,3,15,0,0,lorem ipsum 1,lorem ipsum 2,hello world!,2,4,0.00,1,1,0kihcn1h,,,,,0
62,kyrw96ym,,1,22,21,Outro,Results,2021-04-05 19:58:12.554439+00:00,1,,,10.00,62,8,48,not specified,3,widowed,1,3,20149,yes,5,17,3,4,lorem ipsum 1,lorem ipsum 2,hello world!,6,3,0.00,1,1,0kihcn1h,,,,,0
63,213wj6m2,,1,22,21,Outro,Results,2021-04-05 19:58:12.577017+00:00,1,,,0.00,63,6,2,not specified,7,widowed,1,0,20149,yes,3,34,3,2,lorem ipsum 1,lorem ipsum 2,hello world!,5,0,0.00,1,1,0kihcn1h,,,,,0
64,pii3t75g,,1,22,21,Outro,Results,2021-04-05 19:58:12.599480+00:00,1,,,10.00,64,23,17,not specified,4,widowed,2,3,20149,yes,0,0,0,1,lorem ipsum 1,lorem ipsum 2,hello world!,3,9,0.00,1,1,0kihcn1h,,,,,0
65,13jbscv4,,1,22,21,Outro,Results,2021-04-05 19:58:12.622545+00:00,1,,,0.00,65,4,6,not specified,8,widowed,3,2,20149,yes,1,26,2,0,lorem ipsum 1,lorem ipsum 2,hello world!,9,3,0.00,1,1,0kihcn1h,,,,,0
66,7k7witri,,1,22,21,Outro,Results,2021-04-05 19:58:12.647098+00:00,1,,,0.00,66,34,14,not specified,3,widowed,2,1,20149,yes,1,7,2,4,lorem ipsum 1,lorem ipsum 2,hello world!,9,9,0.00,1,1,0kihcn1h,,,,,0
67,5m61r3pv,,1,22,21,Outro,Results,2021-04-05 19:58:12.669987+00:00,1,,,0.00,67,21,24,not specified,5,widowed,4,5,20149,yes,1,7,4,3,lorem ipsum 1,lorem ipsum 2,hello world!,10,10,0.00,1,1,0kihcn1h,,,,,0
68,mpnynwvb,,1,22,21,Outro,Results,2021-04-05 19:58:12.695059+00:00,1,,,0.00,68,12,16,not specified,7,widowed,3,1,20149,yes,5,23,2,4,lorem ipsum 1,lorem ipsum 2,hello world!,9,8,0.00,1,1,0kihcn1h,,,,,0
69,upikhpgv,,1,22,21,Outro,Results,2021-04-05 19:58:12.717946+00:00,1,,,10.00,69,19,26,not specified,7,widowed,1,3,20149,yes,4,20,4,0,lorem ipsum 1,lorem ipsum 2,hello world!,6,0,0.00,1,1,0kihcn1h,,,,,0
70,7vmai1es,,1,22,21,Outro,Results,2021-04-05 19:58:12.741838+00:00,1,,,10.00,70,11,20,not specified,1,widowed,1,2,20149,yes,3,11,1,0,lorem ipsum 1,lorem ipsum 2,hello world!,8,7,0.00,1,1,0kihcn1h,,,,,0
71,dy99fuiy,,1,22,21,Outro,Results,2021-04-05 19:58:12.764897+00:00,1,,,10.00,71,19,41,not specified,6,widowed,4,4,20149,yes,0,31,4,4,lorem ipsum 1,lorem ipsum 2,hello world!,7,4,0.00,1,1,0kihcn1h,,,,,0
72,csx04k1n,,1,22,21,Outro,Results,2021-04-05 19:58:12.787336+00:00,1,,,0.00,72,24,1,not specified,3,widowed,4,1,20149,yes,4,15,2,3,lorem ipsum 1,lorem ipsum 2,hello world!,3,9,0.00,1,1,0kihcn1h,,,,,0
73,4iqhdgbs,,1,22,21,Outro,Results,2021-04-05 19:58:12.810753+00:00,1,,,0.00,73,16,7,not specified,0,widowed,2,5,20149,yes,2,23,3,1,lorem ipsum 1,lorem ipsum 2,hello world!,3,1,0.00,1,1,0kihcn1h,,,,,0
74,j6g4vbuc,,1,22,21,Outro,Results,2021-04-05 19:58:12.832876+00:00,1,,,10.00,74,14,63,not specified,1,widowed,3,4,20149,yes,2,8,2,4,lorem ipsum 1,lorem ipsum 2,hello world!,7,6,0.00,1,1,0kihcn1h,,,,,0
75,j3whsbot,,1,22,21,Outro,Results,2021-04-05 19:58:12.856680+00:00,1,,,10.00,75,18,37,not specified,8,widowed,4,2,20149,yes,3,19,2,3,lorem ipsum 1,lorem ipsum 2,hello world!,6,9,0.00,1,1,0kihcn1h,,,,,0
76,er75v1o6,,1,22,21,Outro,Results,2021-04-05 19:58:12.879071+00:00,1,,,0.00,76,23,45,not specified,5,widowed,0,5,20149,yes,1,23,2,3,lorem ipsum 1,lorem ipsum 2,hello world!,7,6,0.00,1,1,0kihcn1h,,,,,0
77,vshu83jt,,1,22,21,Outro,Results,2021-04-05 19:58:12.901665+00:00,1,,,10.00,77,25,33,not specified,6,widowed,0,3,20149,yes,1,12,1,4,lorem ipsum 1,lorem ipsum 2,hello world!,1,2,0.00,1,1,0kihcn1h,,,,,0
78,k0qlkxy1,,1,22,21,Outro,Results,2021-04-05 19:58:12.924367+00:00,1,,,10.00,78,19,46,not specified,3,widowed,2,2,20149,yes,2,12,1,1,lorem ipsum 1,lorem ipsum 2,hello world!,3,0,0.00,1,1,0kihcn1h,,,,,0
79,3zk14vh9,,1,22,21,Outro,Results,2021-04-05 19:58:12.947824+00:00,1,,,0.00,79,17,9,not specified,4,widowed,3,1,20149,yes,0,21,3,0,lorem ipsum 1,lorem ipsum 2,hello world!,5,8,0.00,1,1,0kihcn1h,,,,,0
80,r0ghsgk9,,1,22,21,Outro,Results,2021-04-05 19:58:12.970271+00:00,1,,,10.00,80,12,42,not specified,4,widowed,4,3,20149,yes,3,16,0,4,lorem ipsum 1,lorem ipsum 2,hello world!,1,4,0.00,1,1,0kihcn1h,,,,,0
81,2phi26k3,,1,22,21,Outro,Results,2021-04-05 19:58:12.993058+00:00,1,,,10.00,81,9,17,not specified,3,widowed,1,3,20149,yes,1,5,2,0,lorem ipsum 1,lorem ipsum 2,hello world!,9,0,0.00,1,1,0kihcn1h,,,,,0
82,m1s2m9ky,,1,22,21,Outro,Results,2021-04-05 19:58:13.015319+00:00,1,,,0.00,82,17,64,not specified,1,widowed,0,2,20149,yes,4,6,1,4,lorem ipsum 1,lorem ipsum 2,hello world!,2,8,0.00,1,1,0kihcn1h,,,,,0
83,q3g2xok9,,1,22,21,Outro,Results,2021-04-05 19:58:13.037331+00:00,1,,,0.00,83,25,43,not specified,8,widowed,2,0,20149,yes,0,30,1,4,lorem ipsum 1,lorem ipsum 2,hello world!,7,2,0.00,1,1,0kihcn1h,,,,,0
84,fkq7qbn5,,1,22,21,Outro,Results,2021-04-05 19:58:13.061236+00:00,1,,,0.00,84,24,14,not specified,0,widowed,4,0,20149,yes,4,6,3,4,lorem ipsum 1,lorem ipsum 2,hello world!,8,9,0.00,1,1,0kihcn1h,,,,,0
85,efmv9zat,,1,22,21,Outro,Results,2021-04-05 19:58:13.083948+00:00,1,,,0.00,85,31,34,not specified,0,widowed,4,4,20149,yes,1,25,1,2,lorem ipsum 1,lorem ipsum 2,hello world!,9,2,0.00,1,1,0kihcn1h,,,,,0
86,ufkzq8ux,,1,22,21,Outro,Results,2021-04-05 19:58:13.107922+00:00,1,,,10.00,86,4,16,not specified,6,widowed,1,2,20149,yes,2,5,0,4,lorem ipsum 1,lorem ipsum 2,hello world!,1,8,0.00,1,1,0kihcn1h,,,,,0
87,ur7i8l1g,,1,22,21,Outro,Results,2021-04-05 19:58:13.130963+00:00,1,,,10.00,87,4,55,not specified,6,widowed,3,0,20149,yes,4,34,1,3,lorem ipsum 1,lorem ipsum 2,hello world!,3,2,0.00,1,1,0kihcn1h,,,,,0
88,mreqmhba,,1,22,21,Outro,Results,2021-04-05 19:58:13.154618+00:00,1,,,0.00,88,29,18,not specified,5,widowed,3,1,20149,yes,1,1,1,1,lorem ipsum 1,lorem ipsum 2,hello world!,3,0,0.00,1,1,0kihcn1h,,,,,0
89,o4lol3lp,,1,22,21,Outro,Results,2021-04-05 19:58:13.177414+00:00,1,,,10.00,89,33,14,not specified,3,widowed,3,2,20149,yes,2,10,0,0,lorem ipsum 1,lorem ipsum 2,hello world!,0,5,0.00,1,1,0kihcn1h,,,,,0
90,ctyo9mxy,,1,22,21,Outro,Results,2021-04-05 19:58:13.200182+00:00,1,,,10.00,90,30,35,not specified,5,widowed,4,3,20149,yes,0,21,4,4,lorem ipsum 1,lorem ipsum 2,hello world!,5,0,0.00,1,1,0kihcn1h,,,,,0
91,9nyh1jif,,1,22,21,Outro,Results,2021-04-05 19:58:13.222807+00:00,1,,,0.00,91,31,50,not specified,5,widowed,4,1,20149,yes,5,31,0,3,lorem ipsum 1,lorem ipsum 2,hello world!,6,7,0.00,1,1,0kihcn1h,,,,,0
92,htd922yh,,1,22,21,Outro,Results,2021-04-05 19:58:13.245960+00:00,1,,,0.00,92,16,2,not specified,4,widowed,2,3,20149,yes,2,9,1,3,lorem ipsum 1,lorem ipsum 2,hello world!,3,6,0.00,1,1,0kihcn1h,,,,,0
93,9oayzx1n,,1,22,21,Outro,Results,2021-04-05 19:58:13.268693+00:00,1,,,10.00,93,5,51,not specified,3,widowed,2,2,20149,yes,3,14,1,3,lorem ipsum 1,lorem ipsum 2,hello world!,10,8,0.00,1,1,0kihcn1h,,,,,0
94,2tosylg7,,1,22,21,Outro,Results,2021-04-05 19:58:13.291750+00:00,1,,,10.00,94,24,32,not specified,2,widowed,1,2,20149,yes,1,3,2,4,lorem ipsum 1,lorem ipsum 2,hello world!,8,2,0.00,1,1,0kihcn1h,,,,,0
95,hj5ndwzt,,1,22,21,Outro,Results,2021-04-05 19:58:13.314716+00:00,1,,,10.00,95,7,47,not specified,3,widowed,3,1,20149,yes,2,4,0,0,lorem ipsum 1,lorem ipsum 2,hello world!,10,0,0.00,1,1,0kihcn1h,,,,,0
96,s93xmcb6,,1,22,21,Outro,Results,2021-04-05 19:58:13.338593+00:00,1,,,0.00,96,14,57,not specified,4,widowed,0,1,20149,yes,5,25,4,4,lorem ipsum 1,lorem ipsum 2,hello world!,8,6,0.00,1,1,0kihcn1h,,,,,0
97,5c4k7wkq,,1,22,21,Outro,Results,2021-04-05 19:58:13.362415+00:00,1,,,10.00,97,24,59,not specified,1,widowed,0,5,20149,yes,2,18,3,1,lorem ipsum 1,lorem ipsum 2,hello world!,5,0,0.00,1,1,0kihcn1h,,,,,0
98,3m2v7551,,1,22,21,Outro,Results,2021-04-05 19:58:13.386331+00:00,1,,,10.00,98,32,28,not specified,2,widowed,1,0,20149,yes,0,17,4,1,lorem ipsum 1,lorem ipsum 2,hello world!,10,10,0.00,1,1,0kihcn1h,,,,,0
99,klrujp5k,,1,22,21,Outro,Results,2021-04-05 19:58:13.409716+00:00,1,,,0.00,99,9,39,not specified,3,widowed,1,5,20149,yes,5,3,1,0,lorem ipsum 1,lorem ipsum 2,hello world!,7,2,0.00,1,1,0kihcn1h,,,,,0
100,y52wjawu,,1,22,21,Outro,Results,2021-04-05 19:58:13.431882+00:00,1,,,10.00,100,35,0,not specified,1,widowed,1,2,20149,yes,5,13,2,4,lorem ipsum 1,lorem ipsum 2,hello world!,8,8,0.00,1,1,0kihcn1h,,,,,0
101,vpfcoe2o,,1,22,21,Outro,Results,2021-04-05 19:58:13.454686+00:00,1,,,10.00,101,33,21,not specified,4,widowed,3,3,20149,yes,0,16,2,2,lorem ipsum 1,lorem ipsum 2,hello world!,1,3,0.00,1,1,0kihcn1h,,,,,0
102,aym4zjp5,,1,22,21,Outro,Results,2021-04-05 19:58:13.477733+00:00,1,,,10.00,102,32,26,not specified,1,widowed,2,4,20149,yes,4,31,1,1,lorem ipsum 1,lorem ipsum 2,hello world!,3,7,0.00,1,1,0kihcn1h,,,,,0
103,4mn71ymt,,1,22,21,Outro,Results,2021-04-05 19:58:13.499765+00:00,1,,,0.00,103,2,28,not specified,1,widowed,0,3,20149,yes,5,0,3,1,lorem ipsum 1,lorem ipsum 2,hello world!,10,2,0.00,1,1,0kihcn1h,,,,,0
104,6657t4w8,,1,22,21,Outro,Results,2021-04-05 19:58:13.524265+00:00,1,,,0.00,104,14,48,not specified,5,widowed,3,0,20149,yes,0,35,3,4,lorem ipsum 1,lorem ipsum 2,hello world!,7,5,0.00,1,1,0kihcn1h,,,,,0
105,zl48h839,,1,22,21,Outro,Results,2021-04-05 19:58:13.548667+00:00,1,,,0.00,105,30,34,not specified,3,widowed,3,1,20149,yes,4,13,3,4,lorem ipsum 1,lorem ipsum 2,hello world!,10,10,0.00,1,1,0kihcn1h,,,,,0
106,roaj31ni,,1,22,21,Outro,Results,2021-04-05 19:58:13.574615+00:00,1,,,0.00,106,32,50,not specified,3,widowed,3,2,20149,yes,5,10,3,2,lorem ipsum 1,lorem ipsum 2,hello world!,1,4,0.00,1,1,0kihcn1h,,,,,0
107,9hk1q27i,,1,22,21,Outro,Results,2021-04-05 19:58:13.605534+00:00,1,,,10.00,107,13,60,not specified,4,widowed,2,5,20149,yes,1,26,2,1,lorem ipsum 1,lorem ipsum 2,hello world!,8,8,0.00,1,1,0kihcn1h,,,,,0
108,2dbt31lj,,1,22,21,Outro,Results,2021-04-05 19:58:13.636312+00:00,1,,,0.00,108,2,60,not specified,0,widowed,2,3,20149,yes,4,21,2,1,lorem ipsum 1,lorem ipsum 2,hello world!,7,0,0.00,1,1,0kihcn1h,,,,,0
109,cedb9zid,,1,22,21,Outro,Results,2021-04-05 19:58:13.663737+00:00,1,,,0.00,109,35,41,not specified,1,widowed,0,3,20149,yes,0,9,2,1,lorem ipsum 1,lorem ipsum 2,hello world!,3,5,0.00,1,1,0kihcn1h,,,,,0
110,ixc2uz6p,,1,22,21,Outro,Results,2021-04-05 19:58:13.754813+00:00,1,,,0.00,110,18,54,not specified,7,widowed,0,4,20149,yes,1,34,2,4,lorem ipsum 1,lorem ipsum 2,hello world!,1,9,0.00,1,1,0kihcn1h,,,,,0
111,tys18oat,,1,22,21,Outro,Results,2021-04-05 19:58:13.785688+00:00,1,,,10.00,111,21,52,not specified,6,widowed,2,5,20149,yes,5,3,0,4,lorem ipsum 1,lorem ipsum 2,hello world!,1,3,0.00,1,1,0kihcn1h,,,,,0
112,x65mihwj,,1,22,21,Outro,Results,2021-04-05 19:58:13.812430+00:00,1,,,0.00,112,22,17,not specified,0,widowed,3,1,20149,yes,1,26,1,2,lorem ipsum 1,lorem ipsum 2,hello world!,2,8,0.00,1,1,0kihcn1h,,,,,0
113,hmwbaq2b,,1,22,21,Outro,Results,2021-04-05 19:58:13.837618+00:00,1,,,0.00,113,4,15,not specified,8,widowed,4,3,20149,yes,1,11,4,2,lorem ipsum 1,lorem ipsum 2,hello world!,5,3,0.00,1,1,0kihcn1h,,,,,0
114,qy5ppc73,,1,22,21,Outro,Results,2021-04-05 19:58:13.861994+00:00,1,,,0.00,114,34,57,not specified,3,widowed,2,5,20149,yes,0,18,4,0,lorem ipsum 1,lorem ipsum 2,hello world!,9,3,0.00,1,1,0kihcn1h,,,,,0
115,66nlmvxj,,1,22,21,Outro,Results,2021-04-05 19:58:13.888684+00:00,1,,,10.00,115,10,36,not specified,4,widowed,0,3,20149,yes,2,3,4,4,lorem ipsum 1,lorem ipsum 2,hello world!,5,1,0.00,1,1,0kihcn1h,,,,,0
116,njbr9n6m,,1,22,21,Outro,Results,2021-04-05 19:58:13.912830+00:00,1,,,0.00,116,12,27,not specified,4,widowed,1,1,20149,yes,0,9,2,0,lorem ipsum 1,lorem ipsum 2,hello world!,7,7,0.00,1,1,0kihcn1h,,,,,0
117,7y0q02md,,1,22,21,Outro,Results,2021-04-05 19:58:13.937408+00:00,1,,,10.00,117,5,53,not specified,6,widowed,1,5,20149,yes,0,6,4,1,lorem ipsum 1,lorem ipsum 2,hello world!,4,5,0.00,1,1,0kihcn1h,,,,,0
118,jwp26sn5,,1,22,21,Outro,Results,2021-04-05 19:58:13.961285+00:00,1,,,10.00,118,5,39,not specified,1,widowed,3,5,20149,yes,2,22,4,3,lorem ipsum 1,lorem ipsum 2,hello world!,4,6,0.00,1,1,0kihcn1h,,,,,0
119,8ncwi5gf,,1,22,21,Outro,Results,2021-04-05 19:58:13.987038+00:00,1,,,0.00,119,20,27,not specified,1,widowed,4,4,20149,yes,5,30,1,3,lorem ipsum 1,lorem ipsum 2,hello world!,7,10,0.00,1,1,0kihcn1h,,,,,0
120,ca0ppvg0,,1,22,21,Outro,Results,2021-04-05 19:58:14.012072+00:00,1,,,0.00,120,29,22,not specified,7,widowed,2,4,20149,yes,2,13,2,4,lorem ipsum 1,lorem ipsum 2,hello world!,7,2,0.00,1,1,0kihcn1h,,,,,0
121,m2mx5ofu,,1,22,21,Outro,Results,2021-04-05 19:58:14.036814+00:00,1,,,10.00,121,10,61,not specified,4,widowed,0,5,20149,yes,1,29,0,4,lorem ipsum 1,lorem ipsum 2,hello world!,0,3,0.00,1,1,0kihcn1h,,,,,0
122,82ixcagz,,1,22,21,Outro,Results,2021-04-05 19:58:14.061360+00:00,1,,,10.00,122,8,19,not specified,5,widowed,3,5,20149,yes,2,7,2,4,lorem ipsum 1,lorem ipsum 2,hello world!,8,10,0.00,1,1,0kihcn1h,,,,,0
123,038mnyt5,,1,22,21,Outro,Results,2021-04-05 19:58:14.086237+00:00,1,,,0.00,123,5,46,not specified,2,widowed,3,1,20149,yes,1,13,0,2,lorem ipsum 1,lorem ipsum 2,hello world!,9,5,0.00,1,1,0kihcn1h,,,,,0
124,1fshygfz,,1,22,21,Outro,Results,2021-04-05 19:58:14.111006+00:00,1,,,10.00,124,34,3,not specified,7,widowed,4,2,20149,yes,5,14,0,1,lorem ipsum 1,lorem ipsum 2,hello world!,7,2,0.00,1,1,0kihcn1h,,,,,0
125,vv8uwpub,,1,22,21,Outro,Results,2021-04-05 19:58:14.135308+00:00,1,,,10.00,125,12,8,not specified,2,widowed,1,3,20149,yes,2,15,4,4,lorem ipsum 1,lorem ipsum 2,hello world!,4,1,0.00,1,1,0kihcn1h,,,,,0
126,4vqcyu2f,,1,22,21,Outro,Results,2021-04-05 19:58:14.160097+00:00,1,,,10.00,126,26,59,not specified,2,widowed,3,5,20149,yes,3,1,1,3,lorem ipsum 1,lorem ipsum 2,hello world!,0,4,0.00,1,1,0kihcn1h,,,,,0
127,zhp62d8h,,1,22,21,Outro,Results,2021-04-05 19:58:14.183784+00:00,1,,,0.00,127,1,50,not specified,1,widowed,2,2,20149,yes,1,7,0,4,lorem ipsum 1,lorem ipsum 2,hello world!,0,7,0.00,1,1,0kihcn1h,,,,,0
128,ddik44sp,,1,22,21,Outro,Results,2021-04-05 19:58:14.209559+00:00,1,,,0.00,128,15,3,not specified,2,widowed,0,5,20149,yes,1,9,2,1,lorem ipsum 1,lorem ipsum 2,hello world!,6,8,0.00,1,1,0kihcn1h,,,,,0
129,hb1y412w,,1,22,21,Outro,Results,2021-04-05 19:58:14.233716+00:00,1,,,10.00,129,9,59,not specified,6,widowed,3,4,20149,yes,3,4,4,3,lorem ipsum 1,lorem ipsum 2,hello world!,3,1,0.00,1,1,0kihcn1h,,,,,0
130,sv6atoh2,,1,22,21,Outro,Results,2021-04-05 19:58:14.257772+00:00,1,,,0.00,130,14,52,not specified,7,widowed,1,4,20149,yes,4,17,2,4,lorem ipsum 1,lorem ipsum 2,hello world!,10,8,0.00,1,1,0kihcn1h,,,,,0
131,it1i8euw,,1,22,21,Outro,Results,2021-04-05 19:58:14.282942+00:00,1,,,10.00,131,28,38,not specified,5,widowed,4,0,20149,yes,0,17,0,2,lorem ipsum 1,lorem ipsum 2,hello world!,7,4,0.00,1,1,0kihcn1h,,,,,0
132,15d5v7ut,,1,22,21,Outro,Results,2021-04-05 19:58:14.308489+00:00,1,,,10.00,132,28,15,not specified,2,widowed,4,1,20149,yes,3,23,2,4,lorem ipsum 1,lorem ipsum 2,hello world!,3,9,0.00,1,1,0kihcn1h,,,,,0
133,wpylmm8n,,1,22,21,Outro,Results,2021-04-05 19:58:14.332544+00:00,1,,,0.00,133,35,23,not specified,2,widowed,2,4,20149,yes,0,26,4,4,lorem ipsum 1,lorem ipsum 2,hello world!,1,7,0.00,1,1,0kihcn1h,,,,,0
134,adsimlu7,,1,22,21,Outro,Results,2021-04-05 19:58:14.358121+00:00,1,,,0.00,134,30,26,not specified,1,widowed,0,2,20149,yes,0,32,4,1,lorem ipsum 1,lorem ipsum 2,hello world!,10,5,0.00,1,1,0kihcn1h,,,,,0
135,13pmx9zi,,1,22,21,Outro,Results,2021-04-05 19:58:14.382304+00:00,1,,,0.00,135,5,46,not specified,0,widowed,3,1,20149,yes,5,0,0,0,lorem ipsum 1,lorem ipsum 2,hello world!,7,3,0.00,1,1,0kihcn1h,,,,,0
136,avx305ja,,1,22,21,Outro,Results,2021-04-05 19:58:14.407185+00:00,1,,,10.00,136,32,11,not specified,3,widowed,3,4,20149,yes,2,33,3,2,lorem ipsum 1,lorem ipsum 2,hello world!,1,8,0.00,1,1,0kihcn1h,,,,,0
137,p39ffrsk,,1,22,21,Outro,Results,2021-04-05 19:58:14.431929+00:00,1,,,10.00,137,4,25,not specified,3,widowed,2,4,20149,yes,4,7,2,4,lorem ipsum 1,lorem ipsum 2,hello world!,4,6,0.00,1,1,0kihcn1h,,,,,0
138,yfq0xh7p,,1,22,21,Outro,Results,2021-04-05 19:58:14.455284+00:00,1,,,0.00,138,7,61,not specified,6,widowed,2,1,20149,yes,1,31,1,0,lorem ipsum 1,lorem ipsum 2,hello world!,3,6,0.00,1,1,0kihcn1h,,,,,0
139,lkpb2pgv,,1,22,21,Outro,Results,2021-04-05 19:58:14.479802+00:00,1,,,10.00,139,6,1,not specified,0,widowed,4,5,20149,yes,3,4,4,4,lorem ipsum 1,lorem ipsum 2,hello world!,6,0,0.00,1,1,0kihcn1h,,,,,0
140,7xjgf9o5,,1,22,21,Outro,Results,2021-04-05 19:58:14.504341+00:00,1,,,10.00,140,30,9,not specified,5,widowed,2,2,20149,yes,4,25,4,2,lorem ipsum 1,lorem ipsum 2,hello world!,1,2,0.00,1,1,0kihcn1h,,,,,0
141,l6yn113l,,1,22,21,Outro,Results,2021-04-05 19:58:14.529025+00:00,1,,,0.00,141,4,32,not specified,8,widowed,3,5,20149,yes,1,22,3,4,lorem ipsum 1,lorem ipsum 2,hello world!,3,7,0.00,1,1,0kihcn1h,,,,,0
142,in2vitpr,,1,22,21,Outro,Results,2021-04-05 19:58:14.553747+00:00,1,,,0.00,142,29,44,not specified,6,widowed,4,2,20149,yes,4,15,3,3,lorem ipsum 1,lorem ipsum 2,hello world!,3,0,0.00,1,1,0kihcn1h,,,,,0
143,rffm3fsy,,1,22,21,Outro,Results,2021-04-05 19:58:14.577899+00:00,1,,,10.00,143,30,18,not specified,3,widowed,3,3,20149,yes,5,29,3,4,lorem ipsum 1,lorem ipsum 2,hello world!,3,2,0.00,1,1,0kihcn1h,,,,,0
144,8vmqsm7k,,1,22,21,Outro,Results,2021-04-05 19:58:14.602495+00:00,1,,,0.00,144,35,45,not specified,5,widowed,0,4,20149,yes,4,20,2,1,lorem ipsum 1,lorem ipsum 2,hello world!,10,8,0.00,1,1,0kihcn1h,,,,,0
145,3fs592oj,,1,22,21,Outro,Results,2021-04-05 19:58:14.626651+00:00,1,,,0.00,145,17,59,not specified,5,widowed,4,3,20149,yes,4,6,0,0,lorem ipsum 1,lorem ipsum 2,hello world!,3,6,0.00,1,1,0kihcn1h,,,,,0
146,awhwsbka,,1,22,21,Outro,Results,2021-04-05 19:58:14.651631+00:00,1,,,0.00,146,25,32,not specified,7,widowed,0,3,20149,yes,4,11,0,1,lorem ipsum 1,lorem ipsum 2,hello world!,9,5,0.00,1,1,0kihcn1h,,,,,0
147,en1xcd6w,,1,22,21,Outro,Results,2021-04-05 19:58:14.675304+00:00,1,,,0.00,147,3,6,not specified,5,widowed,0,2,20149,yes,1,19,1,1,lorem ipsum 1,lorem ipsum 2,hello world!,3,4,0.00,1,1,0kihcn1h,,,,,0
148,8oq3smak,,1,22,21,Outro,Results,2021-04-05 19:58:14.699194+00:00,1,,,0.00,148,17,16,not specified,4,widowed,4,0,20149,yes,3,6,2,0,lorem ipsum 1,lorem ipsum 2,hello world!,8,7,0.00,1,1,0kihcn1h,,,,,0
149,razfc32b,,1,22,21,Outro,Results,2021-04-05 19:58:14.724399+00:00,1,,,10.00,149,25,10,not specified,7,widowed,4,2,20149,yes,5,6,3,1,lorem ipsum 1,lorem ipsum 2,hello world!,6,1,0.00,1,1,0kihcn1h,,,,,0
150,z9328qvh,,1,22,21,Outro,Results,2021-04-05 19:58:14.753235+00:00,1,,,10.00,150,22,24,not specified,2,widowed,2,1,20149,yes,0,8,4,3,lorem ipsum 1,lorem ipsum 2,hello world!,3,7,0.00,1,1,0kihcn1h,,,,,0
151,dfviughl,,1,22,21,Outro,Results,2021-04-05 19:58:14.777158+00:00,1,,,0.00,151,26,27,not specified,2,widowed,4,2,20149,yes,0,33,3,0,lorem ipsum 1,lorem ipsum 2,hello world!,9,0,0.00,1,1,0kihcn1h,,,,,0
152,0baain5u,,1,22,21,Outro,Results,2021-04-05 19:58:14.802181+00:00,1,,,10.00,152,27,63,not specified,0,widowed,1,0,20149,yes,3,1,2,4,lorem ipsum 1,lorem ipsum 2,hello world!,3,10,0.00,1,1,0kihcn1h,,,,,0
153,jw0647a4,,1,22,21,Outro,Results,2021-04-05 19:58:14.826068+00:00,1,,,0.00,153,13,20,not specified,1,widowed,4,3,20149,yes,1,5,0,0,lorem ipsum 1,lorem ipsum 2,hello world!,5,9,0.00,1,1,0kihcn1h,,,,,0
154,rwrme89l,,1,22,21,Outro,Results,2021-04-05 19:58:14.850209+00:00,1,,,0.00,154,25,52,not specified,4,widowed,2,3,20149,yes,3,31,2,2,lorem ipsum 1,lorem ipsum 2,hello world!,0,1,0.00,1,1,0kihcn1h,,,,,0
155,ujwmyuxe,,1,22,21,Outro,Results,2021-04-05 19:58:14.874696+00:00,1,,,10.00,155,10,33,not specified,6,widowed,0,0,20149,yes,5,14,3,2,lorem ipsum 1,lorem ipsum 2,hello world!,6,1,0.00,1,1,0kihcn1h,,,,,0
156,fb2bewae,,1,22,21,Outro,Results,2021-04-05 19:58:14.899827+00:00,1,,,0.00,156,27,63,not specified,0,widowed,1,2,20149,yes,2,29,2,2,lorem ipsum 1,lorem ipsum 2,hello world!,3,2,0.00,1,1,0kihcn1h,,,,,0
157,ls36567m,,1,22,21,Outro,Results,2021-04-05 19:58:14.926028+00:00,1,,,0.00,157,6,13,not specified,0,widowed,4,3,20149,yes,4,11,0,4,lorem ipsum 1,lorem ipsum 2,hello world!,2,6,0.00,1,1,0kihcn1h,,,,,0
158,y6b3b78g,,1,22,21,Outro,Results,2021-04-05 19:58:14.950505+00:00,1,,,0.00,158,35,56,not specified,7,widowed,3,3,20149,yes,1,19,3,3,lorem ipsum 1,lorem ipsum 2,hello world!,0,7,0.00,1,1,0kihcn1h,,,,,0
159,owxfo6gs,,1,22,21,Outro,Results,2021-04-05 19:58:15.072948+00:00,1,,,10.00,159,12,18,not specified,8,widowed,0,1,20149,yes,4,31,3,1,lorem ipsum 1,lorem ipsum 2,hello world!,5,1,0.00,1,1,0kihcn1h,,,,,0
160,omykpq6a,,1,22,21,Outro,Results,2021-04-05 19:58:15.104211+00:00,1,,,0.00,160,21,19,not specified,4,widowed,0,1,20149,yes,4,4,2,0,lorem ipsum 1,lorem ipsum 2,hello world!,0,6,0.00,1,1,0kihcn1h,,,,,0
161,1fxhllrb,,1,22,21,Outro,Results,2021-04-05 19:58:15.133310+00:00,1,,,10.00,161,31,22,not specified,1,widowed,1,4,20149,yes,4,35,1,4,lorem ipsum 1,lorem ipsum 2,hello world!,7,2,0.00,1,1,0kihcn1h,,,,,0
162,9mf3niua,,1,22,21,Outro,Results,2021-04-05 19:58:15.159674+00:00,1,,,10.00,162,0,58,not specified,1,widowed,2,5,20149,yes,4,20,4,4,lorem ipsum 1,lorem ipsum 2,hello world!,8,0,0.00,1,1,0kihcn1h,,,,,0
163,ue4zdm6g,,1,22,21,Outro,Results,2021-04-05 19:58:15.184851+00:00,1,,,10.00,163,26,56,not specified,0,widowed,4,3,20149,yes,1,30,4,1,lorem ipsum 1,lorem ipsum 2,hello world!,9,5,0.00,1,1,0kihcn1h,,,,,0
164,9aws496m,,1,22,21,Outro,Results,2021-04-05 19:58:15.210758+00:00,1,,,10.00,164,28,25,not specified,0,widowed,4,1,20149,yes,0,17,3,1,lorem ipsum 1,lorem ipsum 2,hello world!,3,6,0.00,1,1,0kihcn1h,,,,,0
165,pjfnlqnv,,1,22,21,Outro,Results,2021-04-05 19:58:15.235391+00:00,1,,,10.00,165,1,39,not specified,7,widowed,0,2,20149,yes,3,10,0,2,lorem ipsum 1,lorem ipsum 2,hello world!,9,1,0.00,1,1,0kihcn1h,,,,,0
166,tpkkuxlb,,1,22,21,Outro,Results,2021-04-05 19:58:15.259873+00:00,1,,,0.00,166,18,65,not specified,2,widowed,1,5,20149,yes,5,18,4,1,lorem ipsum 1,lorem ipsum 2,hello world!,1,3,0.00,1,1,0kihcn1h,,,,,0
167,l30pttdo,,1,22,21,Outro,Results,2021-04-05 19:58:15.284164+00:00,1,,,10.00,167,17,13,not specified,7,widowed,1,4,20149,yes,0,3,2,1,lorem ipsum 1,lorem ipsum 2,hello world!,8,8,0.00,1,1,0kihcn1h,,,,,0
168,mfp47wfc,,1,22,21,Outro,Results,2021-04-05 19:58:15.309650+00:00,1,,,10.00,168,34,6,not specified,5,widowed,4,4,20149,yes,0,6,3,4,lorem ipsum 1,lorem ipsum 2,hello world!,8,7,0.00,1,1,0kihcn1h,,,,,0
169,h76mwb9i,,1,22,21,Outro,Results,2021-04-05 19:58:15.334456+00:00,1,,,10.00,169,18,16,not specified,1,widowed,4,0,20149,yes,5,3,0,3,lorem ipsum 1,lorem ipsum 2,hello world!,1,7,0.00,1,1,0kihcn1h,,,,,0
170,kyiq1gms,,1,22,21,Outro,Results,2021-04-05 19:58:15.358133+00:00,1,,,0.00,170,28,37,not specified,4,widowed,4,2,20149,yes,5,30,4,4,lorem ipsum 1,lorem ipsum 2,hello world!,4,9,0.00,1,1,0kihcn1h,,,,,0
171,wtvplvmt,,1,22,21,Outro,Results,2021-04-05 19:58:15.383680+00:00,1,,,10.00,171,35,30,not specified,7,widowed,3,0,20149,yes,5,6,4,3,lorem ipsum 1,lorem ipsum 2,hello world!,2,4,0.00,1,1,0kihcn1h,,,,,0
172,a88r6nki,,1,22,21,Outro,Results,2021-04-05 19:58:15.409648+00:00,1,,,10.00,172,13,31,not specified,0,widowed,1,5,20149,yes,3,31,3,2,lorem ipsum 1,lorem ipsum 2,hello world!,2,3,0.00,1,1,0kihcn1h,,,,,0
173,icbj8851,,1,22,21,Outro,Results,2021-04-05 19:58:15.434271+00:00,1,,,0.00,173,2,29,not specified,7,widowed,3,2,20149,yes,1,26,2,4,lorem ipsum 1,lorem ipsum 2,hello world!,10,4,0.00,1,1,0kihcn1h,,,,,0
174,fja4i7q9,,1,22,21,Outro,Results,2021-04-05 19:58:15.458398+00:00,1,,,10.00,174,26,50,not specified,0,widowed,3,4,20149,yes,4,23,0,2,lorem ipsum 1,lorem ipsum 2,hello world!,0,5,0.00,1,1,0kihcn1h,,,,,0
175,ltiuppjg,,1,22,21,Outro,Results,2021-04-05 19:58:15.481951+00:00,1,,,0.00,175,21,34,not specified,7,widowed,4,3,20149,yes,5,17,0,2,lorem ipsum 1,lorem ipsum 2,hello world!,6,10,0.00,1,1,0kihcn1h,,,,,0
176,o79tornw,,1,22,21,Outro,Results,2021-04-05 19:58:15.506364+00:00,1,,,10.00,176,29,48,not specified,1,widowed,1,1,20149,yes,4,5,2,1,lorem ipsum 1,lorem ipsum 2,hello world!,9,7,0.00,1,1,0kihcn1h,,,,,0
177,cp451wev,,1,22,21,Outro,Results,2021-04-05 19:58:15.532030+00:00,1,,,10.00,177,4,38,not specified,1,widowed,3,2,20149,yes,3,24,3,3,lorem ipsum 1,lorem ipsum 2,hello world!,4,6,0.00,1,1,0kihcn1h,,,,,0
178,i3l3jmx5,,1,22,21,Outro,Results,2021-04-05 19:58:15.555590+00:00,1,,,10.00,178,8,49,not specified,6,widowed,3,0,20149,yes,0,14,3,3,lorem ipsum 1,lorem ipsum 2,hello world!,0,8,0.00,1,1,0kihcn1h,,,,,0
179,e4s2kcx4,,1,22,21,Outro,Results,2021-04-05 19:58:15.579847+00:00,1,,,0.00,179,27,1,not specified,3,widowed,4,1,20149,yes,1,25,4,3,lorem ipsum 1,lorem ipsum 2,hello world!,10,10,0.00,1,1,0kihcn1h,,,,,0
180,k1mgc7jg,,1,22,21,Outro,Results,2021-04-05 19:58:15.607912+00:00,1,,,0.00,180,6,16,not specified,5,widowed,3,0,20149,yes,0,3,3,1,lorem ipsum 1,lorem ipsum 2,hello world!,8,2,0.00,1,1,0kihcn1h,,,,,0
181,ek1soe3x,,1,22,21,Outro,Results,2021-04-05 19:58:15.635603+00:00,1,,,10.00,181,9,56,not specified,5,widowed,3,0,20149,yes,3,25,0,0,lorem ipsum 1,lorem ipsum 2,hello world!,1,0,0.00,1,1,0kihcn1h,,,,,0
182,qa17kt9p,,1,22,21,Outro,Results,2021-04-05 19:58:15.662282+00:00,1,,,10.00,182,21,42,not specified,7,widowed,2,0,20149,yes,3,24,4,0,lorem ipsum 1,lorem ipsum 2,hello world!,6,2,0.00,1,1,0kihcn1h,,,,,0
183,qv13w948,,1,22,21,Outro,Results,2021-04-05 19:58:15.689547+00:00,1,,,0.00,183,14,25,not specified,5,widowed,1,3,20149,yes,1,0,0,3,lorem ipsum 1,lorem ipsum 2,hello world!,9,9,0.00,1,1,0kihcn1h,,,,,0
184,5a8p9cpm,,1,22,21,Outro,Results,2021-04-05 19:58:15.720219+00:00,1,,,0.00,184,0,45,not specified,7,widowed,4,2,20149,yes,2,4,1,2,lorem ipsum 1,lorem ipsum 2,hello world!,2,6,0.00,1,1,0kihcn1h,,,,,0
185,ojxst0ne,,1,22,21,Outro,Results,2021-04-05 19:58:15.753198+00:00,1,,,0.00,185,4,46,not specified,7,widowed,0,3,20149,yes,3,21,0,2,lorem ipsum 1,lorem ipsum 2,hello world!,6,7,0.00,1,1,0kihcn1h,,,,,0
186,0w1lvfsh,,1,22,21,Outro,Results,2021-04-05 19:58:15.781843+00:00,1,,,10.00,186,2,64,not specified,8,widowed,1,1,20149,yes,2,14,2,2,lorem ipsum 1,lorem ipsum 2,hello world!,5,5,0.00,1,1,0kihcn1h,,,,,0
187,4pkuufqe,,1,22,21,Outro,Results,2021-04-05 19:58:15.806295+00:00,1,,,10.00,187,32,50,not specified,4,widowed,1,3,20149,yes,5,24,2,3,lorem ipsum 1,lorem ipsum 2,hello world!,6,4,0.00,1,1,0kihcn1h,,,,,0
188,cqad2yld,,1,22,21,Outro,Results,2021-04-05 19:58:15.834798+00:00,1,,,10.00,188,0,23,not specified,1,widowed,1,0,20149,yes,3,0,1,0,lorem ipsum 1,lorem ipsum 2,hello world!,3,10,0.00,1,1,0kihcn1h,,,,,0
189,8t051y2v,,1,22,21,Outro,Results,2021-04-05 19:58:15.858077+00:00,1,,,0.00,189,29,37,not specified,8,widowed,4,5,20149,yes,2,18,0,3,lorem ipsum 1,lorem ipsum 2,hello world!,1,4,0.00,1,1,0kihcn1h,,,,,0
190,1bjsjnmy,,1,22,21,Outro,Results,2021-04-05 19:58:15.882597+00:00,1,,,0.00,190,22,21,not specified,6,widowed,1,2,20149,yes,0,29,4,4,lorem ipsum 1,lorem ipsum 2,hello world!,8,2,0.00,1,1,0kihcn1h,,,,,0
191,ixx97fyq,,1,22,21,Outro,Results,2021-04-05 19:58:15.906699+00:00,1,,,10.00,191,23,48,not specified,6,widowed,4,4,20149,yes,4,20,0,2,lorem ipsum 1,lorem ipsum 2,hello world!,6,6,0.00,1,1,0kihcn1h,,,,,0
192,1bm0zgrh,,1,22,21,Outro,Results,2021-04-05 19:58:15.930133+00:00,1,,,0.00,192,6,45,not specified,3,widowed,3,5,20149,yes,5,4,3,2,lorem ipsum 1,lorem ipsum 2,hello world!,7,7,0.00,1,1,0kihcn1h,,,,,0
193,lsff8aj1,,1,22,21,Outro,Results,2021-04-05 19:58:15.954930+00:00,1,,,10.00,193,25,3,not specified,8,widowed,4,4,20149,yes,1,32,1,0,lorem ipsum 1,lorem ipsum 2,hello world!,2,2,0.00,1,1,0kihcn1h,,,,,0
194,jbfndqmg,,1,22,21,Outro,Results,2021-04-05 19:58:15.979832+00:00,1,,,0.00,194,19,65,not specified,2,widowed,2,5,20149,yes,1,24,3,4,lorem ipsum 1,lorem ipsum 2,hello world!,10,6,0.00,1,1,0kihcn1h,,,,,0
195,210hqgih,,1,22,21,Outro,Results,2021-04-05 19:58:16.003097+00:00,1,,,10.00,195,29,53,not specified,8,widowed,1,4,20149,yes,3,17,3,2,lorem ipsum 1,lorem ipsum 2,hello world!,2,8,0.00,1,1,0kihcn1h,,,,,0
196,89ozg2s1,,1,22,21,Outro,Results,2021-04-05 19:58:16.027961+00:00,1,,,0.00,196,4,34,not specified,6,widowed,2,5,20149,yes,5,19,2,2,lorem ipsum 1,lorem ipsum 2,hello world!,5,8,0.00,1,1,0kihcn1h,,,,,0
197,qpkhtzst,,1,22,21,Outro,Results,2021-04-05 19:58:16.051193+00:00,1,,,10.00,197,3,35,not specified,5,widowed,2,4,20149,yes,4,34,0,2,lorem ipsum 1,lorem ipsum 2,hello world!,4,2,0.00,1,1,0kihcn1h,,,,,0
198,q0vtkduz,,1,22,21,Outro,Results,2021-04-05 19:58:16.074740+00:00,1,,,0.00,198,13,29,not specified,4,widowed,2,0,20149,yes,4,1,4,3,lorem ipsum 1,lorem ipsum 2,hello world!,5,10,0.00,1,1,0kihcn1h,,,,,0
199,x9pba3b3,,1,22,21,Outro,Results,2021-04-05 19:58:16.099331+00:00,1,,,10.00,199,6,64,not specified,2,widowed,4,3,20149,yes,5,23,1,2,lorem ipsum 1,lorem ipsum 2,hello world!,4,7,0.00,1,1,0kihcn1h,,,,,0
200,r7ybffy5,,1,22,21,Outro,Results,2021-04-05 19:58:16.123344+00:00,1,,,10.00,200,2,55,not specified,5,widowed,2,4,20149,yes,2,18,1,2,lorem ipsum 1,lorem ipsum 2,hello world!,3,9,0.00,1,1,0kihcn1h,,,,,0
201,csnj9yqt,,1,22,21,Outro,Results,2021-04-05 19:58:16.148532+00:00,1,,,10.00,201,17,57,not specified,5,widowed,1,0,20149,yes,1,13,4,4,lorem ipsum 1,lorem ipsum 2,hello world!,6,3,0.00,1,1,0kihcn1h,,,,,0
202,u1urv0jn,,1,22,21,Outro,Results,2021-04-05 19:58:16.172449+00:00,1,,,10.00,202,15,0,not specified,2,widowed,2,1,20149,yes,5,24,1,2,lorem ipsum 1,lorem ipsum 2,hello world!,4,3,0.00,1,1,0kihcn1h,,,,,0
203,lummzzzh,,1,22,21,Outro,Results,2021-04-05 19:58:16.196683+00:00,1,,,0.00,203,7,47,not specified,3,widowed,2,0,20149,yes,1,35,4,2,lorem ipsum 1,lorem ipsum 2,hello world!,0,3,0.00,1,1,0kihcn1h,,,,,0
204,cdqt1xg9,,1,22,21,Outro,Results,2021-04-05 19:58:16.220885+00:00,1,,,10.00,204,34,24,not specified,2,widowed,2,1,20149,yes,1,18,3,0,lorem ipsum 1,lorem ipsum 2,hello world!,4,9,0.00,1,1,0kihcn1h,,,,,0
205,sbv2a0ou,,1,22,21,Outro,Results,2021-04-05 19:58:16.245356+00:00,1,,,10.00,205,34,34,not specified,6,widowed,2,1,20149,yes,2,19,0,0,lorem ipsum 1,lorem ipsum 2,hello world!,10,9,0.00,1,1,0kihcn1h,,,,,0
206,waoxatui,,1,22,21,Outro,Results,2021-04-05 19:58:16.269116+00:00,1,,,10.00,206,21,17,not specified,3,widowed,1,3,20149,yes,5,30,1,1,lorem ipsum 1,lorem ipsum 2,hello world!,10,3,0.00,1,1,0kihcn1h,,,,,0
207,bs6jy96a,,1,22,21,Outro,Results,2021-04-05 19:58:16.293131+00:00,1,,,0.00,207,25,40,not specified,7,widowed,3,3,20149,yes,5,2,4,0,lorem ipsum 1,lorem ipsum 2,hello world!,10,8,0.00,1,1,0kihcn1h,,,,,0
208,8ioqzq3k,,1,22,21,Outro,Results,2021-04-05 19:58:16.317931+00:00,1,,,10.00,208,24,23,not specified,3,widowed,1,5,20149,yes,1,25,0,0,lorem ipsum 1,lorem ipsum 2,hello world!,6,5,0.00,1,1,0kihcn1h,,,,,0
209,aej60uu4,,1,22,21,Outro,Results,2021-04-05 19:58:16.342810+00:00,1,,,0.00,209,7,23,not specified,2,widowed,2,2,20149,yes,3,11,4,3,lorem ipsum 1,lorem ipsum 2,hello world!,8,4,0.00,1,1,0kihcn1h,,,,,0
210,f1s8nrpk,,1,22,21,Outro,Results,2021-04-05 19:58:16.368019+00:00,1,,,10.00,210,31,14,not specified,7,widowed,0,4,20149,yes,0,21,4,0,lorem ipsum 1,lorem ipsum 2,hello world!,1,9,0.00,1,1,0kihcn1h,,,,,0
211,mao9wyxx,,1,22,21,Outro,Results,2021-04-05 19:58:16.392300+00:00,1,,,10.00,211,10,48,not specified,8,widowed,1,5,20149,yes,2,16,2,2,lorem ipsum 1,lorem ipsum 2,hello world!,9,10,0.00,1,1,0kihcn1h,,,,,0
212,965x3mtt,,1,22,21,Outro,Results,2021-04-05 19:58:16.417535+00:00,1,,,10.00,212,28,33,not specified,6,widowed,3,5,20149,yes,4,17,1,0,lorem ipsum 1,lorem ipsum 2,hello world!,7,10,0.00,1,1,0kihcn1h,,,,,0
213,dclt7mve,,1,22,21,Outro,Results,2021-04-05 19:58:16.443561+00:00,1,,,10.00,213,14,44,not specified,4,widowed,4,2,20149,yes,5,21,0,1,lorem ipsum 1,lorem ipsum 2,hello world!,5,9,0.00,1,1,0kihcn1h,,,,,0
214,su9rih4m,,1,22,21,Outro,Results,2021-04-05 19:58:16.470489+00:00,1,,,10.00,214,14,55,not specified,1,widowed,4,5,20149,yes,2,1,4,3,lorem ipsum 1,lorem ipsum 2,hello world!,3,6,0.00,1,1,0kihcn1h,,,,,0
215,5gkmayv7,,1,22,21,Outro,Results,2021-04-05 19:58:16.494764+00:00,1,,,10.00,215,7,28,not specified,2,widowed,3,2,20149,yes,0,29,4,0,lorem ipsum 1,lorem ipsum 2,hello world!,6,9,0.00,1,1,0kihcn1h,,,,,0
216,wcnn63gn,,1,22,21,Outro,Results,2021-04-05 19:58:16.520135+00:00,1,,,0.00,216,8,45,not specified,2,widowed,3,2,20149,yes,2,1,3,3,lorem ipsum 1,lorem ipsum 2,hello world!,6,5,0.00,1,1,0kihcn1h,,,,,0
217,ijfz9voy,,1,22,21,Outro,Results,2021-04-05 19:58:16.662110+00:00,1,,,10.00,217,31,14,not specified,8,widowed,2,5,20149,yes,0,14,4,2,lorem ipsum 1,lorem ipsum 2,hello world!,9,8,0.00,1,1,0kihcn1h,,,,,0
218,3gn09joy,,1,22,21,Outro,Results,2021-04-05 19:58:16.692171+00:00,1,,,0.00,218,0,29,not specified,3,widowed,4,4,20149,yes,3,31,0,1,lorem ipsum 1,lorem ipsum 2,hello world!,2,9,0.00,1,1,0kihcn1h,,,,,0
219,8aenmpsn,,1,22,21,Outro,Results,2021-04-05 19:58:16.719050+00:00,1,,,10.00,219,21,24,not specified,8,widowed,1,4,20149,yes,2,17,2,2,lorem ipsum 1,lorem ipsum 2,hello world!,6,4,0.00,1,1,0kihcn1h,,,,,0
220,7y3mu1fj,,1,22,21,Outro,Results,2021-04-05 19:58:16.745039+00:00,1,,,10.00,220,15,54,not specified,5,widowed,4,4,20149,yes,5,30,4,1,lorem ipsum 1,lorem ipsum 2,hello world!,4,1,0.00,1,1,0kihcn1h,,,,,0
221,gds9lly3,,1,22,21,Outro,Results,2021-04-05 19:58:16.771126+00:00,1,,,10.00,221,31,52,not specified,8,widowed,4,5,20149,yes,2,12,0,3,lorem ipsum 1,lorem ipsum 2,hello world!,0,9,0.00,1,1,0kihcn1h,,,,,0
222,zdv5vg06,,1,22,21,Outro,Results,2021-04-05 19:58:16.795125+00:00,1,,,10.00,222,4,57,not specified,7,widowed,3,0,20149,yes,0,27,3,2,lorem ipsum 1,lorem ipsum 2,hello world!,8,2,0.00,1,1,0kihcn1h,,,,,0
223,rxllvkmz,,1,22,21,Outro,Results,2021-04-05 19:58:16.819717+00:00,1,,,0.00,223,35,17,not specified,1,widowed,2,3,20149,yes,3,5,0,4,lorem ipsum 1,lorem ipsum 2,hello world!,1,10,0.00,1,1,0kihcn1h,,,,,0
224,e1z695kk,,1,22,21,Outro,Results,2021-04-05 19:58:16.844576+00:00,1,,,10.00,224,16,47,not specified,0,widowed,1,4,20149,yes,1,25,4,4,lorem ipsum 1,lorem ipsum 2,hello world!,2,10,0.00,1,1,0kihcn1h,,,,,0
225,kopodgzl,,1,22,21,Outro,Results,2021-04-05 19:58:16.869941+00:00,1,,,10.00,225,14,42,not specified,4,widowed,0,2,20149,yes,1,2,4,0,lorem ipsum 1,lorem ipsum 2,hello world!,8,10,0.00,1,1,0kihcn1h,,,,,0
226,h5lwzk4h,,1,22,21,Outro,Results,2021-04-05 19:58:16.894766+00:00,1,,,0.00,226,5,51,not specified,6,widowed,2,2,20149,yes,3,0,3,4,lorem ipsum 1,lorem ipsum 2,hello world!,10,2,0.00,1,1,0kihcn1h,,,,,0
227,fhjly7z9,,1,22,21,Outro,Results,2021-04-05 19:58:16.919379+00:00,1,,,10.00,227,13,14,not specified,0,widowed,2,2,20149,yes,3,30,3,4,lorem ipsum 1,lorem ipsum 2,hello world!,0,5,0.00,1,1,0kihcn1h,,,,,0
228,5jo4p669,,1,22,21,Outro,Results,2021-04-05 19:58:16.943954+00:00,1,,,0.00,228,30,15,not specified,7,widowed,4,1,20149,yes,4,2,2,4,lorem ipsum 1,lorem ipsum 2,hello world!,3,4,0.00,1,1,0kihcn1h,,,,,0
229,nodtbwhm,,1,22,21,Outro,Results,2021-04-05 19:58:16.968146+00:00,1,,,10.00,229,15,27,not specified,6,widowed,1,0,20149,yes,0,31,4,0,lorem ipsum 1,lorem ipsum 2,hello world!,6,9,0.00,1,1,0kihcn1h,,,,,0
230,6upf8nsq,,1,22,21,Outro,Results,2021-04-05 19:58:16.992987+00:00,1,,,10.00,230,33,5,not specified,3,widowed,4,0,20149,yes,0,22,0,4,lorem ipsum 1,lorem ipsum 2,hello world!,5,1,0.00,1,1,0kihcn1h,,,,,0
231,uo3q6tka,,1,22,21,Outro,Results,2021-04-05 19:58:17.016719+00:00,1,,,10.00,231,29,1,not specified,6,widowed,2,2,20149,yes,2,18,1,0,lorem ipsum 1,lorem ipsum 2,hello world!,10,2,0.00,1,1,0kihcn1h,,,,,0
232,uweshnnb,,1,22,21,Outro,Results,2021-04-05 19:58:17.041369+00:00,1,,,0.00,232,17,44,not specified,0,widowed,3,5,20149,yes,5,32,1,3,lorem ipsum 1,lorem ipsum 2,hello world!,7,3,0.00,1,1,0kihcn1h,,,,,0
233,u1jr73uh,,1,22,21,Outro,Results,2021-04-05 19:58:17.066433+00:00,1,,,10.00,233,17,4,not specified,2,widowed,1,1,20149,yes,5,1,0,4,lorem ipsum 1,lorem ipsum 2,hello world!,9,2,0.00,1,1,0kihcn1h,,,,,0
234,hxggpplq,,1,22,21,Outro,Results,2021-04-05 19:58:17.091933+00:00,1,,,0.00,234,31,14,not specified,4,widowed,0,4,20149,yes,5,27,1,3,lorem ipsum 1,lorem ipsum 2,hello world!,1,8,0.00,1,1,0kihcn1h,,,,,0
235,gtpwqugl,,1,22,21,Outro,Results,2021-04-05 19:58:17.115839+00:00,1,,,0.00,235,33,35,not specified,8,widowed,3,5,20149,yes,4,27,0,0,lorem ipsum 1,lorem ipsum 2,hello world!,9,9,0.00,1,1,0kihcn1h,,,,,0
236,ei7gxdam,,1,22,21,Outro,Results,2021-04-05 19:58:17.140558+00:00,1,,,10.00,236,10,58,not specified,0,widowed,3,0,20149,yes,4,11,2,0,lorem ipsum 1,lorem ipsum 2,hello world!,3,7,0.00,1,1,0kihcn1h,,,,,0
237,7ohjb4t0,,1,22,21,Outro,Results,2021-04-05 19:58:17.165341+00:00,1,,,10.00,237,34,55,not specified,4,widowed,3,2,20149,yes,0,18,3,2,lorem ipsum 1,lorem ipsum 2,hello world!,10,8,0.00,1,1,0kihcn1h,,,,,0
238,7un98c21,,1,22,21,Outro,Results,2021-04-05 19:58:17.190594+00:00,1,,,10.00,238,1,60,not specified,5,widowed,1,5,20149,yes,1,0,0,1,lorem ipsum 1,lorem ipsum 2,hello world!,9,1,0.00,1,1,0kihcn1h,,,,,0
239,k1kh1b9v,,1,22,21,Outro,Results,2021-04-05 19:58:17.215486+00:00,1,,,0.00,239,30,41,not specified,5,widowed,4,0,20149,yes,1,4,2,4,lorem ipsum 1,lorem ipsum 2,hello world!,6,7,0.00,1,1,0kihcn1h,,,,,0
240,q3r8li32,,1,22,21,Outro,Results,2021-04-05 19:58:17.239440+00:00,1,,,10.00,240,35,29,not specified,8,widowed,3,5,20149,yes,4,2,2,4,lorem ipsum 1,lorem ipsum 2,hello world!,0,7,0.00,1,1,0kihcn1h,,,,,0
241,wuk9t8bf,,1,22,21,Outro,Results,2021-04-05 19:58:17.264554+00:00,1,,,0.00,241,33,8,not specified,3,widowed,3,3,20149,yes,4,15,2,0,lorem ipsum 1,lorem ipsum 2,hello world!,4,3,0.00,1,1,0kihcn1h,,,,,0
242,m4ahrcw1,,1,22,21,Outro,Results,2021-04-05 19:58:17.290371+00:00,1,,,10.00,242,10,40,not specified,1,widowed,4,4,20149,yes,4,12,4,0,lorem ipsum 1,lorem ipsum 2,hello world!,7,8,0.00,1,1,0kihcn1h,,,,,0
243,m7m7fazf,,1,22,21,Outro,Results,2021-04-05 19:58:17.315581+00:00,1,,,0.00,243,21,30,not specified,4,widowed,3,1,20149,yes,2,12,3,2,lorem ipsum 1,lorem ipsum 2,hello world!,6,4,0.00,1,1,0kihcn1h,,,,,0
244,iykfty44,,1,22,21,Outro,Results,2021-04-05 19:58:17.339956+00:00,1,,,10.00,244,25,42,not specified,2,widowed,2,3,20149,yes,1,16,3,4,lorem ipsum 1,lorem ipsum 2,hello world!,2,10,0.00,1,1,0kihcn1h,,,,,0
245,am1wd2cc,,1,22,21,Outro,Results,2021-04-05 19:58:17.364356+00:00,1,,,0.00,245,22,39,not specified,2,widowed,4,4,20149,yes,0,24,0,2,lorem ipsum 1,lorem ipsum 2,hello world!,9,4,0.00,1,1,0kihcn1h,,,,,0
246,plgruvxt,,1,22,21,Outro,Results,2021-04-05 19:58:17.389042+00:00,1,,,10.00,246,3,62,not specified,8,widowed,1,1,20149,yes,4,14,3,3,lorem ipsum 1,lorem ipsum 2,hello world!,9,5,0.00,1,1,0kihcn1h,,,,,0
247,50oejigr,,1,22,21,Outro,Results,2021-04-05 19:58:17.414996+00:00,1,,,10.00,247,9,7,not specified,1,widowed,2,2,20149,yes,4,34,2,4,lorem ipsum 1,lorem ipsum 2,hello world!,1,8,0.00,1,1,0kihcn1h,,,,,0
248,71qzv5id,,1,22,21,Outro,Results,2021-04-05 19:58:17.439245+00:00,1,,,10.00,248,11,28,not specified,5,widowed,2,5,20149,yes,0,3,2,2,lorem ipsum 1,lorem ipsum 2,hello world!,2,7,0.00,1,1,0kihcn1h,,,,,0
249,hl5e4wv6,,1,22,21,Outro,Results,2021-04-05 19:58:17.464138+00:00,1,,,0.00,249,13,7,not specified,6,widowed,1,1,20149,yes,1,16,0,3,lorem ipsum 1,lorem ipsum 2,hello world!,3,10,0.00,1,1,0kihcn1h,,,,,0
250,9csg1pgj,,1,22,21,Outro,Results,2021-04-05 19:58:17.488715+00:00,1,,,0.00,250,21,37,not specified,3,widowed,4,0,20149,yes,4,15,2,1,lorem ipsum 1,lorem ipsum 2,hello world!,8,10,0.00,1,1,0kihcn1h,,,,,0
251,8quyvj3b,,1,22,21,Outro,Results,2021-04-05 19:58:17.513049+00:00,1,,,10.00,251,35,59,not specified,1,widowed,4,2,20149,yes,2,2,2,0,lorem ipsum 1,lorem ipsum 2,hello world!,8,3,0.00,1,1,0kihcn1h,,,,,0
252,hoedl8vp,,1,22,21,Outro,Results,2021-04-05 19:58:17.538047+00:00,1,,,10.00,252,5,10,not specified,0,widowed,4,1,20149,yes,2,6,3,0,lorem ipsum 1,lorem ipsum 2,hello world!,9,1,0.00,1,1,0kihcn1h,,,,,0
253,fztwptn3,,1,22,21,Outro,Results,2021-04-05 19:58:17.562975+00:00,1,,,0.00,253,20,5,not specified,4,widowed,4,4,20149,yes,4,6,3,0,lorem ipsum 1,lorem ipsum 2,hello world!,7,2,0.00,1,1,0kihcn1h,,,,,0
254,540lbmer,,1,22,21,Outro,Results,2021-04-05 19:58:17.590627+00:00,1,,,10.00,254,31,48,not specified,3,widowed,2,1,20149,yes,0,24,2,3,lorem ipsum 1,lorem ipsum 2,hello world!,5,8,0.00,1,1,0kihcn1h,,,,,0
255,z5cukxzv,,1,22,21,Outro,Results,2021-04-05 19:58:17.614373+00:00,1,,,10.00,255,17,65,not specified,2,widowed,2,1,20149,yes,1,31,1,2,lorem ipsum 1,lorem ipsum 2,hello world!,7,5,0.00,1,1,0kihcn1h,,,,,0
256,d2v28w0b,,1,22,21,Outro,Results,2021-04-05 19:58:17.638879+00:00,1,,,0.00,256,30,17,not specified,4,widowed,4,5,20149,yes,3,8,3,0,lorem ipsum 1,lorem ipsum 2,hello world!,9,3,0.00,1,1,0kihcn1h,,,,,0
257,kuejpz8q,,1,22,21,Outro,Results,2021-04-05 19:58:17.663137+00:00,1,,,0.00,257,5,35,not specified,2,widowed,1,5,20149,yes,3,16,1,2,lorem ipsum 1,lorem ipsum 2,hello world!,7,3,0.00,1,1,0kihcn1h,,,,,0
258,5njq2uss,,1,22,21,Outro,Results,2021-04-05 19:58:17.687403+00:00,1,,,0.00,258,21,27,not specified,2,widowed,4,5,20149,yes,1,21,0,1,lorem ipsum 1,lorem ipsum 2,hello world!,1,8,0.00,1,1,0kihcn1h,,,,,0
259,taopl83i,,1,22,21,Outro,Results,2021-04-05 19:58:17.713085+00:00,1,,,0.00,259,10,48,not specified,2,widowed,4,0,20149,yes,3,17,3,2,lorem ipsum 1,lorem ipsum 2,hello world!,5,9,0.00,1,1,0kihcn1h,,,,,0
260,3xhtjrgh,,1,22,21,Outro,Results,2021-04-05 19:58:17.738832+00:00,1,,,10.00,260,32,31,not specified,6,widowed,0,3,20149,yes,1,24,1,2,lorem ipsum 1,lorem ipsum 2,hello world!,9,5,0.00,1,1,0kihcn1h,,,,,0
261,dw16u48f,,1,22,21,Outro,Results,2021-04-05 19:58:17.768605+00:00,1,,,10.00,261,1,62,not specified,4,widowed,3,4,20149,yes,0,17,2,3,lorem ipsum 1,lorem ipsum 2,hello world!,3,0,0.00,1,1,0kihcn1h,,,,,0
262,0hp4wk3l,,1,22,21,Outro,Results,2021-04-05 19:58:17.800890+00:00,1,,,0.00,262,7,16,not specified,4,widowed,1,2,20149,yes,5,15,1,0,lorem ipsum 1,lorem ipsum 2,hello world!,9,5,0.00,1,1,0kihcn1h,,,,,0
263,sxjks1bx,,1,22,21,Outro,Results,2021-04-05 19:58:17.834046+00:00,1,,,10.00,263,28,34,not specified,2,widowed,1,0,20149,yes,5,5,3,4,lorem ipsum 1,lorem ipsum 2,hello world!,10,7,0.00,1,1,0kihcn1h,,,,,0
264,m7c3vaa2,,1,22,21,Outro,Results,2021-04-05 19:58:17.859190+00:00,1,,,10.00,264,30,48,not specified,2,widowed,2,5,20149,yes,4,11,3,4,lorem ipsum 1,lorem ipsum 2,hello world!,3,0,0.00,1,1,0kihcn1h,,,,,0
265,28441isl,,1,22,21,Outro,Results,2021-04-05 19:58:17.884167+00:00,1,,,0.00,265,34,28,not specified,4,widowed,0,3,20149,yes,0,25,2,0,lorem ipsum 1,lorem ipsum 2,hello world!,9,9,0.00,1,1,0kihcn1h,,,,,0
266,2qfsa4fy,,1,22,21,Outro,Results,2021-04-05 19:58:17.910390+00:00,1,,,0.00,266,34,21,not specified,2,widowed,2,1,20149,yes,4,7,3,0,lorem ipsum 1,lorem ipsum 2,hello world!,5,8,0.00,1,1,0kihcn1h,,,,,0
267,foqaldpz,,1,22,21,Outro,Results,2021-04-05 19:58:17.934142+00:00,1,,,10.00,267,2,51,not specified,7,widowed,3,0,20149,yes,1,27,3,1,lorem ipsum 1,lorem ipsum 2,hello world!,9,5,0.00,1,1,0kihcn1h,,,,,0
268,cpvozz4p,,1,22,21,Outro,Results,2021-04-05 19:58:17.958598+00:00,1,,,0.00,268,6,23,not specified,2,widowed,4,3,20149,yes,4,29,4,4,lorem ipsum 1,lorem ipsum 2,hello world!,0,7,0.00,1,1,0kihcn1h,,,,,0
269,m15z65xa,,1,22,21,Outro,Results,2021-04-05 19:58:17.983469+00:00,1,,,0.00,269,30,19,not specified,0,widowed,4,0,20149,yes,0,13,4,3,lorem ipsum 1,lorem ipsum 2,hello world!,1,4,0.00,1,1,0kihcn1h,,,,,0
270,1y28fsqc,,1,22,21,Outro,Results,2021-04-05 19:58:18.007364+00:00,1,,,10.00,270,34,15,not specified,0,widowed,4,5,20149,yes,4,13,0,3,lorem ipsum 1,lorem ipsum 2,hello world!,6,4,0.00,1,1,0kihcn1h,,,,,0
271,qvfpzdco,,1,22,21,Outro,Results,2021-04-05 19:58:18.030466+00:00,1,,,0.00,271,4,56,not specified,7,widowed,2,0,20149,yes,1,27,1,0,lorem ipsum 1,lorem ipsum 2,hello world!,2,1,0.00,1,1,0kihcn1h,,,,,0
272,z8d4phq8,,1,22,21,Outro,Results,2021-04-05 19:58:18.054208+00:00,1,,,0.00,272,29,6,not specified,7,widowed,4,5,20149,yes,1,15,3,3,lorem ipsum 1,lorem ipsum 2,hello world!,9,3,0.00,1,1,0kihcn1h,,,,,0
273,wiaxh4eg,,1,22,21,Outro,Results,2021-04-05 19:58:18.078284+00:00,1,,,0.00,273,23,30,not specified,7,widowed,4,2,20149,yes,1,27,2,0,lorem ipsum 1,lorem ipsum 2,hello world!,7,8,0.00,1,1,0kihcn1h,,,,,0
274,3mbuhkws,,1,22,21,Outro,Results,2021-04-05 19:58:18.104393+00:00,1,,,0.00,274,33,28,not specified,1,widowed,3,1,20149,yes,0,26,0,0,lorem ipsum 1,lorem ipsum 2,hello world!,5,5,0.00,1,1,0kihcn1h,,,,,0
275,4prhrjta,,1,22,21,Outro,Results,2021-04-05 19:58:18.129157+00:00,1,,,10.00,275,32,29,not specified,8,widowed,3,3,20149,yes,4,35,4,2,lorem ipsum 1,lorem ipsum 2,hello world!,8,1,0.00,1,1,0kihcn1h,,,,,0
276,fzo7d38x,,1,22,21,Outro,Results,2021-04-05 19:58:18.152907+00:00,1,,,0.00,276,29,49,not specified,7,widowed,3,2,20149,yes,2,31,1,4,lorem ipsum 1,lorem ipsum 2,hello world!,5,8,0.00,1,1,0kihcn1h,,,,,0
277,9dhbv0ag,,1,22,21,Outro,Results,2021-04-05 19:58:18.176918+00:00,1,,,10.00,277,32,36,not specified,7,widowed,4,1,20149,yes,1,27,2,1,lorem ipsum 1,lorem ipsum 2,hello world!,9,9,0.00,1,1,0kihcn1h,,,,,0
278,uvwlpnft,,1,22,21,Outro,Results,2021-04-05 19:58:18.201707+00:00,1,,,0.00,278,24,59,not specified,2,widowed,2,3,20149,yes,1,3,1,3,lorem ipsum 1,lorem ipsum 2,hello world!,6,0,0.00,1,1,0kihcn1h,,,,,0
279,bdncsism,,1,22,21,Outro,Results,2021-04-05 19:58:18.226293+00:00,1,,,0.00,279,10,10,not specified,4,widowed,2,5,20149,yes,0,35,4,0,lorem ipsum 1,lorem ipsum 2,hello world!,6,3,0.00,1,1,0kihcn1h,,,,,0
280,bxlh3m8r,,1,22,21,Outro,Results,2021-04-05 19:58:18.249360+00:00,1,,,10.00,280,17,2,not specified,3,widowed,0,2,20149,yes,4,23,0,4,lorem ipsum 1,lorem ipsum 2,hello world!,7,5,0.00,1,1,0kihcn1h,,,,,0
281,2zigg1hu,,1,22,21,Outro,Results,2021-04-05 19:58:18.273333+00:00,1,,,10.00,281,4,40,not specified,6,widowed,4,2,20149,yes,3,2,3,0,lorem ipsum 1,lorem ipsum 2,hello world!,8,4,0.00,1,1,0kihcn1h,,,,,0
282,qa29ca67,,1,22,21,Outro,Results,2021-04-05 19:58:18.297613+00:00,1,,,10.00,282,27,54,not specified,6,widowed,4,3,20149,yes,2,33,2,4,lorem ipsum 1,lorem ipsum 2,hello world!,3,10,0.00,1,1,0kihcn1h,,,,,0
283,ycpv8hmy,,1,22,21,Outro,Results,2021-04-05 19:58:18.322238+00:00,1,,,0.00,283,1,7,not specified,5,widowed,2,3,20149,yes,2,23,1,0,lorem ipsum 1,lorem ipsum 2,hello world!,0,5,0.00,1,1,0kihcn1h,,,,,0
284,hlextrp2,,1,22,21,Outro,Results,2021-04-05 19:58:18.345482+00:00,1,,,10.00,284,27,27,not specified,0,widowed,2,2,20149,yes,1,18,3,4,lorem ipsum 1,lorem ipsum 2,hello world!,0,5,0.00,1,1,0kihcn1h,,,,,0
285,e7s1c7fh,,1,22,21,Outro,Results,2021-04-05 19:58:18.369534+00:00,1,,,0.00,285,11,64,not specified,8,widowed,1,4,20149,yes,4,22,1,3,lorem ipsum 1,lorem ipsum 2,hello world!,8,7,0.00,1,1,0kihcn1h,,,,,0
286,yih24g5g,,1,22,21,Outro,Results,2021-04-05 19:58:18.393847+00:00,1,,,10.00,286,23,6,not specified,0,widowed,2,3,20149,yes,2,4,4,4,lorem ipsum 1,lorem ipsum 2,hello world!,4,9,0.00,1,1,0kihcn1h,,,,,0
287,g1eceq55,,1,22,21,Outro,Results,2021-04-05 19:58:18.419684+00:00,1,,,10.00,287,2,34,not specified,2,widowed,2,4,20149,yes,3,11,4,2,lorem ipsum 1,lorem ipsum 2,hello world!,1,9,0.00,1,1,0kihcn1h,,,,,0
288,b2zss2q7,,1,22,21,Outro,Results,2021-04-05 19:58:18.594663+00:00,1,,,10.00,288,15,64,not specified,2,widowed,2,5,20149,yes,1,6,0,0,lorem ipsum 1,lorem ipsum 2,hello world!,9,7,0.00,1,1,0kihcn1h,,,,,0
289,yz48xod5,,1,22,21,Outro,Results,2021-04-05 19:58:18.622938+00:00,1,,,10.00,289,22,41,not specified,3,widowed,1,5,20149,yes,2,3,3,0,lorem ipsum 1,lorem ipsum 2,hello world!,5,0,0.00,1,1,0kihcn1h,,,,,0
290,03r3sscc,,1,22,21,Outro,Results,2021-04-05 19:58:18.650030+00:00,1,,,10.00,290,21,25,not specified,7,widowed,1,2,20149,yes,0,29,2,2,lorem ipsum 1,lorem ipsum 2,hello world!,5,2,0.00,1,1,0kihcn1h,,,,,0
291,ta7vp5yb,,1,22,21,Outro,Results,2021-04-05 19:58:18.675511+00:00,1,,,10.00,291,14,18,not specified,4,widowed,2,0,20149,yes,1,32,1,0,lorem ipsum 1,lorem ipsum 2,hello world!,2,2,0.00,1,1,0kihcn1h,,,,,0
292,2uh0papw,,1,22,21,Outro,Results,2021-04-05 19:58:18.700369+00:00,1,,,10.00,292,25,21,not specified,5,widowed,2,3,20149,yes,4,2,3,3,lorem ipsum 1,lorem ipsum 2,hello world!,3,0,0.00,1,1,0kihcn1h,,,,,0
293,7pjzilho,,1,22,21,Outro,Results,2021-04-05 19:58:18.725073+00:00,1,,,10.00,293,25,20,not specified,5,widowed,3,4,20149,yes,0,19,0,3,lorem ipsum 1,lorem ipsum 2,hello world!,1,2,0.00,1,1,0kihcn1h,,,,,0
294,rbe45cmg,,1,22,21,Outro,Results,2021-04-05 19:58:18.748613+00:00,1,,,10.00,294,13,27,not specified,7,widowed,3,4,20149,yes,5,6,1,1,lorem ipsum 1,lorem ipsum 2,hello world!,7,4,0.00,1,1,0kihcn1h,,,,,0
295,brgnboeg,,1,22,21,Outro,Results,2021-04-05 19:58:18.774576+00:00,1,,,0.00,295,23,6,not specified,3,widowed,3,5,20149,yes,4,4,4,2,lorem ipsum 1,lorem ipsum 2,hello world!,4,1,0.00,1,1,0kihcn1h,,,,,0
296,5vks7ijn,,1,22,21,Outro,Results,2021-04-05 19:58:18.799431+00:00,1,,,0.00,296,27,25,not specified,4,widowed,3,1,20149,yes,0,18,4,4,lorem ipsum 1,lorem ipsum 2,hello world!,10,3,0.00,1,1,0kihcn1h,,,,,0
297,0zjipg12,,1,22,21,Outro,Results,2021-04-05 19:58:18.824045+00:00,1,,,0.00,297,18,54,not specified,2,widowed,1,1,20149,yes,3,8,1,0,lorem ipsum 1,lorem ipsum 2,hello world!,1,7,0.00,1,1,0kihcn1h,,,,,0
298,lka7gz0y,,1,22,21,Outro,Results,2021-04-05 19:58:18.848002+00:00,1,,,0.00,298,34,31,not specified,8,widowed,3,0,20149,yes,4,29,3,3,lorem ipsum 1,lorem ipsum 2,hello world!,5,7,0.00,1,1,0kihcn1h,,,,,0
299,ox7xosza,,1,22,21,Outro,Results,2021-04-05 19:58:18.871937+00:00,1,,,10.00,299,20,26,not specified,1,widowed,4,3,20149,yes,3,22,4,4,lorem ipsum 1,lorem ipsum 2,hello world!,3,1,0.00,1,1,0kihcn1h,,,,,0
300,1iqvd0kb,,1,22,21,Outro,Results,2021-04-05 19:58:18.896510+00:00,1,,,10.00,300,1,41,not specified,4,widowed,3,3,20149,yes,1,17,1,3,lorem ipsum 1,lorem ipsum 2,hello world!,3,5,0.00,1,1,0kihcn1h,,,,,0
301,8cn4j0ly,,1,22,21,Outro,Results,2021-04-05 19:58:18.921779+00:00,1,,,10.00,301,12,47,not specified,1,widowed,3,1,20149,yes,5,22,3,0,lorem ipsum 1,lorem ipsum 2,hello world!,10,7,0.00,1,1,0kihcn1h,,,,,0
302,bjk9ftdz,,1,22,21,Outro,Results,2021-04-05 19:58:18.947344+00:00,1,,,0.00,302,20,49,not specified,5,widowed,2,5,20149,yes,4,22,0,4,lorem ipsum 1,lorem ipsum 2,hello world!,9,10,0.00,1,1,0kihcn1h,,,,,0
303,vcdeveis,,1,22,21,Outro,Results,2021-04-05 19:58:18.971409+00:00,1,,,0.00,303,0,40,not specified,8,widowed,3,4,20149,yes,3,11,1,3,lorem ipsum 1,lorem ipsum 2,hello world!,9,2,0.00,1,1,0kihcn1h,,,,,0
304,54h2ggfx,,1,22,21,Outro,Results,2021-04-05 19:58:18.995090+00:00,1,,,10.00,304,11,53,not specified,4,widowed,0,2,20149,yes,5,27,0,2,lorem ipsum 1,lorem ipsum 2,hello world!,4,7,0.00,1,1,0kihcn1h,,,,,0
305,3nmjbje8,,1,22,21,Outro,Results,2021-04-05 19:58:19.020667+00:00,1,,,10.00,305,28,23,not specified,4,widowed,3,4,20149,yes,0,34,1,2,lorem ipsum 1,lorem ipsum 2,hello world!,0,9,0.00,1,1,0kihcn1h,,,,,0
306,bk38z2jk,,1,22,21,Outro,Results,2021-04-05 19:58:19.045208+00:00,1,,,10.00,306,5,33,not specified,1,widowed,3,2,20149,yes,4,24,2,0,lorem ipsum 1,lorem ipsum 2,hello world!,0,2,0.00,1,1,0kihcn1h,,,,,0
307,s0anjyda,,1,22,21,Outro,Results,2021-04-05 19:58:19.068649+00:00,1,,,10.00,307,32,29,not specified,1,widowed,4,1,20149,yes,4,15,2,2,lorem ipsum 1,lorem ipsum 2,hello world!,0,4,0.00,1,1,0kihcn1h,,,,,0
308,21dtmb09,,1,22,21,Outro,Results,2021-04-05 19:58:19.092774+00:00,1,,,0.00,308,29,30,not specified,0,widowed,1,4,20149,yes,5,7,2,2,lorem ipsum 1,lorem ipsum 2,hello world!,6,9,0.00,1,1,0kihcn1h,,,,,0
309,hupmw3ug,,1,22,21,Outro,Results,2021-04-05 19:58:19.118659+00:00,1,,,10.00,309,10,43,not specified,8,widowed,2,5,20149,yes,3,35,2,0,lorem ipsum 1,lorem ipsum 2,hello world!,2,0,0.00,1,1,0kihcn1h,,,,,0
310,ktv86iqx,,1,22,21,Outro,Results,2021-04-05 19:58:19.143974+00:00,1,,,10.00,310,8,43,not specified,8,widowed,3,5,20149,yes,4,22,4,2,lorem ipsum 1,lorem ipsum 2,hello world!,1,1,0.00,1,1,0kihcn1h,,,,,0
311,3cp6ipn7,,1,22,21,Outro,Results,2021-04-05 19:58:19.168248+00:00,1,,,10.00,311,33,43,not specified,1,widowed,1,5,20149,yes,1,8,2,1,lorem ipsum 1,lorem ipsum 2,hello world!,2,5,0.00,1,1,0kihcn1h,,,,,0
312,h6cbc7pz,,1,22,21,Outro,Results,2021-04-05 19:58:19.193292+00:00,1,,,10.00,312,14,26,not specified,4,widowed,2,4,20149,yes,2,33,2,0,lorem ipsum 1,lorem ipsum 2,hello world!,3,7,0.00,1,1,0kihcn1h,,,,,0
313,x0frvwxn,,1,22,21,Outro,Results,2021-04-05 19:58:19.218645+00:00,1,,,0.00,313,25,23,not specified,3,widowed,1,4,20149,yes,2,18,3,1,lorem ipsum 1,lorem ipsum 2,hello world!,9,2,0.00,1,1,0kihcn1h,,,,,0
314,nn2frtkg,,1,22,21,Outro,Results,2021-04-05 19:58:19.244413+00:00,1,,,0.00,314,31,2,not specified,1,widowed,3,5,20149,yes,4,27,3,2,lorem ipsum 1,lorem ipsum 2,hello world!,9,9,0.00,1,1,0kihcn1h,,,,,0
315,hwtyk4wr,,1,22,21,Outro,Results,2021-04-05 19:58:19.269959+00:00,1,,,10.00,315,0,29,not specified,2,widowed,2,1,20149,yes,0,0,2,4,lorem ipsum 1,lorem ipsum 2,hello world!,8,8,0.00,1,1,0kihcn1h,,,,,0
316,uoaa7bwq,,1,22,21,Outro,Results,2021-04-05 19:58:19.295471+00:00,1,,,10.00,316,31,58,not specified,0,widowed,4,2,20149,yes,0,12,4,0,lorem ipsum 1,lorem ipsum 2,hello world!,8,1,0.00,1,1,0kihcn1h,,,,,0
317,03im0jf8,,1,22,21,Outro,Results,2021-04-05 19:58:19.319735+00:00,1,,,0.00,317,28,12,not specified,5,widowed,2,4,20149,yes,0,26,1,3,lorem ipsum 1,lorem ipsum 2,hello world!,10,7,0.00,1,1,0kihcn1h,,,,,0
318,q8vicsk2,,1,22,21,Outro,Results,2021-04-05 19:58:19.345245+00:00,1,,,10.00,318,33,34,not specified,2,widowed,1,0,20149,yes,3,16,0,4,lorem ipsum 1,lorem ipsum 2,hello world!,0,1,0.00,1,1,0kihcn1h,,,,,0
319,a1qkhh1m,,1,22,21,Outro,Results,2021-04-05 19:58:19.371950+00:00,1,,,0.00,319,31,14,not specified,1,widowed,0,0,20149,yes,5,34,2,3,lorem ipsum 1,lorem ipsum 2,hello world!,5,10,0.00,1,1,0kihcn1h,,,,,0
320,lr5m1pnn,,1,22,21,Outro,Results,2021-04-05 19:58:19.400567+00:00,1,,,10.00,320,27,20,not specified,1,widowed,4,2,20149,yes,3,33,1,0,lorem ipsum 1,lorem ipsum 2,hello world!,6,7,0.00,1,1,0kihcn1h,,,,,0
321,dq024rpk,,1,22,21,Outro,Results,2021-04-05 19:58:19.431124+00:00,1,,,0.00,321,1,27,not specified,8,widowed,0,3,20149,yes,5,29,2,3,lorem ipsum 1,lorem ipsum 2,hello world!,5,3,0.00,1,1,0kihcn1h,,,,,0
322,10spl1j4,,1,22,21,Outro,Results,2021-04-05 19:58:19.465735+00:00,1,,,0.00,322,30,1,not specified,8,widowed,1,1,20149,yes,0,1,4,0,lorem ipsum 1,lorem ipsum 2,hello world!,8,2,0.00,1,1,0kihcn1h,,,,,0
323,4e1poq2z,,1,22,21,Outro,Results,2021-04-05 19:58:19.497626+00:00,1,,,10.00,323,15,33,not specified,0,widowed,1,5,20149,yes,3,8,3,3,lorem ipsum 1,lorem ipsum 2,hello world!,0,10,0.00,1,1,0kihcn1h,,,,,0
324,lkqmnem8,,1,22,21,Outro,Results,2021-04-05 19:58:19.522713+00:00,1,,,10.00,324,16,54,not specified,0,widowed,1,2,20149,yes,4,5,2,4,lorem ipsum 1,lorem ipsum 2,hello world!,4,0,0.00,1,1,0kihcn1h,,,,,0
325,29isnuab,,1,22,21,Outro,Results,2021-04-05 19:58:19.546960+00:00,1,,,10.00,325,23,34,not specified,0,widowed,2,5,20149,yes,4,16,3,0,lorem ipsum 1,lorem ipsum 2,hello world!,9,2,0.00,1,1,0kihcn1h,,,,,0
326,tumwnktt,,1,22,21,Outro,Results,2021-04-05 19:58:19.571063+00:00,1,,,10.00,326,15,64,not specified,5,widowed,2,0,20149,yes,5,31,1,3,lorem ipsum 1,lorem ipsum 2,hello world!,9,10,0.00,1,1,0kihcn1h,,,,,0
327,e5oywcjn,,1,22,21,Outro,Results,2021-04-05 19:58:19.596808+00:00,1,,,10.00,327,6,43,not specified,5,widowed,1,2,20149,yes,4,13,3,4,lorem ipsum 1,lorem ipsum 2,hello world!,0,8,0.00,1,1,0kihcn1h,,,,,0
328,0rrxjv04,,1,22,21,Outro,Results,2021-04-05 19:58:19.622480+00:00,1,,,0.00,328,11,5,not specified,6,widowed,3,5,20149,yes,4,8,2,3,lorem ipsum 1,lorem ipsum 2,hello world!,0,4,0.00,1,1,0kihcn1h,,,,,0
329,7az9hby4,,1,22,21,Outro,Results,2021-04-05 19:58:19.646970+00:00,1,,,0.00,329,9,64,not specified,1,widowed,4,2,20149,yes,4,10,4,0,lorem ipsum 1,lorem ipsum 2,hello world!,3,1,0.00,1,1,0kihcn1h,,,,,0
330,3n67njfi,,1,22,21,Outro,Results,2021-04-05 19:58:19.671367+00:00,1,,,0.00,330,18,63,not specified,0,widowed,4,3,20149,yes,1,0,4,0,lorem ipsum 1,lorem ipsum 2,hello world!,10,1,0.00,1,1,0kihcn1h,,,,,0
331,5xgeo7wm,,1,22,21,Outro,Results,2021-04-05 19:58:19.696281+00:00,1,,,10.00,331,26,60,not specified,6,widowed,1,3,20149,yes,2,7,1,1,lorem ipsum 1,lorem ipsum 2,hello world!,6,5,0.00,1,1,0kihcn1h,,,,,0
332,krjboa2r,,1,22,21,Outro,Results,2021-04-05 19:58:19.722138+00:00,1,,,10.00,332,30,0,not specified,8,widowed,3,5,20149,yes,5,35,0,4,lorem ipsum 1,lorem ipsum 2,hello world!,4,10,0.00,1,1,0kihcn1h,,,,,0
333,3c7ohixm,,1,22,21,Outro,Results,2021-04-05 19:58:19.747482+00:00,1,,,0.00,333,17,10,not specified,3,widowed,1,2,20149,yes,1,10,3,3,lorem ipsum 1,lorem ipsum 2,hello world!,7,2,0.00,1,1,0kihcn1h,,,,,0
334,zkh3w4ki,,1,22,21,Outro,Results,2021-04-05 19:58:19.771802+00:00,1,,,10.00,334,27,12,not specified,3,widowed,1,5,20149,yes,1,28,3,2,lorem ipsum 1,lorem ipsum 2,hello world!,0,2,0.00,1,1,0kihcn1h,,,,,0
335,2qszi1s1,,1,22,21,Outro,Results,2021-04-05 19:58:19.796384+00:00,1,,,10.00,335,35,40,not specified,5,widowed,0,3,20149,yes,1,8,4,0,lorem ipsum 1,lorem ipsum 2,hello world!,8,3,0.00,1,1,0kihcn1h,,,,,0
336,blm8gaaj,,1,22,21,Outro,Results,2021-04-05 19:58:19.821267+00:00,1,,,10.00,336,10,49,not specified,6,widowed,2,4,20149,yes,5,0,2,0,lorem ipsum 1,lorem ipsum 2,hello world!,8,4,0.00,1,1,0kihcn1h,,,,,0
337,yobcdnm6,,1,22,21,Outro,Results,2021-04-05 19:58:19.846052+00:00,1,,,0.00,337,3,33,not specified,6,widowed,3,5,20149,yes,3,18,1,2,lorem ipsum 1,lorem ipsum 2,hello world!,10,6,0.00,1,1,0kihcn1h,,,,,0
338,t7r7hxxo,,1,22,21,Outro,Results,2021-04-05 19:58:19.869906+00:00,1,,,10.00,338,2,61,not specified,3,widowed,1,1,20149,yes,3,35,4,2,lorem ipsum 1,lorem ipsum 2,hello world!,1,8,0.00,1,1,0kihcn1h,,,,,0
339,8ldkau7m,,1,22,21,Outro,Results,2021-04-05 19:58:19.893755+00:00,1,,,10.00,339,31,28,not specified,5,widowed,0,2,20149,yes,1,7,4,4,lorem ipsum 1,lorem ipsum 2,hello world!,7,4,0.00,1,1,0kihcn1h,,,,,0
340,ywubn1ua,,1,22,21,Outro,Results,2021-04-05 19:58:19.918911+00:00,1,,,0.00,340,16,22,not specified,8,widowed,1,3,20149,yes,4,0,1,3,lorem ipsum 1,lorem ipsum 2,hello world!,4,4,0.00,1,1,0kihcn1h,,,,,0
341,45jbcnkq,,1,22,21,Outro,Results,2021-04-05 19:58:19.945506+00:00,1,,,10.00,341,33,14,not specified,2,widowed,3,0,20149,yes,0,20,3,0,lorem ipsum 1,lorem ipsum 2,hello world!,1,9,0.00,1,1,0kihcn1h,,,,,0
342,x5dnyes5,,1,22,21,Outro,Results,2021-04-05 19:58:19.969215+00:00,1,,,10.00,342,12,7,not specified,1,widowed,3,1,20149,yes,2,29,0,1,lorem ipsum 1,lorem ipsum 2,hello world!,0,7,0.00,1,1,0kihcn1h,,,,,0
343,j5ajb78x,,1,22,21,Outro,Results,2021-04-05 19:58:19.993687+00:00,1,,,10.00,343,31,56,not specified,2,widowed,4,4,20149,yes,3,19,0,0,lorem ipsum 1,lorem ipsum 2,hello world!,7,10,0.00,1,1,0kihcn1h,,,,,0
344,19vnh61b,,1,22,21,Outro,Results,2021-04-05 19:58:20.017140+00:00,1,,,10.00,344,3,63,not specified,8,widowed,3,2,20149,yes,0,10,3,0,lorem ipsum 1,lorem ipsum 2,hello world!,5,7,0.00,1,1,0kihcn1h,,,,,0
345,xn8u0nj1,,1,22,21,Outro,Results,2021-04-05 19:58:20.041962+00:00,1,,,0.00,345,19,62,not specified,3,widowed,2,1,20149,yes,0,13,0,2,lorem ipsum 1,lorem ipsum 2,hello world!,0,2,0.00,1,1,0kihcn1h,,,,,0
346,qpkrynma,,1,22,21,Outro,Results,2021-04-05 19:58:20.065970+00:00,1,,,0.00,346,11,55,not specified,7,widowed,4,5,20149,yes,3,1,3,1,lorem ipsum 1,lorem ipsum 2,hello world!,4,4,0.00,1,1,0kihcn1h,,,,,0
347,bkj3ga8m,,1,22,21,Outro,Results,2021-04-05 19:58:20.090474+00:00,1,,,10.00,347,27,12,not specified,7,widowed,0,4,20149,yes,3,18,1,0,lorem ipsum 1,lorem ipsum 2,hello world!,6,8,0.00,1,1,0kihcn1h,,,,,0
348,h0aktige,,1,22,21,Outro,Results,2021-04-05 19:58:20.114584+00:00,1,,,10.00,348,11,36,not specified,2,widowed,4,2,20149,yes,5,31,3,1,lorem ipsum 1,lorem ipsum 2,hello world!,6,2,0.00,1,1,0kihcn1h,,,,,0
349,cm0soqme,,1,22,21,Outro,Results,2021-04-05 19:58:20.139485+00:00,1,,,0.00,349,31,43,not specified,3,widowed,1,5,20149,yes,3,25,0,1,lorem ipsum 1,lorem ipsum 2,hello world!,9,8,0.00,1,1,0kihcn1h,,,,,0
350,24j4yraq,,1,22,21,Outro,Results,2021-04-05 19:58:20.164466+00:00,1,,,0.00,350,0,49,not specified,3,widowed,4,2,20149,yes,0,24,4,3,lorem ipsum 1,lorem ipsum 2,hello world!,1,5,0.00,1,1,0kihcn1h,,,,,0
351,eonw9vdk,,1,22,21,Outro,Results,2021-04-05 19:58:20.188733+00:00,1,,,10.00,351,19,7,not specified,2,widowed,3,0,20149,yes,1,34,0,3,lorem ipsum 1,lorem ipsum 2,hello world!,7,7,0.00,1,1,0kihcn1h,,,,,0
352,g56un4hs,,1,22,21,Outro,Results,2021-04-05 19:58:20.219587+00:00,1,,,0.00,352,9,1,not specified,8,widowed,1,3,20149,yes,3,3,2,2,lorem ipsum 1,lorem ipsum 2,hello world!,8,8,0.00,1,1,0kihcn1h,,,,,0
353,zls6ty7j,,1,22,21,Outro,Results,2021-04-05 19:58:20.243754+00:00,1,,,10.00,353,10,64,not specified,2,widowed,0,2,20149,yes,4,22,3,1,lorem ipsum 1,lorem ipsum 2,hello world!,4,0,0.00,1,1,0kihcn1h,,,,,0
354,qcmaq6s2,,1,22,21,Outro,Results,2021-04-05 19:58:20.268065+00:00,1,,,0.00,354,5,40,not specified,3,widowed,4,3,20149,yes,0,19,0,3,lorem ipsum 1,lorem ipsum 2,hello world!,7,1,0.00,1,1,0kihcn1h,,,,,0
355,9s5j3zx7,,1,22,21,Outro,Results,2021-04-05 19:58:20.292394+00:00,1,,,10.00,355,16,55,not specified,6,widowed,0,3,20149,yes,2,18,3,0,lorem ipsum 1,lorem ipsum 2,hello world!,2,3,0.00,1,1,0kihcn1h,,,,,0
356,bx9l4wlt,,1,22,21,Outro,Results,2021-04-05 19:58:20.316118+00:00,1,,,0.00,356,26,11,not specified,8,widowed,2,1,20149,yes,4,12,2,2,lorem ipsum 1,lorem ipsum 2,hello world!,8,2,0.00,1,1,0kihcn1h,,,,,0
357,rdh41rxw,,1,22,21,Outro,Results,2021-04-05 19:58:20.340207+00:00,1,,,10.00,357,25,41,not specified,4,widowed,1,2,20149,yes,1,20,4,4,lorem ipsum 1,lorem ipsum 2,hello world!,10,1,0.00,1,1,0kihcn1h,,,,,0
358,wwjqw6up,,1,22,21,Outro,Results,2021-04-05 19:58:20.364400+00:00,1,,,10.00,358,28,65,not specified,6,widowed,0,0,20149,yes,1,26,1,2,lorem ipsum 1,lorem ipsum 2,hello world!,9,5,0.00,1,1,0kihcn1h,,,,,0
359,vrng7xrj,,1,22,21,Outro,Results,2021-04-05 19:58:20.388667+00:00,1,,,0.00,359,5,26,not specified,3,widowed,2,2,20149,yes,1,25,1,3,lorem ipsum 1,lorem ipsum 2,hello world!,7,1,0.00,1,1,0kihcn1h,,,,,0
360,y0jx6apx,,1,22,21,Outro,Results,2021-04-05 19:58:20.412366+00:00,1,,,10.00,360,22,10,not specified,4,widowed,0,0,20149,yes,3,25,2,4,lorem ipsum 1,lorem ipsum 2,hello world!,1,7,0.00,1,1,0kihcn1h,,,,,0
361,5wqqaf8l,,1,22,21,Outro,Results,2021-04-05 19:58:20.436101+00:00,1,,,10.00,361,21,27,not specified,5,widowed,2,1,20149,yes,3,15,0,4,lorem ipsum 1,lorem ipsum 2,hello world!,7,9,0.00,1,1,0kihcn1h,,,,,0
362,qff890mq,,1,22,21,Outro,Results,2021-04-05 19:58:20.461624+00:00,1,,,0.00,362,18,0,not specified,4,widowed,2,2,20149,yes,0,24,1,4,lorem ipsum 1,lorem ipsum 2,hello world!,8,0,0.00,1,1,0kihcn1h,,,,,0
363,58sj8z8b,,1,22,21,Outro,Results,2021-04-05 19:58:20.484842+00:00,1,,,10.00,363,32,38,not specified,7,widowed,0,3,20149,yes,1,6,3,0,lorem ipsum 1,lorem ipsum 2,hello world!,2,3,0.00,1,1,0kihcn1h,,,,,0
364,ivqwvb67,,1,22,21,Outro,Results,2021-04-05 19:58:20.509293+00:00,1,,,0.00,364,30,35,not specified,6,widowed,1,3,20149,yes,3,25,4,4,lorem ipsum 1,lorem ipsum 2,hello world!,5,7,0.00,1,1,0kihcn1h,,,,,0
365,yw6n5lt7,,1,22,21,Outro,Results,2021-04-05 19:58:20.533796+00:00,1,,,10.00,365,20,39,not specified,4,widowed,1,2,20149,yes,5,26,3,4,lorem ipsum 1,lorem ipsum 2,hello world!,6,2,0.00,1,1,0kihcn1h,,,,,0
366,sdk7lqwg,,1,22,21,Outro,Results,2021-04-05 19:58:20.557939+00:00,1,,,10.00,366,10,14,not specified,2,widowed,1,5,20149,yes,1,18,4,1,lorem ipsum 1,lorem ipsum 2,hello world!,9,10,0.00,1,1,0kihcn1h,,,,,0
367,kcns46vk,,1,22,21,Outro,Results,2021-04-05 19:58:20.583530+00:00,1,,,0.00,367,25,48,not specified,6,widowed,1,5,20149,yes,1,14,4,4,lorem ipsum 1,lorem ipsum 2,hello world!,4,6,0.00,1,1,0kihcn1h,,,,,0
368,l1vfieg2,,1,22,21,Outro,Results,2021-04-05 19:58:20.607421+00:00,1,,,0.00,368,32,28,not specified,8,widowed,3,5,20149,yes,4,33,2,4,lorem ipsum 1,lorem ipsum 2,hello world!,2,9,0.00,1,1,0kihcn1h,,,,,0
369,r6ylcjgk,,1,22,21,Outro,Results,2021-04-05 19:58:20.631881+00:00,1,,,0.00,369,30,33,not specified,0,widowed,0,4,20149,yes,1,29,1,0,lorem ipsum 1,lorem ipsum 2,hello world!,8,8,0.00,1,1,0kihcn1h,,,,,0
370,wskq85ac,,1,22,21,Outro,Results,2021-04-05 19:58:20.656954+00:00,1,,,10.00,370,5,9,not specified,6,widowed,3,5,20149,yes,2,5,2,1,lorem ipsum 1,lorem ipsum 2,hello world!,7,1,0.00,1,1,0kihcn1h,,,,,0
371,bcrtzqql,,1,22,21,Outro,Results,2021-04-05 19:58:20.685107+00:00,1,,,10.00,371,21,24,not specified,8,widowed,0,2,20149,yes,2,24,3,3,lorem ipsum 1,lorem ipsum 2,hello world!,7,4,0.00,1,1,0kihcn1h,,,,,0
372,1nfq4itn,,1,22,21,Outro,Results,2021-04-05 19:58:20.710703+00:00,1,,,10.00,372,5,59,not specified,2,widowed,2,1,20149,yes,5,9,4,2,lorem ipsum 1,lorem ipsum 2,hello world!,1,6,0.00,1,1,0kihcn1h,,,,,0
373,0yusnxga,,1,22,21,Outro,Results,2021-04-05 19:58:20.735633+00:00,1,,,10.00,373,2,47,not specified,8,widowed,2,2,20149,yes,2,13,2,4,lorem ipsum 1,lorem ipsum 2,hello world!,8,4,0.00,1,1,0kihcn1h,,,,,0
374,7se66yy6,,1,22,21,Outro,Results,2021-04-05 19:58:20.760888+00:00,1,,,10.00,374,30,44,not specified,2,widowed,0,5,20149,yes,1,7,2,1,lorem ipsum 1,lorem ipsum 2,hello world!,3,7,0.00,1,1,0kihcn1h,,,,,0
375,kffqeaug,,1,22,21,Outro,Results,2021-04-05 19:58:20.785320+00:00,1,,,0.00,375,2,3,not specified,2,widowed,2,0,20149,yes,0,17,4,1,lorem ipsum 1,lorem ipsum 2,hello world!,6,1,0.00,1,1,0kihcn1h,,,,,0
376,qplfydwo,,1,22,21,Outro,Results,2021-04-05 19:58:20.990214+00:00,1,,,10.00,376,20,50,not specified,1,widowed,1,0,20149,yes,5,19,2,3,lorem ipsum 1,lorem ipsum 2,hello world!,5,1,0.00,1,1,0kihcn1h,,,,,0
377,i44nqu0d,,1,22,21,Outro,Results,2021-04-05 19:58:21.020593+00:00,1,,,10.00,377,10,44,not specified,6,widowed,4,5,20149,yes,2,12,3,1,lorem ipsum 1,lorem ipsum 2,hello world!,4,8,0.00,1,1,0kihcn1h,,,,,0
378,nc2bwcju,,1,22,21,Outro,Results,2021-04-05 19:58:21.048866+00:00,1,,,10.00,378,28,18,not specified,6,widowed,0,2,20149,yes,5,20,0,4,lorem ipsum 1,lorem ipsum 2,hello world!,8,7,0.00,1,1,0kihcn1h,,,,,0
379,otb9bloc,,1,22,21,Outro,Results,2021-04-05 19:58:21.074597+00:00,1,,,10.00,379,9,44,not specified,6,widowed,4,5,20149,yes,5,2,1,3,lorem ipsum 1,lorem ipsum 2,hello world!,10,6,0.00,1,1,0kihcn1h,,,,,0
380,jvx7q917,,1,22,21,Outro,Results,2021-04-05 19:58:21.100435+00:00,1,,,0.00,380,18,19,not specified,1,widowed,0,5,20149,yes,4,19,3,1,lorem ipsum 1,lorem ipsum 2,hello world!,9,1,0.00,1,1,0kihcn1h,,,,,0
381,7ds7ydu1,,1,22,21,Outro,Results,2021-04-05 19:58:21.124974+00:00,1,,,10.00,381,29,62,not specified,5,widowed,1,2,20149,yes,0,29,4,3,lorem ipsum 1,lorem ipsum 2,hello world!,8,4,0.00,1,1,0kihcn1h,,,,,0
382,ajc498u3,,1,22,21,Outro,Results,2021-04-05 19:58:21.149354+00:00,1,,,10.00,382,0,36,not specified,6,widowed,0,0,20149,yes,1,19,3,2,lorem ipsum 1,lorem ipsum 2,hello world!,2,10,0.00,1,1,0kihcn1h,,,,,0
383,xyap75ao,,1,22,21,Outro,Results,2021-04-05 19:58:21.174238+00:00,1,,,10.00,383,10,34,not specified,1,widowed,3,0,20149,yes,0,8,4,2,lorem ipsum 1,lorem ipsum 2,hello world!,0,7,0.00,1,1,0kihcn1h,,,,,0
384,79g4czt5,,1,22,21,Outro,Results,2021-04-05 19:58:21.198483+00:00,1,,,10.00,384,18,30,not specified,7,widowed,0,5,20149,yes,1,30,4,1,lorem ipsum 1,lorem ipsum 2,hello world!,8,7,0.00,1,1,0kihcn1h,,,,,0
385,cjbtzzgm,,1,22,21,Outro,Results,2021-04-05 19:58:21.223882+00:00,1,,,10.00,385,20,15,not specified,5,widowed,0,3,20149,yes,4,29,2,1,lorem ipsum 1,lorem ipsum 2,hello world!,0,2,0.00,1,1,0kihcn1h,,,,,0
386,q480vy3s,,1,22,21,Outro,Results,2021-04-05 19:58:21.247521+00:00,1,,,10.00,386,6,21,not specified,5,widowed,1,0,20149,yes,2,1,0,2,lorem ipsum 1,lorem ipsum 2,hello world!,1,9,0.00,1,1,0kihcn1h,,,,,0
387,b5qyfiba,,1,22,21,Outro,Results,2021-04-05 19:58:21.272163+00:00,1,,,10.00,387,0,11,not specified,5,widowed,3,5,20149,yes,5,6,4,0,lorem ipsum 1,lorem ipsum 2,hello world!,0,0,0.00,1,1,0kihcn1h,,,,,0
388,xrybdtq9,,1,22,21,Outro,Results,2021-04-05 19:58:21.295919+00:00,1,,,10.00,388,2,33,not specified,1,widowed,2,0,20149,yes,5,19,3,3,lorem ipsum 1,lorem ipsum 2,hello world!,10,3,0.00,1,1,0kihcn1h,,,,,0
389,1vkfw21w,,1,22,21,Outro,Results,2021-04-05 19:58:21.320138+00:00,1,,,10.00,389,24,54,not specified,0,widowed,3,4,20149,yes,4,5,3,3,lorem ipsum 1,lorem ipsum 2,hello world!,0,9,0.00,1,1,0kihcn1h,,,,,0
390,pvjkx229,,1,22,21,Outro,Results,2021-04-05 19:58:21.343837+00:00,1,,,10.00,390,24,61,not specified,3,widowed,2,4,20149,yes,0,30,3,0,lorem ipsum 1,lorem ipsum 2,hello world!,9,0,0.00,1,1,0kihcn1h,,,,,0
391,ffg7rao0,,1,22,21,Outro,Results,2021-04-05 19:58:21.367863+00:00,1,,,0.00,391,34,33,not specified,6,widowed,3,1,20149,yes,0,14,3,1,lorem ipsum 1,lorem ipsum 2,hello world!,10,10,0.00,1,1,0kihcn1h,,,,,0
392,jhkqh5d8,,1,22,21,Outro,Results,2021-04-05 19:58:21.391436+00:00,1,,,10.00,392,5,20,not specified,2,widowed,4,4,20149,yes,0,26,3,0,lorem ipsum 1,lorem ipsum 2,hello world!,7,2,0.00,1,1,0kihcn1h,,,,,0
393,oiftyypy,,1,22,21,Outro,Results,2021-04-05 19:58:21.416410+00:00,1,,,0.00,393,25,24,not specified,5,widowed,2,1,20149,yes,5,15,0,2,lorem ipsum 1,lorem ipsum 2,hello world!,9,9,0.00,1,1,0kihcn1h,,,,,0
394,7tkzifhs,,1,22,21,Outro,Results,2021-04-05 19:58:21.440928+00:00,1,,,0.00,394,15,39,not specified,8,widowed,4,4,20149,yes,0,8,1,4,lorem ipsum 1,lorem ipsum 2,hello world!,8,5,0.00,1,1,0kihcn1h,,,,,0
395,mewbkqbp,,1,22,21,Outro,Results,2021-04-05 19:58:21.465864+00:00,1,,,10.00,395,24,14,not specified,8,widowed,0,4,20149,yes,0,29,4,1,lorem ipsum 1,lorem ipsum 2,hello world!,3,10,0.00,1,1,0kihcn1h,,,,,0
396,0l88tegu,,1,22,21,Outro,Results,2021-04-05 19:58:21.490755+00:00,1,,,10.00,396,12,20,not specified,2,widowed,3,5,20149,yes,2,32,0,1,lorem ipsum 1,lorem ipsum 2,hello world!,6,3,0.00,1,1,0kihcn1h,,,,,0
397,kkfekoc0,,1,22,21,Outro,Results,2021-04-05 19:58:21.514735+00:00,1,,,0.00,397,30,25,not specified,7,widowed,2,3,20149,yes,1,10,4,0,lorem ipsum 1,lorem ipsum 2,hello world!,1,6,0.00,1,1,0kihcn1h,,,,,0
398,bxbb2z5q,,1,22,21,Outro,Results,2021-04-05 19:58:21.539689+00:00,1,,,10.00,398,27,65,not specified,8,widowed,4,3,20149,yes,2,16,3,2,lorem ipsum 1,lorem ipsum 2,hello world!,5,5,0.00,1,1,0kihcn1h,,,,,0
399,8la5u8b6,,1,22,21,Outro,Results,2021-04-05 19:58:21.563429+00:00,1,,,0.00,399,5,19,not specified,3,widowed,1,4,20149,yes,2,32,4,0,lorem ipsum 1,lorem ipsum 2,hello world!,2,10,0.00,1,1,0kihcn1h,,,,,0
400,1e6mvf8j,,1,22,21,Outro,Results,2021-04-05 19:58:21.587891+00:00,1,,,10.00,400,12,38,not specified,6,widowed,2,1,20149,yes,4,32,2,0,lorem ipsum 1,lorem ipsum 2,hello world!,1,7,0.00,1,1,0kihcn1h,,,,,0
