participant.id_in_session,participant.code,participant.label,participant._is_bot,participant._index_in_pages,participant._max_page_index,participant._current_app_name,participant._current_page_name,participant.time_started,participant.visited,participant.mturk_worker_id,participant.mturk_assignment_id,participant.payoff,player.id_in_group,player.Age,player.Gender,player.Education,player.Income,player.Comprehension,player.Usage,player.Accuracy,player.Authenticity,player.Credibility,player.CLICCS1,player.CLICCS2,player.payoff,group.id_in_subsession,subsession.round_number,session.code,session.label,session.mturk_HITId,session.mturk_HITGroupId,session.comment,session.is_demo
1,tu4e1j7x,,1,63,63,terminate,Results,2021-01-13 12:26:19.601275+00:00,1,,,0.00,1,27,diverse,uni,54008,yes,3,-1,1,1,test1,test2,0.00,1,1,jing3te6,,,,,0
2,1bt3adq0,,1,63,63,terminate,Results,2021-01-13 12:26:19.650511+00:00,1,,,0.00,2,35,diverse,uni,66989,yes,0,0,1,2,test1,test2,0.00,1,1,jing3te6,,,,,0
3,7jny5nkb,,1,63,63,terminate,Results,2021-01-13 12:26:19.673271+00:00,1,,,10.00,3,99,diverse,uni,51909,yes,2,-1,2,2,test1,test2,0.00,1,1,jing3te6,,,,,0
4,xqbgfwwf,,1,63,63,terminate,Results,2021-01-13 12:26:19.696306+00:00,1,,,0.00,4,25,diverse,uni,61416,yes,4,2,2,0,test1,test2,0.00,1,1,jing3te6,,,,,0
5,f3eq6sen,,1,63,63,terminate,Results,2021-01-13 12:26:19.720212+00:00,1,,,10.00,5,59,diverse,uni,68054,yes,2,0,2,-2,test1,test2,0.00,1,1,jing3te6,,,,,0
6,ljkbwfd6,,1,63,63,terminate,Results,2021-01-13 12:26:19.744247+00:00,1,,,10.00,6,48,diverse,uni,56426,yes,1,1,0,0,test1,test2,0.00,1,1,jing3te6,,,,,0
7,9bbvvn5c,,1,63,63,terminate,Results,2021-01-13 12:26:19.767685+00:00,1,,,10.00,7,74,diverse,uni,68364,yes,2,2,2,0,test1,test2,0.00,1,1,jing3te6,,,,,0
8,yb8cy6ee,,1,63,63,terminate,Results,2021-01-13 12:26:19.790175+00:00,1,,,10.00,8,73,diverse,uni,30262,yes,5,-2,-2,2,test1,test2,0.00,1,1,jing3te6,,,,,0
9,ud2ct78f,,1,63,63,terminate,Results,2021-01-13 12:26:19.812564+00:00,1,,,0.00,9,76,diverse,uni,30340,yes,2,0,-2,-1,test1,test2,0.00,1,1,jing3te6,,,,,0
10,4jndvc1b,,1,63,63,terminate,Results,2021-01-13 12:26:19.836627+00:00,1,,,0.00,10,30,diverse,uni,51590,yes,3,1,-1,2,test1,test2,0.00,1,1,jing3te6,,,,,0
11,b0mt52e6,,1,63,63,terminate,Results,2021-01-13 12:26:19.859827+00:00,1,,,0.00,11,41,diverse,uni,51658,yes,1,1,0,1,test1,test2,0.00,1,1,jing3te6,,,,,0
12,x8rfhnen,,1,63,63,terminate,Results,2021-01-13 12:26:19.883247+00:00,1,,,10.00,12,68,diverse,uni,66403,yes,4,1,2,2,test1,test2,0.00,1,1,jing3te6,,,,,0
13,ittupnam,,1,63,63,terminate,Results,2021-01-13 12:26:19.905602+00:00,1,,,0.00,13,63,diverse,uni,53492,yes,2,-2,1,1,test1,test2,0.00,1,1,jing3te6,,,,,0
14,6o6wzs64,,1,63,63,terminate,Results,2021-01-13 12:26:19.929176+00:00,1,,,10.00,14,86,diverse,uni,53132,yes,5,2,2,-1,test1,test2,0.00,1,1,jing3te6,,,,,0
15,9b7nrtng,,1,63,63,terminate,Results,2021-01-13 12:26:19.951568+00:00,1,,,0.00,15,41,diverse,uni,50628,yes,1,-2,-2,1,test1,test2,0.00,1,1,jing3te6,,,,,0
16,15u6g5z2,,1,63,63,terminate,Results,2021-01-13 12:26:19.974449+00:00,1,,,0.00,16,97,diverse,uni,44037,yes,5,-1,-1,0,test1,test2,0.00,1,1,jing3te6,,,,,0
17,lvxmo3hp,,1,63,63,terminate,Results,2021-01-13 12:26:19.998436+00:00,1,,,0.00,17,71,diverse,uni,38757,yes,2,2,2,-1,test1,test2,0.00,1,1,jing3te6,,,,,0
18,u5qec9y9,,1,63,63,terminate,Results,2021-01-13 12:26:20.022389+00:00,1,,,0.00,18,62,diverse,uni,39359,yes,2,0,2,2,test1,test2,0.00,1,1,jing3te6,,,,,0
19,q2d4cc7w,,1,63,63,terminate,Results,2021-01-13 12:26:20.045434+00:00,1,,,10.00,19,76,diverse,uni,32564,yes,2,1,-2,2,test1,test2,0.00,1,1,jing3te6,,,,,0
20,vz4n965p,,1,63,63,terminate,Results,2021-01-13 12:26:20.068771+00:00,1,,,10.00,20,99,diverse,uni,35183,yes,1,0,1,-1,test1,test2,0.00,1,1,jing3te6,,,,,0
21,tyvzciwy,,1,63,63,terminate,Results,2021-01-13 12:26:20.095058+00:00,1,,,10.00,21,50,diverse,uni,54677,yes,3,1,0,2,test1,test2,0.00,1,1,jing3te6,,,,,0
22,2zbiewmw,,1,63,63,terminate,Results,2021-01-13 12:26:20.118226+00:00,1,,,0.00,22,79,diverse,uni,50574,yes,2,1,2,1,test1,test2,0.00,1,1,jing3te6,,,,,0
23,n3qfs2ks,,1,63,63,terminate,Results,2021-01-13 12:26:20.143725+00:00,1,,,0.00,23,78,diverse,uni,52079,yes,1,2,-1,0,test1,test2,0.00,1,1,jing3te6,,,,,0
24,6unkmqc2,,1,63,63,terminate,Results,2021-01-13 12:26:20.166852+00:00,1,,,10.00,24,96,diverse,uni,47755,yes,4,2,2,1,test1,test2,0.00,1,1,jing3te6,,,,,0
25,awkcp7v8,,1,63,63,terminate,Results,2021-01-13 12:26:20.189396+00:00,1,,,0.00,25,74,diverse,uni,57217,yes,0,-2,0,-1,test1,test2,0.00,1,1,jing3te6,,,,,0
26,g9blo0w4,,1,63,63,terminate,Results,2021-01-13 12:26:20.212275+00:00,1,,,10.00,26,30,diverse,uni,47980,yes,1,-2,0,2,test1,test2,0.00,1,1,jing3te6,,,,,0
27,hbo0nzcr,,1,63,63,terminate,Results,2021-01-13 12:26:20.323474+00:00,1,,,10.00,27,39,diverse,uni,33479,yes,1,1,-1,-2,test1,test2,0.00,1,1,jing3te6,,,,,0
28,i9qo2nao,,1,63,63,terminate,Results,2021-01-13 12:26:20.351164+00:00,1,,,10.00,28,59,diverse,uni,31461,yes,5,0,-1,2,test1,test2,0.00,1,1,jing3te6,,,,,0
29,otax0bc0,,1,63,63,terminate,Results,2021-01-13 12:26:20.378394+00:00,1,,,10.00,29,68,diverse,uni,44467,yes,3,-1,-1,-1,test1,test2,0.00,1,1,jing3te6,,,,,0
30,xocdyd43,,1,63,63,terminate,Results,2021-01-13 12:26:20.404209+00:00,1,,,10.00,30,51,diverse,uni,50045,yes,2,-1,2,2,test1,test2,0.00,1,1,jing3te6,,,,,0
31,jhw43vo1,,1,63,63,terminate,Results,2021-01-13 12:26:20.427659+00:00,1,,,10.00,31,70,diverse,uni,57781,yes,0,1,-2,-1,test1,test2,0.00,1,1,jing3te6,,,,,0
32,1f80r52g,,1,63,63,terminate,Results,2021-01-13 12:26:20.450896+00:00,1,,,10.00,32,64,diverse,uni,67287,yes,2,1,-1,-2,test1,test2,0.00,1,1,jing3te6,,,,,0
33,4t5976lj,,1,63,63,terminate,Results,2021-01-13 12:26:20.474002+00:00,1,,,10.00,33,66,diverse,uni,54856,yes,2,0,2,0,test1,test2,0.00,1,1,jing3te6,,,,,0
34,b0oq8d29,,1,63,63,terminate,Results,2021-01-13 12:26:20.496044+00:00,1,,,10.00,34,44,diverse,uni,35328,yes,2,-1,-2,2,test1,test2,0.00,1,1,jing3te6,,,,,0
35,f8d81xxk,,1,63,63,terminate,Results,2021-01-13 12:26:20.518054+00:00,1,,,0.00,35,53,diverse,uni,66682,yes,2,-2,1,1,test1,test2,0.00,1,1,jing3te6,,,,,0
36,llz6ai0f,,1,63,63,terminate,Results,2021-01-13 12:26:20.541650+00:00,1,,,10.00,36,38,diverse,uni,44552,yes,4,-2,1,1,test1,test2,0.00,1,1,jing3te6,,,,,0
37,k6ldupgo,,1,63,63,terminate,Results,2021-01-13 12:26:20.564665+00:00,1,,,0.00,37,81,diverse,uni,66329,yes,3,1,2,0,test1,test2,0.00,1,1,jing3te6,,,,,0
38,yhk26a8j,,1,63,63,terminate,Results,2021-01-13 12:26:20.587027+00:00,1,,,10.00,38,33,diverse,uni,40549,yes,1,-1,1,-1,test1,test2,0.00,1,1,jing3te6,,,,,0
39,pnpvewod,,1,63,63,terminate,Results,2021-01-13 12:26:20.609233+00:00,1,,,10.00,39,43,diverse,uni,66915,yes,1,0,0,-1,test1,test2,0.00,1,1,jing3te6,,,,,0
40,cwsit9fl,,1,63,63,terminate,Results,2021-01-13 12:26:20.633205+00:00,1,,,0.00,40,86,diverse,uni,61750,yes,0,2,1,-2,test1,test2,0.00,1,1,jing3te6,,,,,0
41,x2pz5m8r,,1,63,63,terminate,Results,2021-01-13 12:26:20.656176+00:00,1,,,0.00,41,24,diverse,uni,39597,yes,2,-2,-1,1,test1,test2,0.00,1,1,jing3te6,,,,,0
42,pxfe3nnv,,1,63,63,terminate,Results,2021-01-13 12:26:20.678782+00:00,1,,,0.00,42,80,diverse,uni,66655,yes,2,1,1,2,test1,test2,0.00,1,1,jing3te6,,,,,0
43,rwi3o2hs,,1,63,63,terminate,Results,2021-01-13 12:26:20.701046+00:00,1,,,10.00,43,35,diverse,uni,45049,yes,5,-2,-1,2,test1,test2,0.00,1,1,jing3te6,,,,,0
44,my6jhmqh,,1,63,63,terminate,Results,2021-01-13 12:26:20.723158+00:00,1,,,0.00,44,46,diverse,uni,62770,yes,0,1,-2,1,test1,test2,0.00,1,1,jing3te6,,,,,0
45,kumis196,,1,63,63,terminate,Results,2021-01-13 12:26:20.746873+00:00,1,,,10.00,45,22,diverse,uni,53914,yes,4,1,0,-2,test1,test2,0.00,1,1,jing3te6,,,,,0
46,1mi4ly9v,,1,63,63,terminate,Results,2021-01-13 12:26:20.769411+00:00,1,,,0.00,46,51,diverse,uni,48750,yes,3,0,-2,0,test1,test2,0.00,1,1,jing3te6,,,,,0
47,wy7pym1j,,1,63,63,terminate,Results,2021-01-13 12:26:20.791815+00:00,1,,,0.00,47,47,diverse,uni,44959,yes,0,-1,1,-2,test1,test2,0.00,1,1,jing3te6,,,,,0
48,raha2v1v,,1,63,63,terminate,Results,2021-01-13 12:26:20.814555+00:00,1,,,10.00,48,36,diverse,uni,45876,yes,0,-1,2,-2,test1,test2,0.00,1,1,jing3te6,,,,,0
49,dgd5hqdz,,1,63,63,terminate,Results,2021-01-13 12:26:20.837913+00:00,1,,,0.00,49,86,diverse,uni,66271,yes,0,1,-2,-1,test1,test2,0.00,1,1,jing3te6,,,,,0
50,wywz853l,,1,63,63,terminate,Results,2021-01-13 12:26:20.860725+00:00,1,,,0.00,50,28,diverse,uni,40356,yes,2,0,-1,-2,test1,test2,0.00,1,1,jing3te6,,,,,0
51,622jlor1,,1,63,63,terminate,Results,2021-01-13 12:26:20.884075+00:00,1,,,10.00,51,19,diverse,uni,36105,yes,4,-2,2,1,test1,test2,0.00,1,1,jing3te6,,,,,0
52,ty5aekf7,,1,63,63,terminate,Results,2021-01-13 12:26:20.906576+00:00,1,,,0.00,52,75,diverse,uni,62728,yes,3,1,-1,0,test1,test2,0.00,1,1,jing3te6,,,,,0
53,lej7bq7p,,1,63,63,terminate,Results,2021-01-13 12:26:20.929338+00:00,1,,,10.00,53,46,diverse,uni,30289,yes,3,1,2,0,test1,test2,0.00,1,1,jing3te6,,,,,0
54,an0k2cth,,1,63,63,terminate,Results,2021-01-13 12:26:20.952685+00:00,1,,,0.00,54,33,diverse,uni,43970,yes,2,-1,2,1,test1,test2,0.00,1,1,jing3te6,,,,,0
55,eecl5fo5,,1,63,63,terminate,Results,2021-01-13 12:26:20.975134+00:00,1,,,0.00,55,65,diverse,uni,64242,yes,3,2,-2,0,test1,test2,0.00,1,1,jing3te6,,,,,0
56,kav21s5l,,1,63,63,terminate,Results,2021-01-13 12:26:20.997645+00:00,1,,,0.00,56,24,diverse,uni,65590,yes,4,-1,1,2,test1,test2,0.00,1,1,jing3te6,,,,,0
57,snbe7yvf,,1,63,63,terminate,Results,2021-01-13 12:26:21.034962+00:00,1,,,10.00,57,64,diverse,uni,59381,yes,2,2,0,0,test1,test2,0.00,1,1,jing3te6,,,,,0
58,f06wd559,,1,63,63,terminate,Results,2021-01-13 12:26:21.058251+00:00,1,,,10.00,58,76,diverse,uni,36367,yes,1,0,-2,2,test1,test2,0.00,1,1,jing3te6,,,,,0
59,h16e4whn,,1,63,63,terminate,Results,2021-01-13 12:26:21.082004+00:00,1,,,10.00,59,88,diverse,uni,31730,yes,4,-2,0,2,test1,test2,0.00,1,1,jing3te6,,,,,0
60,9wgjgi65,,1,63,63,terminate,Results,2021-01-13 12:26:21.104334+00:00,1,,,10.00,60,54,diverse,uni,38508,yes,0,0,2,-1,test1,test2,0.00,1,1,jing3te6,,,,,0
61,6ltsxd9l,,1,63,63,terminate,Results,2021-01-13 12:26:21.127262+00:00,1,,,10.00,61,86,diverse,uni,53579,yes,3,-1,1,-2,test1,test2,0.00,1,1,jing3te6,,,,,0
62,46q71l7q,,1,63,63,terminate,Results,2021-01-13 12:26:21.151026+00:00,1,,,0.00,62,95,diverse,uni,45516,yes,1,0,1,-1,test1,test2,0.00,1,1,jing3te6,,,,,0
63,ix12p3zu,,1,63,63,terminate,Results,2021-01-13 12:26:21.173691+00:00,1,,,10.00,63,92,diverse,uni,67919,yes,1,-1,0,0,test1,test2,0.00,1,1,jing3te6,,,,,0
64,bq2gqx72,,1,63,63,terminate,Results,2021-01-13 12:26:21.196047+00:00,1,,,10.00,64,37,diverse,uni,39152,yes,3,1,1,0,test1,test2,0.00,1,1,jing3te6,,,,,0
65,aanjshkd,,1,63,63,terminate,Results,2021-01-13 12:26:21.218488+00:00,1,,,0.00,65,81,diverse,uni,64694,yes,3,2,-1,0,test1,test2,0.00,1,1,jing3te6,,,,,0
66,ac7l0tak,,1,63,63,terminate,Results,2021-01-13 12:26:21.241445+00:00,1,,,10.00,66,37,diverse,uni,47282,yes,2,0,1,-2,test1,test2,0.00,1,1,jing3te6,,,,,0
67,2x0zpzbe,,1,63,63,terminate,Results,2021-01-13 12:26:21.266599+00:00,1,,,0.00,67,18,diverse,uni,32763,yes,0,1,-2,-2,test1,test2,0.00,1,1,jing3te6,,,,,0
68,81t2d9gb,,1,63,63,terminate,Results,2021-01-13 12:26:21.294164+00:00,1,,,10.00,68,84,diverse,uni,40109,yes,1,1,0,-2,test1,test2,0.00,1,1,jing3te6,,,,,0
69,in3uvxq9,,1,63,63,terminate,Results,2021-01-13 12:26:21.318922+00:00,1,,,10.00,69,91,diverse,uni,32729,yes,4,-2,0,-1,test1,test2,0.00,1,1,jing3te6,,,,,0
70,s2s9epif,,1,63,63,terminate,Results,2021-01-13 12:26:21.345019+00:00,1,,,10.00,70,65,diverse,uni,36423,yes,5,-1,1,1,test1,test2,0.00,1,1,jing3te6,,,,,0
71,5jzuq4n4,,1,63,63,terminate,Results,2021-01-13 12:26:21.370289+00:00,1,,,0.00,71,31,diverse,uni,63469,yes,4,0,1,-1,test1,test2,0.00,1,1,jing3te6,,,,,0
72,sa7g8m0j,,1,63,63,terminate,Results,2021-01-13 12:26:21.392999+00:00,1,,,0.00,72,40,diverse,uni,66974,yes,1,-2,-1,-2,test1,test2,0.00,1,1,jing3te6,,,,,0
73,uuuf1pok,,1,63,63,terminate,Results,2021-01-13 12:26:21.415712+00:00,1,,,10.00,73,49,diverse,uni,50669,yes,4,-2,2,2,test1,test2,0.00,1,1,jing3te6,,,,,0
74,9dbsx05w,,1,63,63,terminate,Results,2021-01-13 12:26:21.438773+00:00,1,,,10.00,74,59,diverse,uni,51414,yes,1,-1,0,0,test1,test2,0.00,1,1,jing3te6,,,,,0
75,zankg438,,1,63,63,terminate,Results,2021-01-13 12:26:21.461747+00:00,1,,,10.00,75,78,diverse,uni,48864,yes,4,0,-2,-1,test1,test2,0.00,1,1,jing3te6,,,,,0
76,uarzxzka,,1,63,63,terminate,Results,2021-01-13 12:26:21.549059+00:00,1,,,10.00,76,42,diverse,uni,68845,yes,0,2,2,-1,test1,test2,0.00,1,1,jing3te6,,,,,0
77,ocpa1nmp,,1,63,63,terminate,Results,2021-01-13 12:26:21.575282+00:00,1,,,10.00,77,25,diverse,uni,43211,yes,5,1,-2,0,test1,test2,0.00,1,1,jing3te6,,,,,0
78,hslbx5wa,,1,63,63,terminate,Results,2021-01-13 12:26:21.598556+00:00,1,,,10.00,78,44,diverse,uni,61471,yes,2,-2,-1,2,test1,test2,0.00,1,1,jing3te6,,,,,0
79,4veegvra,,1,63,63,terminate,Results,2021-01-13 12:26:21.621708+00:00,1,,,10.00,79,86,diverse,uni,41279,yes,1,-1,-1,0,test1,test2,0.00,1,1,jing3te6,,,,,0
80,pmx7il7g,,1,63,63,terminate,Results,2021-01-13 12:26:21.646086+00:00,1,,,10.00,80,69,diverse,uni,53891,yes,5,-1,0,0,test1,test2,0.00,1,1,jing3te6,,,,,0
81,5g8yc8df,,1,63,63,terminate,Results,2021-01-13 12:26:21.679429+00:00,1,,,10.00,81,27,diverse,uni,59128,yes,5,-1,0,1,test1,test2,0.00,1,1,jing3te6,,,,,0
82,8o8p9rq3,,1,63,63,terminate,Results,2021-01-13 12:26:21.705294+00:00,1,,,10.00,82,46,diverse,uni,64278,yes,5,-1,0,-1,test1,test2,0.00,1,1,jing3te6,,,,,0
83,orjd3ku6,,1,63,63,terminate,Results,2021-01-13 12:26:21.730098+00:00,1,,,0.00,83,76,diverse,uni,33987,yes,5,1,-1,-2,test1,test2,0.00,1,1,jing3te6,,,,,0
84,zw0qh195,,1,63,63,terminate,Results,2021-01-13 12:26:21.754995+00:00,1,,,0.00,84,95,diverse,uni,34821,yes,0,-1,2,2,test1,test2,0.00,1,1,jing3te6,,,,,0
85,50sfg9uk,,1,63,63,terminate,Results,2021-01-13 12:26:21.778825+00:00,1,,,10.00,85,30,diverse,uni,51496,yes,3,2,1,0,test1,test2,0.00,1,1,jing3te6,,,,,0
86,d7ilkbqe,,1,63,63,terminate,Results,2021-01-13 12:26:21.801555+00:00,1,,,0.00,86,28,diverse,uni,52519,yes,5,2,-2,2,test1,test2,0.00,1,1,jing3te6,,,,,0
87,c1fc39a7,,1,63,63,terminate,Results,2021-01-13 12:26:21.824348+00:00,1,,,10.00,87,35,diverse,uni,61986,yes,3,2,2,-1,test1,test2,0.00,1,1,jing3te6,,,,,0
88,lsnrunmm,,1,63,63,terminate,Results,2021-01-13 12:26:21.850018+00:00,1,,,0.00,88,33,diverse,uni,67275,yes,0,-2,2,0,test1,test2,0.00,1,1,jing3te6,,,,,0
89,enlrudz8,,1,63,63,terminate,Results,2021-01-13 12:26:21.873766+00:00,1,,,0.00,89,78,diverse,uni,65002,yes,4,1,1,2,test1,test2,0.00,1,1,jing3te6,,,,,0
90,j6u3cxgk,,1,63,63,terminate,Results,2021-01-13 12:26:21.896361+00:00,1,,,10.00,90,19,diverse,uni,30643,yes,0,1,1,1,test1,test2,0.00,1,1,jing3te6,,,,,0
91,x68x5pou,,1,63,63,terminate,Results,2021-01-13 12:26:21.919227+00:00,1,,,0.00,91,64,diverse,uni,65306,yes,3,0,-1,-2,test1,test2,0.00,1,1,jing3te6,,,,,0
92,roo60qq5,,1,63,63,terminate,Results,2021-01-13 12:26:21.941839+00:00,1,,,0.00,92,42,diverse,uni,39816,yes,5,-1,-2,-2,test1,test2,0.00,1,1,jing3te6,,,,,0
93,pmg8nu3u,,1,63,63,terminate,Results,2021-01-13 12:26:21.965356+00:00,1,,,0.00,93,92,diverse,uni,46397,yes,3,-1,0,1,test1,test2,0.00,1,1,jing3te6,,,,,0
94,2rinlaq2,,1,63,63,terminate,Results,2021-01-13 12:26:21.988002+00:00,1,,,0.00,94,55,diverse,uni,40231,yes,0,0,-1,2,test1,test2,0.00,1,1,jing3te6,,,,,0
95,ibseh6jj,,1,63,63,terminate,Results,2021-01-13 12:26:22.010896+00:00,1,,,0.00,95,98,diverse,uni,65658,yes,3,0,1,-1,test1,test2,0.00,1,1,jing3te6,,,,,0
96,kvl2vrw3,,1,63,63,terminate,Results,2021-01-13 12:26:22.033943+00:00,1,,,10.00,96,44,diverse,uni,41410,yes,0,-1,-2,2,test1,test2,0.00,1,1,jing3te6,,,,,0
97,ha71dwed,,1,63,63,terminate,Results,2021-01-13 12:26:22.057739+00:00,1,,,10.00,97,34,diverse,uni,48018,yes,0,1,2,0,test1,test2,0.00,1,1,jing3te6,,,,,0
98,uiqvc7oj,,1,63,63,terminate,Results,2021-01-13 12:26:22.081611+00:00,1,,,10.00,98,81,diverse,uni,45201,yes,4,-2,2,2,test1,test2,0.00,1,1,jing3te6,,,,,0
99,37pmnwoz,,1,63,63,terminate,Results,2021-01-13 12:26:22.104423+00:00,1,,,0.00,99,19,diverse,uni,58793,yes,5,2,-2,1,test1,test2,0.00,1,1,jing3te6,,,,,0
100,43xko5e2,,1,63,63,terminate,Results,2021-01-13 12:26:22.127643+00:00,1,,,10.00,100,67,diverse,uni,35730,yes,1,-1,1,1,test1,test2,0.00,1,1,jing3te6,,,,,0
101,bt24rbbe,,1,63,63,terminate,Results,2021-01-13 12:26:22.151261+00:00,1,,,0.00,101,73,diverse,uni,46637,yes,1,1,0,-1,test1,test2,0.00,1,1,jing3te6,,,,,0
102,7pc4z5sh,,1,63,63,terminate,Results,2021-01-13 12:26:22.173998+00:00,1,,,0.00,102,71,diverse,uni,40097,yes,5,2,2,0,test1,test2,0.00,1,1,jing3te6,,,,,0
103,4o7va685,,1,63,63,terminate,Results,2021-01-13 12:26:22.197152+00:00,1,,,10.00,103,64,diverse,uni,68826,yes,1,2,1,-2,test1,test2,0.00,1,1,jing3te6,,,,,0
104,6xal17zs,,1,63,63,terminate,Results,2021-01-13 12:26:22.219327+00:00,1,,,0.00,104,97,diverse,uni,48504,yes,3,-1,-1,2,test1,test2,0.00,1,1,jing3te6,,,,,0
105,k1781u94,,1,63,63,terminate,Results,2021-01-13 12:26:22.242613+00:00,1,,,10.00,105,18,diverse,uni,66722,yes,2,1,1,2,test1,test2,0.00,1,1,jing3te6,,,,,0
106,bwul9i8d,,1,63,63,terminate,Results,2021-01-13 12:26:22.266151+00:00,1,,,10.00,106,39,diverse,uni,35965,yes,0,-2,0,2,test1,test2,0.00,1,1,jing3te6,,,,,0
107,k3fr2thm,,1,63,63,terminate,Results,2021-01-13 12:26:22.288375+00:00,1,,,10.00,107,29,diverse,uni,59365,yes,4,2,0,-2,test1,test2,0.00,1,1,jing3te6,,,,,0
108,fuzqd8rq,,1,63,63,terminate,Results,2021-01-13 12:26:22.311516+00:00,1,,,0.00,108,21,diverse,uni,54679,yes,3,1,-2,1,test1,test2,0.00,1,1,jing3te6,,,,,0
109,lgcyr30s,,1,63,63,terminate,Results,2021-01-13 12:26:22.334927+00:00,1,,,0.00,109,33,diverse,uni,49693,yes,0,2,-2,-1,test1,test2,0.00,1,1,jing3te6,,,,,0
110,led96iq9,,1,63,63,terminate,Results,2021-01-13 12:26:22.357716+00:00,1,,,10.00,110,64,diverse,uni,46938,yes,3,-2,-2,-1,test1,test2,0.00,1,1,jing3te6,,,,,0
111,zvm0urd2,,1,63,63,terminate,Results,2021-01-13 12:26:22.380660+00:00,1,,,10.00,111,60,diverse,uni,45196,yes,2,2,0,0,test1,test2,0.00,1,1,jing3te6,,,,,0
112,y1o4iain,,1,63,63,terminate,Results,2021-01-13 12:26:22.402915+00:00,1,,,0.00,112,41,diverse,uni,44385,yes,3,-2,-1,0,test1,test2,0.00,1,1,jing3te6,,,,,0
113,x4c32yhi,,1,63,63,terminate,Results,2021-01-13 12:26:22.426612+00:00,1,,,0.00,113,91,diverse,uni,68535,yes,0,0,-1,1,test1,test2,0.00,1,1,jing3te6,,,,,0
114,nba58yim,,1,63,63,terminate,Results,2021-01-13 12:26:22.450071+00:00,1,,,0.00,114,79,diverse,uni,48824,yes,0,-2,-2,2,test1,test2,0.00,1,1,jing3te6,,,,,0
115,4gj4hdlq,,1,63,63,terminate,Results,2021-01-13 12:26:22.472687+00:00,1,,,10.00,115,92,diverse,uni,31641,yes,4,-1,0,0,test1,test2,0.00,1,1,jing3te6,,,,,0
116,a5q1jzhb,,1,63,63,terminate,Results,2021-01-13 12:26:22.495212+00:00,1,,,10.00,116,28,diverse,uni,65813,yes,0,-2,-2,0,test1,test2,0.00,1,1,jing3te6,,,,,0
117,e4zd3cyb,,1,63,63,terminate,Results,2021-01-13 12:26:22.518248+00:00,1,,,10.00,117,24,diverse,uni,46635,yes,5,0,0,-2,test1,test2,0.00,1,1,jing3te6,,,,,0
118,u8cvkzo1,,1,63,63,terminate,Results,2021-01-13 12:26:22.541384+00:00,1,,,0.00,118,52,diverse,uni,69336,yes,2,-1,1,-2,test1,test2,0.00,1,1,jing3te6,,,,,0
119,of8vlse3,,1,63,63,terminate,Results,2021-01-13 12:26:22.565167+00:00,1,,,10.00,119,99,diverse,uni,37572,yes,3,1,2,0,test1,test2,0.00,1,1,jing3te6,,,,,0
120,8qtoxlk9,,1,63,63,terminate,Results,2021-01-13 12:26:22.589249+00:00,1,,,0.00,120,75,diverse,uni,39151,yes,5,0,-2,-2,test1,test2,0.00,1,1,jing3te6,,,,,0
121,ffxcflq7,,1,63,63,terminate,Results,2021-01-13 12:26:22.611299+00:00,1,,,10.00,121,22,diverse,uni,55075,yes,3,-2,-2,2,test1,test2,0.00,1,1,jing3te6,,,,,0
122,oan4vqwr,,1,63,63,terminate,Results,2021-01-13 12:26:22.633980+00:00,1,,,0.00,122,80,diverse,uni,50152,yes,2,2,1,-1,test1,test2,0.00,1,1,jing3te6,,,,,0
123,x3ju1nc4,,1,63,63,terminate,Results,2021-01-13 12:26:22.657604+00:00,1,,,0.00,123,64,diverse,uni,63802,yes,4,0,2,-2,test1,test2,0.00,1,1,jing3te6,,,,,0
124,f8q15d01,,1,63,63,terminate,Results,2021-01-13 12:26:22.760662+00:00,1,,,0.00,124,55,diverse,uni,46402,yes,0,-2,-1,1,test1,test2,0.00,1,1,jing3te6,,,,,0
125,660drri1,,1,63,63,terminate,Results,2021-01-13 12:26:22.786919+00:00,1,,,10.00,125,81,diverse,uni,57310,yes,3,-1,0,-2,test1,test2,0.00,1,1,jing3te6,,,,,0
126,fxoaq7d9,,1,63,63,terminate,Results,2021-01-13 12:26:22.813521+00:00,1,,,10.00,126,60,diverse,uni,42391,yes,5,2,1,0,test1,test2,0.00,1,1,jing3te6,,,,,0
127,9i1j8dvc,,1,63,63,terminate,Results,2021-01-13 12:26:22.836831+00:00,1,,,10.00,127,47,diverse,uni,47319,yes,1,1,-1,-2,test1,test2,0.00,1,1,jing3te6,,,,,0
128,7wpijf0x,,1,63,63,terminate,Results,2021-01-13 12:26:22.860070+00:00,1,,,10.00,128,80,diverse,uni,43995,yes,3,-1,-2,0,test1,test2,0.00,1,1,jing3te6,,,,,0
129,q0pi5iv0,,1,63,63,terminate,Results,2021-01-13 12:26:22.882804+00:00,1,,,10.00,129,29,diverse,uni,63711,yes,0,0,1,-2,test1,test2,0.00,1,1,jing3te6,,,,,0
130,wcea222s,,1,63,63,terminate,Results,2021-01-13 12:26:22.905553+00:00,1,,,10.00,130,60,diverse,uni,35460,yes,1,0,1,1,test1,test2,0.00,1,1,jing3te6,,,,,0
131,ccob1hy4,,1,63,63,terminate,Results,2021-01-13 12:26:22.928155+00:00,1,,,0.00,131,91,diverse,uni,30917,yes,5,0,-1,0,test1,test2,0.00,1,1,jing3te6,,,,,0
132,684uh579,,1,63,63,terminate,Results,2021-01-13 12:26:22.951865+00:00,1,,,0.00,132,87,diverse,uni,40292,yes,0,-2,-2,-1,test1,test2,0.00,1,1,jing3te6,,,,,0
133,h0q0ah09,,1,63,63,terminate,Results,2021-01-13 12:26:22.975058+00:00,1,,,0.00,133,94,diverse,uni,45956,yes,0,0,-2,-1,test1,test2,0.00,1,1,jing3te6,,,,,0
134,glsb5fwy,,1,63,63,terminate,Results,2021-01-13 12:26:22.998179+00:00,1,,,10.00,134,52,diverse,uni,69559,yes,2,1,1,1,test1,test2,0.00,1,1,jing3te6,,,,,0
135,tfnq1alu,,1,63,63,terminate,Results,2021-01-13 12:26:23.020727+00:00,1,,,10.00,135,97,diverse,uni,54161,yes,4,-1,-1,-1,test1,test2,0.00,1,1,jing3te6,,,,,0
136,nbrzlj15,,1,63,63,terminate,Results,2021-01-13 12:26:23.043823+00:00,1,,,10.00,136,70,diverse,uni,63038,yes,5,1,0,-2,test1,test2,0.00,1,1,jing3te6,,,,,0
137,1wsscbyf,,1,63,63,terminate,Results,2021-01-13 12:26:23.067284+00:00,1,,,10.00,137,41,diverse,uni,37733,yes,5,1,-2,-1,test1,test2,0.00,1,1,jing3te6,,,,,0
138,4nl7y0ug,,1,63,63,terminate,Results,2021-01-13 12:26:23.089884+00:00,1,,,10.00,138,19,diverse,uni,42143,yes,0,-2,0,-1,test1,test2,0.00,1,1,jing3te6,,,,,0
139,rwzz3hr5,,1,63,63,terminate,Results,2021-01-13 12:26:23.112432+00:00,1,,,10.00,139,27,diverse,uni,59521,yes,1,2,1,0,test1,test2,0.00,1,1,jing3te6,,,,,0
140,emptyv7t,,1,63,63,terminate,Results,2021-01-13 12:26:23.135128+00:00,1,,,10.00,140,42,diverse,uni,31112,yes,0,0,-2,2,test1,test2,0.00,1,1,jing3te6,,,,,0
141,npbmsmc0,,1,63,63,terminate,Results,2021-01-13 12:26:23.158039+00:00,1,,,10.00,141,85,diverse,uni,30744,yes,2,-2,-1,-1,test1,test2,0.00,1,1,jing3te6,,,,,0
142,m2trlxdq,,1,63,63,terminate,Results,2021-01-13 12:26:23.181640+00:00,1,,,0.00,142,21,diverse,uni,60304,yes,2,2,-2,-2,test1,test2,0.00,1,1,jing3te6,,,,,0
143,3xhzqg00,,1,63,63,terminate,Results,2021-01-13 12:26:23.203841+00:00,1,,,0.00,143,37,diverse,uni,37500,yes,1,2,0,1,test1,test2,0.00,1,1,jing3te6,,,,,0
144,g0628t5l,,1,63,63,terminate,Results,2021-01-13 12:26:23.226059+00:00,1,,,10.00,144,45,diverse,uni,68760,yes,5,-1,-1,-1,test1,test2,0.00,1,1,jing3te6,,,,,0
145,j2v731vo,,1,63,63,terminate,Results,2021-01-13 12:26:23.250700+00:00,1,,,10.00,145,83,diverse,uni,46502,yes,0,1,-2,1,test1,test2,0.00,1,1,jing3te6,,,,,0
146,f3bsp1qk,,1,63,63,terminate,Results,2021-01-13 12:26:23.273452+00:00,1,,,10.00,146,47,diverse,uni,36155,yes,5,1,2,-1,test1,test2,0.00,1,1,jing3te6,,,,,0
147,b0jw8o1k,,1,63,63,terminate,Results,2021-01-13 12:26:23.295734+00:00,1,,,0.00,147,84,diverse,uni,35233,yes,2,1,-2,2,test1,test2,0.00,1,1,jing3te6,,,,,0
148,pw4yqtvw,,1,63,63,terminate,Results,2021-01-13 12:26:23.317929+00:00,1,,,10.00,148,87,diverse,uni,36648,yes,3,-1,-2,-2,test1,test2,0.00,1,1,jing3te6,,,,,0
149,glroauw0,,1,63,63,terminate,Results,2021-01-13 12:26:23.340697+00:00,1,,,0.00,149,85,diverse,uni,68805,yes,4,0,2,0,test1,test2,0.00,1,1,jing3te6,,,,,0
150,4zarrpx8,,1,63,63,terminate,Results,2021-01-13 12:26:23.364767+00:00,1,,,0.00,150,100,diverse,uni,54201,yes,0,-2,1,1,test1,test2,0.00,1,1,jing3te6,,,,,0
151,otc85tv7,,1,63,63,terminate,Results,2021-01-13 12:26:23.388834+00:00,1,,,0.00,151,37,diverse,uni,41822,yes,5,2,0,1,test1,test2,0.00,1,1,jing3te6,,,,,0
152,x0llzbuh,,1,63,63,terminate,Results,2021-01-13 12:26:23.411410+00:00,1,,,10.00,152,62,diverse,uni,40810,yes,0,1,-1,2,test1,test2,0.00,1,1,jing3te6,,,,,0
153,9odit6p6,,1,63,63,terminate,Results,2021-01-13 12:26:23.433962+00:00,1,,,0.00,153,33,diverse,uni,36185,yes,1,1,-1,1,test1,test2,0.00,1,1,jing3te6,,,,,0
154,hzf5x2y8,,1,63,63,terminate,Results,2021-01-13 12:26:23.457133+00:00,1,,,0.00,154,56,diverse,uni,55044,yes,1,0,-1,1,test1,test2,0.00,1,1,jing3te6,,,,,0
155,xxwjfixj,,1,63,63,terminate,Results,2021-01-13 12:26:23.480428+00:00,1,,,0.00,155,74,diverse,uni,55350,yes,3,0,2,0,test1,test2,0.00,1,1,jing3te6,,,,,0
156,xl2tz5nm,,1,63,63,terminate,Results,2021-01-13 12:26:23.502759+00:00,1,,,0.00,156,58,diverse,uni,34507,yes,3,2,0,-1,test1,test2,0.00,1,1,jing3te6,,,,,0
157,44isxt9s,,1,63,63,terminate,Results,2021-01-13 12:26:23.524795+00:00,1,,,0.00,157,64,diverse,uni,38193,yes,4,0,-1,2,test1,test2,0.00,1,1,jing3te6,,,,,0
158,ni7rohuh,,1,63,63,terminate,Results,2021-01-13 12:26:23.548082+00:00,1,,,10.00,158,42,diverse,uni,65298,yes,2,-2,1,-2,test1,test2,0.00,1,1,jing3te6,,,,,0
159,jeab5yw6,,1,63,63,terminate,Results,2021-01-13 12:26:23.570313+00:00,1,,,10.00,159,80,diverse,uni,62212,yes,4,2,0,-2,test1,test2,0.00,1,1,jing3te6,,,,,0
160,lgx1kqif,,1,63,63,terminate,Results,2021-01-13 12:26:23.592489+00:00,1,,,0.00,160,50,diverse,uni,65549,yes,0,-1,0,1,test1,test2,0.00,1,1,jing3te6,,,,,0
161,ljeigljm,,1,63,63,terminate,Results,2021-01-13 12:26:23.614995+00:00,1,,,10.00,161,38,diverse,uni,45521,yes,1,2,0,2,test1,test2,0.00,1,1,jing3te6,,,,,0
162,ebxat25t,,1,63,63,terminate,Results,2021-01-13 12:26:23.638271+00:00,1,,,0.00,162,65,diverse,uni,38300,yes,0,-1,1,-1,test1,test2,0.00,1,1,jing3te6,,,,,0
163,f0zwwkgd,,1,63,63,terminate,Results,2021-01-13 12:26:23.662086+00:00,1,,,10.00,163,46,diverse,uni,42082,yes,3,-2,0,-1,test1,test2,0.00,1,1,jing3te6,,,,,0
164,5qemv9be,,1,63,63,terminate,Results,2021-01-13 12:26:23.685845+00:00,1,,,10.00,164,39,diverse,uni,45111,yes,1,-2,2,-1,test1,test2,0.00,1,1,jing3te6,,,,,0
165,n7uqc91q,,1,63,63,terminate,Results,2021-01-13 12:26:23.708719+00:00,1,,,10.00,165,65,diverse,uni,46497,yes,4,-2,1,-2,test1,test2,0.00,1,1,jing3te6,,,,,0
166,maiqqy1i,,1,63,63,terminate,Results,2021-01-13 12:26:23.731369+00:00,1,,,0.00,166,42,diverse,uni,63736,yes,3,-2,0,1,test1,test2,0.00,1,1,jing3te6,,,,,0
167,t5otxi2d,,1,63,63,terminate,Results,2021-01-13 12:26:23.755622+00:00,1,,,10.00,167,48,diverse,uni,36751,yes,1,1,1,1,test1,test2,0.00,1,1,jing3te6,,,,,0
168,17a8qdjz,,1,63,63,terminate,Results,2021-01-13 12:26:23.778090+00:00,1,,,10.00,168,69,diverse,uni,62886,yes,1,0,0,2,test1,test2,0.00,1,1,jing3te6,,,,,0
169,m3gvjwt8,,1,63,63,terminate,Results,2021-01-13 12:26:23.800908+00:00,1,,,10.00,169,81,diverse,uni,47421,yes,1,2,2,-1,test1,test2,0.00,1,1,jing3te6,,,,,0
170,lr7eq0a2,,1,63,63,terminate,Results,2021-01-13 12:26:23.823586+00:00,1,,,0.00,170,52,diverse,uni,50803,yes,3,-1,0,1,test1,test2,0.00,1,1,jing3te6,,,,,0
171,2cnoci1r,,1,63,63,terminate,Results,2021-01-13 12:26:23.846879+00:00,1,,,10.00,171,60,diverse,uni,34531,yes,3,0,0,2,test1,test2,0.00,1,1,jing3te6,,,,,0
172,xjggj51t,,1,63,63,terminate,Results,2021-01-13 12:26:23.870321+00:00,1,,,0.00,172,61,diverse,uni,32641,yes,0,-1,1,2,test1,test2,0.00,1,1,jing3te6,,,,,0
173,lso39rvw,,1,63,63,terminate,Results,2021-01-13 12:26:23.893256+00:00,1,,,0.00,173,35,diverse,uni,58548,yes,4,0,-2,-1,test1,test2,0.00,1,1,jing3te6,,,,,0
174,xk4tzopa,,1,63,63,terminate,Results,2021-01-13 12:26:23.916744+00:00,1,,,10.00,174,40,diverse,uni,61280,yes,4,-2,-2,-1,test1,test2,0.00,1,1,jing3te6,,,,,0
175,paw7t4a1,,1,63,63,terminate,Results,2021-01-13 12:26:23.939389+00:00,1,,,0.00,175,43,diverse,uni,34326,yes,0,1,-2,-1,test1,test2,0.00,1,1,jing3te6,,,,,0
176,4s64wv0r,,1,63,63,terminate,Results,2021-01-13 12:26:24.064755+00:00,1,,,10.00,176,74,diverse,uni,66971,yes,1,1,-1,1,test1,test2,0.00,1,1,jing3te6,,,,,0
177,nh8pql98,,1,63,63,terminate,Results,2021-01-13 12:26:24.093135+00:00,1,,,0.00,177,28,diverse,uni,44691,yes,3,-1,-1,-1,test1,test2,0.00,1,1,jing3te6,,,,,0
178,hn4vqpzw,,1,63,63,terminate,Results,2021-01-13 12:26:24.118563+00:00,1,,,10.00,178,86,diverse,uni,68946,yes,5,2,-2,2,test1,test2,0.00,1,1,jing3te6,,,,,0
179,emc4ergw,,1,63,63,terminate,Results,2021-01-13 12:26:24.143275+00:00,1,,,10.00,179,31,diverse,uni,61442,yes,3,-2,-1,1,test1,test2,0.00,1,1,jing3te6,,,,,0
180,n18lgb63,,1,63,63,terminate,Results,2021-01-13 12:26:24.168470+00:00,1,,,10.00,180,89,diverse,uni,58543,yes,1,2,1,1,test1,test2,0.00,1,1,jing3te6,,,,,0
181,wgtx38wp,,1,63,63,terminate,Results,2021-01-13 12:26:24.191156+00:00,1,,,10.00,181,48,diverse,uni,54947,yes,4,2,0,-2,test1,test2,0.00,1,1,jing3te6,,,,,0
182,7exad3m7,,1,63,63,terminate,Results,2021-01-13 12:26:24.213620+00:00,1,,,0.00,182,51,diverse,uni,61258,yes,2,2,-1,-2,test1,test2,0.00,1,1,jing3te6,,,,,0
183,ukwbcncs,,1,63,63,terminate,Results,2021-01-13 12:26:24.238626+00:00,1,,,10.00,183,34,diverse,uni,40841,yes,1,-1,0,-2,test1,test2,0.00,1,1,jing3te6,,,,,0
184,jhdu2o2c,,1,63,63,terminate,Results,2021-01-13 12:26:24.261928+00:00,1,,,0.00,184,42,diverse,uni,40251,yes,1,2,2,0,test1,test2,0.00,1,1,jing3te6,,,,,0
185,tvyk9070,,1,63,63,terminate,Results,2021-01-13 12:26:24.289300+00:00,1,,,0.00,185,47,diverse,uni,44701,yes,1,-2,-1,2,test1,test2,0.00,1,1,jing3te6,,,,,0
186,89615x4e,,1,63,63,terminate,Results,2021-01-13 12:26:24.312418+00:00,1,,,10.00,186,70,diverse,uni,33512,yes,4,-2,0,2,test1,test2,0.00,1,1,jing3te6,,,,,0
187,ud5r2mls,,1,63,63,terminate,Results,2021-01-13 12:26:24.335709+00:00,1,,,0.00,187,55,diverse,uni,69308,yes,1,2,2,2,test1,test2,0.00,1,1,jing3te6,,,,,0
188,102pvdao,,1,63,63,terminate,Results,2021-01-13 12:26:24.359750+00:00,1,,,0.00,188,82,diverse,uni,57889,yes,3,0,1,-2,test1,test2,0.00,1,1,jing3te6,,,,,0
189,iq8gw7dl,,1,63,63,terminate,Results,2021-01-13 12:26:24.384678+00:00,1,,,10.00,189,42,diverse,uni,58948,yes,0,-1,1,-2,test1,test2,0.00,1,1,jing3te6,,,,,0
190,kiz708ad,,1,63,63,terminate,Results,2021-01-13 12:26:24.408124+00:00,1,,,0.00,190,87,diverse,uni,50733,yes,0,-2,-2,0,test1,test2,0.00,1,1,jing3te6,,,,,0
191,yeckmqba,,1,63,63,terminate,Results,2021-01-13 12:26:24.430644+00:00,1,,,0.00,191,79,diverse,uni,67069,yes,0,-1,-2,-1,test1,test2,0.00,1,1,jing3te6,,,,,0
192,5wfbxy9v,,1,63,63,terminate,Results,2021-01-13 12:26:24.455993+00:00,1,,,10.00,192,75,diverse,uni,51128,yes,4,1,-1,0,test1,test2,0.00,1,1,jing3te6,,,,,0
193,i311qeok,,1,63,63,terminate,Results,2021-01-13 12:26:24.480361+00:00,1,,,10.00,193,75,diverse,uni,47963,yes,3,-2,1,1,test1,test2,0.00,1,1,jing3te6,,,,,0
194,94q1o87p,,1,63,63,terminate,Results,2021-01-13 12:26:24.503159+00:00,1,,,10.00,194,57,diverse,uni,43336,yes,2,2,2,-1,test1,test2,0.00,1,1,jing3te6,,,,,0
195,veclthf0,,1,63,63,terminate,Results,2021-01-13 12:26:24.525351+00:00,1,,,0.00,195,91,diverse,uni,39204,yes,5,2,2,1,test1,test2,0.00,1,1,jing3te6,,,,,0
196,0rjk8zhl,,1,63,63,terminate,Results,2021-01-13 12:26:24.548370+00:00,1,,,10.00,196,86,diverse,uni,49979,yes,4,2,-2,0,test1,test2,0.00,1,1,jing3te6,,,,,0
197,bsx5608a,,1,63,63,terminate,Results,2021-01-13 12:26:24.570713+00:00,1,,,10.00,197,20,diverse,uni,48670,yes,3,-1,2,2,test1,test2,0.00,1,1,jing3te6,,,,,0
198,6ddy21rw,,1,63,63,terminate,Results,2021-01-13 12:26:24.595359+00:00,1,,,0.00,198,86,diverse,uni,40999,yes,3,1,2,1,test1,test2,0.00,1,1,jing3te6,,,,,0
199,7m2c0syg,,1,63,63,terminate,Results,2021-01-13 12:26:24.617666+00:00,1,,,10.00,199,88,diverse,uni,36969,yes,0,1,0,2,test1,test2,0.00,1,1,jing3te6,,,,,0
200,o8smj614,,1,63,63,terminate,Results,2021-01-13 12:26:24.640073+00:00,1,,,10.00,200,47,diverse,uni,53733,yes,2,-2,-1,0,test1,test2,0.00,1,1,jing3te6,,,,,0
201,pgbqphsr,,1,63,63,terminate,Results,2021-01-13 12:26:24.662347+00:00,1,,,10.00,201,23,diverse,uni,52654,yes,4,0,0,0,test1,test2,0.00,1,1,jing3te6,,,,,0
202,vi2fpw8h,,1,63,63,terminate,Results,2021-01-13 12:26:24.686072+00:00,1,,,0.00,202,50,diverse,uni,39323,yes,4,-1,0,0,test1,test2,0.00,1,1,jing3te6,,,,,0
203,pe4pfz0k,,1,63,63,terminate,Results,2021-01-13 12:26:24.708796+00:00,1,,,0.00,203,64,diverse,uni,46641,yes,3,-1,0,-1,test1,test2,0.00,1,1,jing3te6,,,,,0
204,wwpoe3sq,,1,63,63,terminate,Results,2021-01-13 12:26:24.731601+00:00,1,,,0.00,204,98,diverse,uni,35827,yes,4,2,2,-2,test1,test2,0.00,1,1,jing3te6,,,,,0
205,6scke70b,,1,63,63,terminate,Results,2021-01-13 12:26:24.753951+00:00,1,,,0.00,205,57,diverse,uni,53706,yes,3,2,-2,0,test1,test2,0.00,1,1,jing3te6,,,,,0
206,yefvk6dc,,1,63,63,terminate,Results,2021-01-13 12:26:24.776470+00:00,1,,,10.00,206,76,diverse,uni,50774,yes,3,-2,2,2,test1,test2,0.00,1,1,jing3te6,,,,,0
207,qaebyfbz,,1,63,63,terminate,Results,2021-01-13 12:26:24.800088+00:00,1,,,10.00,207,30,diverse,uni,30525,yes,5,0,1,2,test1,test2,0.00,1,1,jing3te6,,,,,0
208,89cf5359,,1,63,63,terminate,Results,2021-01-13 12:26:24.823271+00:00,1,,,0.00,208,77,diverse,uni,60399,yes,0,-1,2,-2,test1,test2,0.00,1,1,jing3te6,,,,,0
209,yt9bwwfo,,1,63,63,terminate,Results,2021-01-13 12:26:24.846192+00:00,1,,,10.00,209,91,diverse,uni,67574,yes,2,-1,-2,-1,test1,test2,0.00,1,1,jing3te6,,,,,0
210,ov623yj0,,1,63,63,terminate,Results,2021-01-13 12:26:24.868667+00:00,1,,,0.00,210,77,diverse,uni,44724,yes,5,1,0,2,test1,test2,0.00,1,1,jing3te6,,,,,0
211,qdq1263t,,1,63,63,terminate,Results,2021-01-13 12:26:24.891804+00:00,1,,,0.00,211,22,diverse,uni,40832,yes,4,0,1,2,test1,test2,0.00,1,1,jing3te6,,,,,0
212,rz4470mh,,1,63,63,terminate,Results,2021-01-13 12:26:24.915015+00:00,1,,,10.00,212,80,diverse,uni,32000,yes,1,-1,1,0,test1,test2,0.00,1,1,jing3te6,,,,,0
213,jq37t14s,,1,63,63,terminate,Results,2021-01-13 12:26:24.938046+00:00,1,,,10.00,213,24,diverse,uni,34694,yes,1,-2,-2,-1,test1,test2,0.00,1,1,jing3te6,,,,,0
214,m5e9gqzi,,1,63,63,terminate,Results,2021-01-13 12:26:24.960349+00:00,1,,,10.00,214,37,diverse,uni,66803,yes,2,1,-1,2,test1,test2,0.00,1,1,jing3te6,,,,,0
215,0f4lqc6u,,1,63,63,terminate,Results,2021-01-13 12:26:24.985100+00:00,1,,,0.00,215,89,diverse,uni,34677,yes,5,0,1,0,test1,test2,0.00,1,1,jing3te6,,,,,0
216,h02nbiyj,,1,63,63,terminate,Results,2021-01-13 12:26:25.007443+00:00,1,,,10.00,216,29,diverse,uni,33302,yes,4,-1,0,1,test1,test2,0.00,1,1,jing3te6,,,,,0
217,y7jeak92,,1,63,63,terminate,Results,2021-01-13 12:26:25.029567+00:00,1,,,0.00,217,53,diverse,uni,38890,yes,4,-1,-1,2,test1,test2,0.00,1,1,jing3te6,,,,,0
218,0sthcqxf,,1,63,63,terminate,Results,2021-01-13 12:26:25.052336+00:00,1,,,0.00,218,86,diverse,uni,46111,yes,5,-1,-1,1,test1,test2,0.00,1,1,jing3te6,,,,,0
219,la1xzsnl,,1,63,63,terminate,Results,2021-01-13 12:26:25.076522+00:00,1,,,0.00,219,46,diverse,uni,51987,yes,0,0,-2,1,test1,test2,0.00,1,1,jing3te6,,,,,0
220,xaiwf1u2,,1,63,63,terminate,Results,2021-01-13 12:26:25.100227+00:00,1,,,10.00,220,60,diverse,uni,45628,yes,0,2,-2,-2,test1,test2,0.00,1,1,jing3te6,,,,,0
221,nuov8r02,,1,63,63,terminate,Results,2021-01-13 12:26:25.124142+00:00,1,,,0.00,221,93,diverse,uni,30964,yes,2,-1,1,-1,test1,test2,0.00,1,1,jing3te6,,,,,0
222,ptp466fs,,1,63,63,terminate,Results,2021-01-13 12:26:25.147337+00:00,1,,,0.00,222,98,diverse,uni,39639,yes,4,2,2,-2,test1,test2,0.00,1,1,jing3te6,,,,,0
223,dcngzlgv,,1,63,63,terminate,Results,2021-01-13 12:26:25.172202+00:00,1,,,0.00,223,20,diverse,uni,41897,yes,1,2,-2,-1,test1,test2,0.00,1,1,jing3te6,,,,,0
224,slpzlr3d,,1,63,63,terminate,Results,2021-01-13 12:26:25.195848+00:00,1,,,10.00,224,95,diverse,uni,59494,yes,3,0,2,0,test1,test2,0.00,1,1,jing3te6,,,,,0
225,18b4mi5a,,1,63,63,terminate,Results,2021-01-13 12:26:25.218146+00:00,1,,,0.00,225,52,diverse,uni,60747,yes,2,0,2,-2,test1,test2,0.00,1,1,jing3te6,,,,,0
226,ua7msxui,,1,63,63,terminate,Results,2021-01-13 12:26:25.242023+00:00,1,,,0.00,226,63,diverse,uni,65161,yes,5,2,2,1,test1,test2,0.00,1,1,jing3te6,,,,,0
227,hqlmi21q,,1,63,63,terminate,Results,2021-01-13 12:26:25.265421+00:00,1,,,10.00,227,64,diverse,uni,35288,yes,2,-2,1,2,test1,test2,0.00,1,1,jing3te6,,,,,0
228,7t8me029,,1,63,63,terminate,Results,2021-01-13 12:26:25.289705+00:00,1,,,10.00,228,76,diverse,uni,69210,yes,5,2,2,0,test1,test2,0.00,1,1,jing3te6,,,,,0
229,bor08zwc,,1,63,63,terminate,Results,2021-01-13 12:26:25.312166+00:00,1,,,10.00,229,71,diverse,uni,58412,yes,1,2,0,-2,test1,test2,0.00,1,1,jing3te6,,,,,0
230,qs772t57,,1,63,63,terminate,Results,2021-01-13 12:26:25.334356+00:00,1,,,10.00,230,33,diverse,uni,42863,yes,5,-1,1,-1,test1,test2,0.00,1,1,jing3te6,,,,,0
231,38u2dn27,,1,63,63,terminate,Results,2021-01-13 12:26:25.359195+00:00,1,,,0.00,231,59,diverse,uni,50468,yes,0,1,1,2,test1,test2,0.00,1,1,jing3te6,,,,,0
232,cmpa8ax2,,1,63,63,terminate,Results,2021-01-13 12:26:25.381791+00:00,1,,,0.00,232,30,diverse,uni,37105,yes,4,-1,-2,2,test1,test2,0.00,1,1,jing3te6,,,,,0
233,x4y4fmfl,,1,63,63,terminate,Results,2021-01-13 12:26:25.405202+00:00,1,,,10.00,233,21,diverse,uni,62475,yes,2,2,-2,1,test1,test2,0.00,1,1,jing3te6,,,,,0
234,3jhchall,,1,63,63,terminate,Results,2021-01-13 12:26:25.428880+00:00,1,,,10.00,234,81,diverse,uni,57717,yes,4,0,2,-1,test1,test2,0.00,1,1,jing3te6,,,,,0
235,oopxuovr,,1,63,63,terminate,Results,2021-01-13 12:26:25.450870+00:00,1,,,10.00,235,30,diverse,uni,67902,yes,5,0,-1,1,test1,test2,0.00,1,1,jing3te6,,,,,0
236,nfsz3mtu,,1,63,63,terminate,Results,2021-01-13 12:26:25.473357+00:00,1,,,10.00,236,42,diverse,uni,55128,yes,1,1,2,1,test1,test2,0.00,1,1,jing3te6,,,,,0
237,gbumk5bt,,1,63,63,terminate,Results,2021-01-13 12:26:25.497355+00:00,1,,,0.00,237,72,diverse,uni,61401,yes,5,0,2,0,test1,test2,0.00,1,1,jing3te6,,,,,0
238,7sleb0mq,,1,63,63,terminate,Results,2021-01-13 12:26:25.521126+00:00,1,,,10.00,238,76,diverse,uni,42206,yes,5,-2,-2,-1,test1,test2,0.00,1,1,jing3te6,,,,,0
239,qv5jic8z,,1,63,63,terminate,Results,2021-01-13 12:26:25.544096+00:00,1,,,10.00,239,47,diverse,uni,52037,yes,2,2,1,1,test1,test2,0.00,1,1,jing3te6,,,,,0
240,w500shrh,,1,63,63,terminate,Results,2021-01-13 12:26:25.566766+00:00,1,,,10.00,240,87,diverse,uni,55291,yes,4,2,0,-1,test1,test2,0.00,1,1,jing3te6,,,,,0
241,jtn95neg,,1,63,63,terminate,Results,2021-01-13 12:26:25.589832+00:00,1,,,0.00,241,59,diverse,uni,48423,yes,3,1,0,2,test1,test2,0.00,1,1,jing3te6,,,,,0
242,q85fag2d,,1,63,63,terminate,Results,2021-01-13 12:26:25.743336+00:00,1,,,10.00,242,33,diverse,uni,35331,yes,3,2,-1,0,test1,test2,0.00,1,1,jing3te6,,,,,0
243,hfxxweyc,,1,63,63,terminate,Results,2021-01-13 12:26:25.771827+00:00,1,,,10.00,243,68,diverse,uni,51280,yes,2,-2,0,2,test1,test2,0.00,1,1,jing3te6,,,,,0
244,q4ctnxwb,,1,63,63,terminate,Results,2021-01-13 12:26:25.797351+00:00,1,,,0.00,244,22,diverse,uni,49815,yes,3,2,-1,-2,test1,test2,0.00,1,1,jing3te6,,,,,0
245,sq8jdvpf,,1,63,63,terminate,Results,2021-01-13 12:26:25.821766+00:00,1,,,10.00,245,70,diverse,uni,53759,yes,1,-2,0,-1,test1,test2,0.00,1,1,jing3te6,,,,,0
246,x5bxmseg,,1,63,63,terminate,Results,2021-01-13 12:26:25.847012+00:00,1,,,10.00,246,60,diverse,uni,49160,yes,0,-2,-2,-2,test1,test2,0.00,1,1,jing3te6,,,,,0
247,2p0vu7e1,,1,63,63,terminate,Results,2021-01-13 12:26:25.870074+00:00,1,,,10.00,247,95,diverse,uni,53226,yes,4,0,-1,0,test1,test2,0.00,1,1,jing3te6,,,,,0
248,qs5kid55,,1,63,63,terminate,Results,2021-01-13 12:26:25.892360+00:00,1,,,10.00,248,56,diverse,uni,31574,yes,2,-1,2,1,test1,test2,0.00,1,1,jing3te6,,,,,0
249,ifg6xz76,,1,63,63,terminate,Results,2021-01-13 12:26:25.915301+00:00,1,,,10.00,249,20,diverse,uni,69793,yes,3,2,1,1,test1,test2,0.00,1,1,jing3te6,,,,,0
250,4meffxl0,,1,63,63,terminate,Results,2021-01-13 12:26:25.940236+00:00,1,,,10.00,250,19,diverse,uni,67219,yes,5,-1,-2,2,test1,test2,0.00,1,1,jing3te6,,,,,0
251,czu3uz72,,1,63,63,terminate,Results,2021-01-13 12:26:25.962345+00:00,1,,,0.00,251,74,diverse,uni,45123,yes,2,0,0,0,test1,test2,0.00,1,1,jing3te6,,,,,0
252,y7vrab19,,1,63,63,terminate,Results,2021-01-13 12:26:25.984930+00:00,1,,,0.00,252,94,diverse,uni,56729,yes,2,1,-1,2,test1,test2,0.00,1,1,jing3te6,,,,,0
253,8531j3im,,1,63,63,terminate,Results,2021-01-13 12:26:26.007210+00:00,1,,,0.00,253,51,diverse,uni,55178,yes,5,2,-2,-2,test1,test2,0.00,1,1,jing3te6,,,,,0
254,7ikzc1q6,,1,63,63,terminate,Results,2021-01-13 12:26:26.029489+00:00,1,,,10.00,254,100,diverse,uni,35523,yes,3,2,-2,2,test1,test2,0.00,1,1,jing3te6,,,,,0
255,kgg9rqjx,,1,63,63,terminate,Results,2021-01-13 12:26:26.052839+00:00,1,,,0.00,255,85,diverse,uni,33651,yes,0,1,-1,-2,test1,test2,0.00,1,1,jing3te6,,,,,0
256,kuqzjkdj,,1,63,63,terminate,Results,2021-01-13 12:26:26.075188+00:00,1,,,10.00,256,43,diverse,uni,64511,yes,0,-1,1,-2,test1,test2,0.00,1,1,jing3te6,,,,,0
257,np9iv0g0,,1,63,63,terminate,Results,2021-01-13 12:26:26.098850+00:00,1,,,10.00,257,23,diverse,uni,44053,yes,5,2,0,0,test1,test2,0.00,1,1,jing3te6,,,,,0
258,bqv15gse,,1,63,63,terminate,Results,2021-01-13 12:26:26.122381+00:00,1,,,10.00,258,30,diverse,uni,42073,yes,5,1,-1,-1,test1,test2,0.00,1,1,jing3te6,,,,,0
259,r5e43df4,,1,63,63,terminate,Results,2021-01-13 12:26:26.145980+00:00,1,,,0.00,259,57,diverse,uni,46768,yes,4,0,0,0,test1,test2,0.00,1,1,jing3te6,,,,,0
260,0ptdrie0,,1,63,63,terminate,Results,2021-01-13 12:26:26.172723+00:00,1,,,0.00,260,82,diverse,uni,65626,yes,1,-2,-2,-1,test1,test2,0.00,1,1,jing3te6,,,,,0
261,axbf945w,,1,63,63,terminate,Results,2021-01-13 12:26:26.196147+00:00,1,,,10.00,261,94,diverse,uni,50189,yes,5,-2,2,2,test1,test2,0.00,1,1,jing3te6,,,,,0
262,80ay7sad,,1,63,63,terminate,Results,2021-01-13 12:26:26.219971+00:00,1,,,0.00,262,41,diverse,uni,33085,yes,1,-1,-1,-2,test1,test2,0.00,1,1,jing3te6,,,,,0
263,mu11ax7f,,1,63,63,terminate,Results,2021-01-13 12:26:26.248782+00:00,1,,,10.00,263,71,diverse,uni,33663,yes,4,0,0,1,test1,test2,0.00,1,1,jing3te6,,,,,0
264,lkxg88c1,,1,63,63,terminate,Results,2021-01-13 12:26:26.273016+00:00,1,,,0.00,264,87,diverse,uni,31652,yes,4,-2,2,-1,test1,test2,0.00,1,1,jing3te6,,,,,0
265,8jujbrg1,,1,63,63,terminate,Results,2021-01-13 12:26:26.295607+00:00,1,,,10.00,265,41,diverse,uni,52878,yes,3,-2,2,-2,test1,test2,0.00,1,1,jing3te6,,,,,0
266,acp3kx4j,,1,63,63,terminate,Results,2021-01-13 12:26:26.318894+00:00,1,,,0.00,266,31,diverse,uni,47661,yes,2,-1,1,-2,test1,test2,0.00,1,1,jing3te6,,,,,0
267,kstxzfne,,1,63,63,terminate,Results,2021-01-13 12:26:26.341102+00:00,1,,,10.00,267,87,diverse,uni,41017,yes,5,2,1,1,test1,test2,0.00,1,1,jing3te6,,,,,0
268,cutr47bk,,1,63,63,terminate,Results,2021-01-13 12:26:26.364358+00:00,1,,,0.00,268,78,diverse,uni,47815,yes,2,-2,2,1,test1,test2,0.00,1,1,jing3te6,,,,,0
269,6b7wdjw1,,1,63,63,terminate,Results,2021-01-13 12:26:26.387589+00:00,1,,,0.00,269,55,diverse,uni,31067,yes,3,0,1,1,test1,test2,0.00,1,1,jing3te6,,,,,0
270,x0dozwu0,,1,63,63,terminate,Results,2021-01-13 12:26:26.410393+00:00,1,,,10.00,270,44,diverse,uni,64922,yes,0,-2,0,-1,test1,test2,0.00,1,1,jing3te6,,,,,0
271,6hvx1jbc,,1,63,63,terminate,Results,2021-01-13 12:26:26.433382+00:00,1,,,10.00,271,53,diverse,uni,41621,yes,5,-1,-1,0,test1,test2,0.00,1,1,jing3te6,,,,,0
272,dbwzkst9,,1,63,63,terminate,Results,2021-01-13 12:26:26.457292+00:00,1,,,10.00,272,53,diverse,uni,41890,yes,1,-1,2,1,test1,test2,0.00,1,1,jing3te6,,,,,0
273,glotpgmy,,1,63,63,terminate,Results,2021-01-13 12:26:26.480339+00:00,1,,,0.00,273,61,diverse,uni,62718,yes,3,2,0,1,test1,test2,0.00,1,1,jing3te6,,,,,0
274,wy1mkesa,,1,63,63,terminate,Results,2021-01-13 12:26:26.503082+00:00,1,,,10.00,274,84,diverse,uni,69429,yes,3,0,-1,2,test1,test2,0.00,1,1,jing3te6,,,,,0
275,5m5jhb5f,,1,63,63,terminate,Results,2021-01-13 12:26:26.525351+00:00,1,,,10.00,275,68,diverse,uni,53840,yes,3,-2,2,2,test1,test2,0.00,1,1,jing3te6,,,,,0
276,ybctkbvv,,1,63,63,terminate,Results,2021-01-13 12:26:26.547727+00:00,1,,,10.00,276,79,diverse,uni,63449,yes,0,0,2,0,test1,test2,0.00,1,1,jing3te6,,,,,0
277,lnmfwt0h,,1,63,63,terminate,Results,2021-01-13 12:26:26.570981+00:00,1,,,0.00,277,57,diverse,uni,37231,yes,4,-1,0,0,test1,test2,0.00,1,1,jing3te6,,,,,0
278,mq921039,,1,63,63,terminate,Results,2021-01-13 12:26:26.593268+00:00,1,,,0.00,278,37,diverse,uni,63045,yes,5,1,2,-2,test1,test2,0.00,1,1,jing3te6,,,,,0
279,hwutefm2,,1,63,63,terminate,Results,2021-01-13 12:26:26.615792+00:00,1,,,0.00,279,86,diverse,uni,34280,yes,3,1,1,-1,test1,test2,0.00,1,1,jing3te6,,,,,0
280,zerqlhex,,1,63,63,terminate,Results,2021-01-13 12:26:26.637967+00:00,1,,,0.00,280,93,diverse,uni,58483,yes,0,-2,-1,0,test1,test2,0.00,1,1,jing3te6,,,,,0
281,klya8ndp,,1,63,63,terminate,Results,2021-01-13 12:26:26.661433+00:00,1,,,10.00,281,62,diverse,uni,63618,yes,5,0,0,-1,test1,test2,0.00,1,1,jing3te6,,,,,0
282,2uklhpe7,,1,63,63,terminate,Results,2021-01-13 12:26:26.685778+00:00,1,,,0.00,282,56,diverse,uni,62538,yes,3,0,-1,-2,test1,test2,0.00,1,1,jing3te6,,,,,0
283,n1x8mckf,,1,63,63,terminate,Results,2021-01-13 12:26:26.707941+00:00,1,,,10.00,283,53,diverse,uni,35361,yes,1,1,-1,0,test1,test2,0.00,1,1,jing3te6,,,,,0
284,ktqs4foz,,1,63,63,terminate,Results,2021-01-13 12:26:26.730968+00:00,1,,,10.00,284,28,diverse,uni,38755,yes,3,-2,1,1,test1,test2,0.00,1,1,jing3te6,,,,,0
285,oc0t8cjd,,1,63,63,terminate,Results,2021-01-13 12:26:26.754496+00:00,1,,,10.00,285,75,diverse,uni,34538,yes,0,1,0,0,test1,test2,0.00,1,1,jing3te6,,,,,0
286,q8ewq37l,,1,63,63,terminate,Results,2021-01-13 12:26:26.777148+00:00,1,,,0.00,286,60,diverse,uni,62825,yes,1,2,-2,1,test1,test2,0.00,1,1,jing3te6,,,,,0
287,8bv3qe24,,1,63,63,terminate,Results,2021-01-13 12:26:26.800877+00:00,1,,,0.00,287,86,diverse,uni,42186,yes,2,2,-2,0,test1,test2,0.00,1,1,jing3te6,,,,,0
288,a818vzap,,1,63,63,terminate,Results,2021-01-13 12:26:26.824917+00:00,1,,,0.00,288,76,diverse,uni,42924,yes,2,2,0,1,test1,test2,0.00,1,1,jing3te6,,,,,0
289,yokfv95s,,1,63,63,terminate,Results,2021-01-13 12:26:26.847346+00:00,1,,,0.00,289,99,diverse,uni,34441,yes,0,2,-2,-2,test1,test2,0.00,1,1,jing3te6,,,,,0
290,6xwws8jp,,1,63,63,terminate,Results,2021-01-13 12:26:26.870589+00:00,1,,,0.00,290,69,diverse,uni,60277,yes,1,2,1,0,test1,test2,0.00,1,1,jing3te6,,,,,0
291,cneppaa5,,1,63,63,terminate,Results,2021-01-13 12:26:26.893359+00:00,1,,,10.00,291,49,diverse,uni,49512,yes,1,-2,2,1,test1,test2,0.00,1,1,jing3te6,,,,,0
292,ax75plaj,,1,63,63,terminate,Results,2021-01-13 12:26:26.915563+00:00,1,,,10.00,292,83,diverse,uni,59309,yes,0,-1,-1,-2,test1,test2,0.00,1,1,jing3te6,,,,,0
293,yja00qh3,,1,63,63,terminate,Results,2021-01-13 12:26:26.938647+00:00,1,,,10.00,293,85,diverse,uni,33854,yes,3,-1,2,0,test1,test2,0.00,1,1,jing3te6,,,,,0
294,jy85txwo,,1,63,63,terminate,Results,2021-01-13 12:26:26.961581+00:00,1,,,10.00,294,34,diverse,uni,65423,yes,4,0,0,1,test1,test2,0.00,1,1,jing3te6,,,,,0
295,bima7cjj,,1,63,63,terminate,Results,2021-01-13 12:26:26.984306+00:00,1,,,10.00,295,93,diverse,uni,46153,yes,3,1,0,1,test1,test2,0.00,1,1,jing3te6,,,,,0
296,2dj0csrr,,1,63,63,terminate,Results,2021-01-13 12:26:27.006700+00:00,1,,,10.00,296,77,diverse,uni,41371,yes,4,0,0,-2,test1,test2,0.00,1,1,jing3te6,,,,,0
297,kytc4mx8,,1,63,63,terminate,Results,2021-01-13 12:26:27.029119+00:00,1,,,10.00,297,65,diverse,uni,35838,yes,3,1,-2,1,test1,test2,0.00,1,1,jing3te6,,,,,0
298,lqf4l9im,,1,63,63,terminate,Results,2021-01-13 12:26:27.052114+00:00,1,,,10.00,298,21,diverse,uni,32929,yes,4,0,-2,1,test1,test2,0.00,1,1,jing3te6,,,,,0
299,cwjd6t4g,,1,63,63,terminate,Results,2021-01-13 12:26:27.074808+00:00,1,,,10.00,299,80,diverse,uni,66335,yes,1,-2,1,-2,test1,test2,0.00,1,1,jing3te6,,,,,0
300,qb07oz1r,,1,63,63,terminate,Results,2021-01-13 12:26:27.097389+00:00,1,,,10.00,300,43,diverse,uni,53712,yes,0,-1,-1,0,test1,test2,0.00,1,1,jing3te6,,,,,0
301,tb1wikns,,1,63,63,terminate,Results,2021-01-13 12:26:27.119846+00:00,1,,,10.00,301,80,diverse,uni,68717,yes,4,0,-1,1,test1,test2,0.00,1,1,jing3te6,,,,,0
302,oy1x9cd7,,1,63,63,terminate,Results,2021-01-13 12:26:27.142465+00:00,1,,,10.00,302,36,diverse,uni,30183,yes,1,2,0,0,test1,test2,0.00,1,1,jing3te6,,,,,0
303,v3pcudbr,,1,63,63,terminate,Results,2021-01-13 12:26:27.167222+00:00,1,,,10.00,303,23,diverse,uni,66954,yes,3,2,0,0,test1,test2,0.00,1,1,jing3te6,,,,,0
304,dgflacse,,1,63,63,terminate,Results,2021-01-13 12:26:27.189516+00:00,1,,,0.00,304,75,diverse,uni,59760,yes,2,2,0,1,test1,test2,0.00,1,1,jing3te6,,,,,0
305,cd016508,,1,63,63,terminate,Results,2021-01-13 12:26:27.211894+00:00,1,,,10.00,305,41,diverse,uni,64818,yes,3,-2,-1,-1,test1,test2,0.00,1,1,jing3te6,,,,,0
306,v3ql8r4w,,1,63,63,terminate,Results,2021-01-13 12:26:27.234322+00:00,1,,,10.00,306,76,diverse,uni,36813,yes,3,-1,0,0,test1,test2,0.00,1,1,jing3te6,,,,,0
307,uqfimpqr,,1,63,63,terminate,Results,2021-01-13 12:26:27.258518+00:00,1,,,10.00,307,71,diverse,uni,64339,yes,4,-2,1,2,test1,test2,0.00,1,1,jing3te6,,,,,0
308,6m4yu8cd,,1,63,63,terminate,Results,2021-01-13 12:26:27.281260+00:00,1,,,10.00,308,67,diverse,uni,45602,yes,2,0,-1,-1,test1,test2,0.00,1,1,jing3te6,,,,,0
309,53kiz6gt,,1,63,63,terminate,Results,2021-01-13 12:26:27.303312+00:00,1,,,10.00,309,90,diverse,uni,52210,yes,1,2,-1,-1,test1,test2,0.00,1,1,jing3te6,,,,,0
310,q07svr8j,,1,63,63,terminate,Results,2021-01-13 12:26:27.326597+00:00,1,,,10.00,310,99,diverse,uni,69298,yes,0,-2,-1,-2,test1,test2,0.00,1,1,jing3te6,,,,,0
311,m6pklhrq,,1,63,63,terminate,Results,2021-01-13 12:26:27.349242+00:00,1,,,0.00,311,92,diverse,uni,44161,yes,2,-1,-2,-2,test1,test2,0.00,1,1,jing3te6,,,,,0
312,cdiqshzh,,1,63,63,terminate,Results,2021-01-13 12:26:27.373261+00:00,1,,,0.00,312,24,diverse,uni,32653,yes,4,1,-2,-2,test1,test2,0.00,1,1,jing3te6,,,,,0
313,59oydq4d,,1,63,63,terminate,Results,2021-01-13 12:26:27.395388+00:00,1,,,10.00,313,41,diverse,uni,32310,yes,5,0,-1,-2,test1,test2,0.00,1,1,jing3te6,,,,,0
314,78qu12nj,,1,63,63,terminate,Results,2021-01-13 12:26:27.418546+00:00,1,,,10.00,314,93,diverse,uni,63297,yes,2,2,2,1,test1,test2,0.00,1,1,jing3te6,,,,,0
315,fj8cf3i1,,1,63,63,terminate,Results,2021-01-13 12:26:27.441006+00:00,1,,,10.00,315,50,diverse,uni,53692,yes,0,0,0,-2,test1,test2,0.00,1,1,jing3te6,,,,,0
316,t2kckikr,,1,63,63,terminate,Results,2021-01-13 12:26:27.463898+00:00,1,,,0.00,316,22,diverse,uni,53811,yes,0,0,-2,1,test1,test2,0.00,1,1,jing3te6,,,,,0
317,dkg91f5w,,1,63,63,terminate,Results,2021-01-13 12:26:27.486887+00:00,1,,,0.00,317,24,diverse,uni,39007,yes,5,-1,-2,-1,test1,test2,0.00,1,1,jing3te6,,,,,0
318,qs7g73qd,,1,63,63,terminate,Results,2021-01-13 12:26:27.509346+00:00,1,,,10.00,318,27,diverse,uni,69010,yes,1,-2,-1,1,test1,test2,0.00,1,1,jing3te6,,,,,0
319,nkrvye8z,,1,63,63,terminate,Results,2021-01-13 12:26:27.533201+00:00,1,,,10.00,319,84,diverse,uni,69164,yes,0,0,2,0,test1,test2,0.00,1,1,jing3te6,,,,,0
320,nsrf50q3,,1,63,63,terminate,Results,2021-01-13 12:26:27.556316+00:00,1,,,0.00,320,49,diverse,uni,36214,yes,3,1,-2,2,test1,test2,0.00,1,1,jing3te6,,,,,0
321,siu4lzgt,,1,63,63,terminate,Results,2021-01-13 12:26:27.752792+00:00,1,,,0.00,321,46,diverse,uni,51917,yes,4,2,-1,-2,test1,test2,0.00,1,1,jing3te6,,,,,0
322,3b6wzreo,,1,63,63,terminate,Results,2021-01-13 12:26:27.780158+00:00,1,,,10.00,322,45,diverse,uni,62355,yes,3,-2,2,1,test1,test2,0.00,1,1,jing3te6,,,,,0
323,lz57tii9,,1,63,63,terminate,Results,2021-01-13 12:26:27.805632+00:00,1,,,10.00,323,75,diverse,uni,30797,yes,4,2,-1,2,test1,test2,0.00,1,1,jing3te6,,,,,0
324,jcst22uf,,1,63,63,terminate,Results,2021-01-13 12:26:27.828786+00:00,1,,,10.00,324,61,diverse,uni,33598,yes,0,1,-1,1,test1,test2,0.00,1,1,jing3te6,,,,,0
325,2segtjdp,,1,63,63,terminate,Results,2021-01-13 12:26:27.852495+00:00,1,,,10.00,325,99,diverse,uni,39736,yes,0,0,1,-2,test1,test2,0.00,1,1,jing3te6,,,,,0
326,80yqd5wn,,1,63,63,terminate,Results,2021-01-13 12:26:27.874509+00:00,1,,,0.00,326,93,diverse,uni,66193,yes,1,2,-2,0,test1,test2,0.00,1,1,jing3te6,,,,,0
327,rez5q0js,,1,63,63,terminate,Results,2021-01-13 12:26:27.897182+00:00,1,,,10.00,327,52,diverse,uni,53762,yes,4,-2,2,1,test1,test2,0.00,1,1,jing3te6,,,,,0
328,wgksll5f,,1,63,63,terminate,Results,2021-01-13 12:26:27.920016+00:00,1,,,0.00,328,27,diverse,uni,56639,yes,0,0,1,-1,test1,test2,0.00,1,1,jing3te6,,,,,0
329,wnqccaz1,,1,63,63,terminate,Results,2021-01-13 12:26:27.945470+00:00,1,,,0.00,329,99,diverse,uni,40875,yes,4,1,-2,-1,test1,test2,0.00,1,1,jing3te6,,,,,0
330,hpa9u62r,,1,63,63,terminate,Results,2021-01-13 12:26:27.969450+00:00,1,,,10.00,330,54,diverse,uni,60894,yes,4,1,2,-2,test1,test2,0.00,1,1,jing3te6,,,,,0
331,6f3kophu,,1,63,63,terminate,Results,2021-01-13 12:26:27.993253+00:00,1,,,0.00,331,93,diverse,uni,40441,yes,4,0,-1,-1,test1,test2,0.00,1,1,jing3te6,,,,,0
332,6izj6am4,,1,63,63,terminate,Results,2021-01-13 12:26:28.015894+00:00,1,,,0.00,332,61,diverse,uni,56494,yes,5,1,0,0,test1,test2,0.00,1,1,jing3te6,,,,,0
333,c82i6t4x,,1,63,63,terminate,Results,2021-01-13 12:26:28.038582+00:00,1,,,10.00,333,63,diverse,uni,49579,yes,4,-2,2,1,test1,test2,0.00,1,1,jing3te6,,,,,0
334,j8wkwmef,,1,63,63,terminate,Results,2021-01-13 12:26:28.063400+00:00,1,,,0.00,334,74,diverse,uni,54741,yes,3,2,0,0,test1,test2,0.00,1,1,jing3te6,,,,,0
335,lc8pj7ws,,1,63,63,terminate,Results,2021-01-13 12:26:28.089012+00:00,1,,,10.00,335,65,diverse,uni,61345,yes,4,-2,-2,0,test1,test2,0.00,1,1,jing3te6,,,,,0
336,xeam3psp,,1,63,63,terminate,Results,2021-01-13 12:26:28.112109+00:00,1,,,0.00,336,85,diverse,uni,59264,yes,3,-2,-2,-1,test1,test2,0.00,1,1,jing3te6,,,,,0
337,f14at3y0,,1,63,63,terminate,Results,2021-01-13 12:26:28.135247+00:00,1,,,10.00,337,88,diverse,uni,42780,yes,4,-1,2,-2,test1,test2,0.00,1,1,jing3te6,,,,,0
338,9nt0sw1u,,1,63,63,terminate,Results,2021-01-13 12:26:28.158779+00:00,1,,,10.00,338,49,diverse,uni,40131,yes,0,2,1,-1,test1,test2,0.00,1,1,jing3te6,,,,,0
339,8wenoa69,,1,63,63,terminate,Results,2021-01-13 12:26:28.183217+00:00,1,,,0.00,339,20,diverse,uni,69296,yes,0,-2,-2,1,test1,test2,0.00,1,1,jing3te6,,,,,0
340,bqr4j3nk,,1,63,63,terminate,Results,2021-01-13 12:26:28.205835+00:00,1,,,10.00,340,23,diverse,uni,61139,yes,0,1,1,2,test1,test2,0.00,1,1,jing3te6,,,,,0
341,ne3gwyw8,,1,63,63,terminate,Results,2021-01-13 12:26:28.228621+00:00,1,,,0.00,341,69,diverse,uni,35852,yes,0,2,1,-2,test1,test2,0.00,1,1,jing3te6,,,,,0
342,g2ugo8z3,,1,63,63,terminate,Results,2021-01-13 12:26:28.252641+00:00,1,,,10.00,342,77,diverse,uni,61077,yes,4,1,2,0,test1,test2,0.00,1,1,jing3te6,,,,,0
343,v65z8p2h,,1,63,63,terminate,Results,2021-01-13 12:26:28.274923+00:00,1,,,0.00,343,34,diverse,uni,53554,yes,5,0,2,-1,test1,test2,0.00,1,1,jing3te6,,,,,0
344,9ef7ia9w,,1,63,63,terminate,Results,2021-01-13 12:26:28.297647+00:00,1,,,0.00,344,75,diverse,uni,61650,yes,5,-2,0,-1,test1,test2,0.00,1,1,jing3te6,,,,,0
345,6ey044ex,,1,63,63,terminate,Results,2021-01-13 12:26:28.320347+00:00,1,,,10.00,345,71,diverse,uni,56402,yes,1,2,2,-1,test1,test2,0.00,1,1,jing3te6,,,,,0
346,akogdn6r,,1,63,63,terminate,Results,2021-01-13 12:26:28.343030+00:00,1,,,0.00,346,46,diverse,uni,30837,yes,4,1,1,-2,test1,test2,0.00,1,1,jing3te6,,,,,0
347,xnputdyn,,1,63,63,terminate,Results,2021-01-13 12:26:28.366673+00:00,1,,,10.00,347,27,diverse,uni,56341,yes,2,1,-2,-2,test1,test2,0.00,1,1,jing3te6,,,,,0
348,n9z15mzk,,1,63,63,terminate,Results,2021-01-13 12:26:28.389012+00:00,1,,,0.00,348,97,diverse,uni,45910,yes,3,0,-1,0,test1,test2,0.00,1,1,jing3te6,,,,,0
349,68p839xw,,1,63,63,terminate,Results,2021-01-13 12:26:28.410924+00:00,1,,,0.00,349,38,diverse,uni,43538,yes,5,-1,2,0,test1,test2,0.00,1,1,jing3te6,,,,,0
350,tnysvx32,,1,63,63,terminate,Results,2021-01-13 12:26:28.435979+00:00,1,,,10.00,350,29,diverse,uni,34877,yes,4,2,0,0,test1,test2,0.00,1,1,jing3te6,,,,,0
351,2qyvexhf,,1,63,63,terminate,Results,2021-01-13 12:26:28.459987+00:00,1,,,10.00,351,18,diverse,uni,64119,yes,0,-2,1,-2,test1,test2,0.00,1,1,jing3te6,,,,,0
352,jq3makca,,1,63,63,terminate,Results,2021-01-13 12:26:28.483861+00:00,1,,,0.00,352,26,diverse,uni,54874,yes,4,-1,-2,1,test1,test2,0.00,1,1,jing3te6,,,,,0
353,7elfpq8z,,1,63,63,terminate,Results,2021-01-13 12:26:28.508731+00:00,1,,,10.00,353,86,diverse,uni,53567,yes,3,0,-1,-2,test1,test2,0.00,1,1,jing3te6,,,,,0
354,n8wt7uu6,,1,63,63,terminate,Results,2021-01-13 12:26:28.531955+00:00,1,,,0.00,354,26,diverse,uni,66429,yes,0,1,2,2,test1,test2,0.00,1,1,jing3te6,,,,,0
355,8qkz5rpy,,1,63,63,terminate,Results,2021-01-13 12:26:28.556852+00:00,1,,,10.00,355,57,diverse,uni,53258,yes,4,0,2,-1,test1,test2,0.00,1,1,jing3te6,,,,,0
356,vsd5090r,,1,63,63,terminate,Results,2021-01-13 12:26:28.579760+00:00,1,,,10.00,356,46,diverse,uni,46338,yes,3,2,2,1,test1,test2,0.00,1,1,jing3te6,,,,,0
357,nkn93aa3,,1,63,63,terminate,Results,2021-01-13 12:26:28.602370+00:00,1,,,10.00,357,62,diverse,uni,32553,yes,0,0,0,0,test1,test2,0.00,1,1,jing3te6,,,,,0
358,rnu3y8wq,,1,63,63,terminate,Results,2021-01-13 12:26:28.626332+00:00,1,,,10.00,358,33,diverse,uni,39011,yes,1,-1,2,2,test1,test2,0.00,1,1,jing3te6,,,,,0
359,k2q5e0zf,,1,63,63,terminate,Results,2021-01-13 12:26:28.650243+00:00,1,,,0.00,359,21,diverse,uni,51907,yes,5,0,-1,2,test1,test2,0.00,1,1,jing3te6,,,,,0
360,pg6ptnpt,,1,63,63,terminate,Results,2021-01-13 12:26:28.675846+00:00,1,,,10.00,360,74,diverse,uni,46514,yes,3,-2,-2,2,test1,test2,0.00,1,1,jing3te6,,,,,0
361,rrl0erxm,,1,63,63,terminate,Results,2021-01-13 12:26:28.698627+00:00,1,,,0.00,361,28,diverse,uni,42959,yes,1,-1,-1,1,test1,test2,0.00,1,1,jing3te6,,,,,0
362,bk9yzvy7,,1,63,63,terminate,Results,2021-01-13 12:26:28.721985+00:00,1,,,10.00,362,49,diverse,uni,32189,yes,4,0,0,0,test1,test2,0.00,1,1,jing3te6,,,,,0
363,hryk5lnm,,1,63,63,terminate,Results,2021-01-13 12:26:28.744213+00:00,1,,,10.00,363,79,diverse,uni,69952,yes,5,0,2,0,test1,test2,0.00,1,1,jing3te6,,,,,0
364,4pt6clud,,1,63,63,terminate,Results,2021-01-13 12:26:28.768400+00:00,1,,,0.00,364,26,diverse,uni,44759,yes,4,2,-2,1,test1,test2,0.00,1,1,jing3te6,,,,,0
365,fwmeyd28,,1,63,63,terminate,Results,2021-01-13 12:26:28.791678+00:00,1,,,0.00,365,23,diverse,uni,33803,yes,0,-2,0,1,test1,test2,0.00,1,1,jing3te6,,,,,0
366,huuxkuz7,,1,63,63,terminate,Results,2021-01-13 12:26:28.814369+00:00,1,,,0.00,366,42,diverse,uni,31103,yes,1,-1,-2,-1,test1,test2,0.00,1,1,jing3te6,,,,,0
367,4irmxi99,,1,63,63,terminate,Results,2021-01-13 12:26:28.837119+00:00,1,,,0.00,367,31,diverse,uni,45196,yes,3,-1,1,-1,test1,test2,0.00,1,1,jing3te6,,,,,0
368,j6vqn4x0,,1,63,63,terminate,Results,2021-01-13 12:26:28.861707+00:00,1,,,0.00,368,82,diverse,uni,53862,yes,4,2,1,1,test1,test2,0.00,1,1,jing3te6,,,,,0
369,0s9hiltm,,1,63,63,terminate,Results,2021-01-13 12:26:28.885102+00:00,1,,,0.00,369,39,diverse,uni,47463,yes,5,-1,-1,-1,test1,test2,0.00,1,1,jing3te6,,,,,0
370,6nnmee7c,,1,63,63,terminate,Results,2021-01-13 12:26:28.907092+00:00,1,,,10.00,370,43,diverse,uni,52732,yes,5,1,0,2,test1,test2,0.00,1,1,jing3te6,,,,,0
371,a8v6jtyb,,1,63,63,terminate,Results,2021-01-13 12:26:28.929733+00:00,1,,,10.00,371,63,diverse,uni,50505,yes,5,1,-1,-1,test1,test2,0.00,1,1,jing3te6,,,,,0
372,r74yisd7,,1,63,63,terminate,Results,2021-01-13 12:26:28.952258+00:00,1,,,10.00,372,89,diverse,uni,30601,yes,1,-2,1,-2,test1,test2,0.00,1,1,jing3te6,,,,,0
373,e6xfneum,,1,63,63,terminate,Results,2021-01-13 12:26:28.975540+00:00,1,,,10.00,373,83,diverse,uni,57526,yes,2,0,-2,-2,test1,test2,0.00,1,1,jing3te6,,,,,0
374,mqjkrw9o,,1,63,63,terminate,Results,2021-01-13 12:26:28.998285+00:00,1,,,0.00,374,45,diverse,uni,59534,yes,0,-2,1,-2,test1,test2,0.00,1,1,jing3te6,,,,,0
375,zwm8xs4z,,1,63,63,terminate,Results,2021-01-13 12:26:29.021779+00:00,1,,,10.00,375,24,diverse,uni,45023,yes,2,2,1,-1,test1,test2,0.00,1,1,jing3te6,,,,,0
376,558d6bpr,,1,63,63,terminate,Results,2021-01-13 12:26:29.044544+00:00,1,,,10.00,376,40,diverse,uni,52077,yes,5,2,1,0,test1,test2,0.00,1,1,jing3te6,,,,,0
377,7t033rkl,,1,63,63,terminate,Results,2021-01-13 12:26:29.068564+00:00,1,,,10.00,377,33,diverse,uni,65287,yes,4,2,-1,-1,test1,test2,0.00,1,1,jing3te6,,,,,0
378,i290iz4u,,1,63,63,terminate,Results,2021-01-13 12:26:29.091206+00:00,1,,,10.00,378,74,diverse,uni,30070,yes,4,1,-1,2,test1,test2,0.00,1,1,jing3te6,,,,,0
379,olkr5ke9,,1,63,63,terminate,Results,2021-01-13 12:26:29.113618+00:00,1,,,10.00,379,62,diverse,uni,66727,yes,2,-2,-1,1,test1,test2,0.00,1,1,jing3te6,,,,,0
380,ch4h1xns,,1,63,63,terminate,Results,2021-01-13 12:26:29.135803+00:00,1,,,0.00,380,39,diverse,uni,59487,yes,5,2,2,1,test1,test2,0.00,1,1,jing3te6,,,,,0
381,zcifujh3,,1,63,63,terminate,Results,2021-01-13 12:26:29.158917+00:00,1,,,0.00,381,31,diverse,uni,40728,yes,3,-2,-2,1,test1,test2,0.00,1,1,jing3te6,,,,,0
382,ij51rst4,,1,63,63,terminate,Results,2021-01-13 12:26:29.181607+00:00,1,,,10.00,382,89,diverse,uni,43392,yes,5,-1,0,0,test1,test2,0.00,1,1,jing3te6,,,,,0
383,8bvs6wmd,,1,63,63,terminate,Results,2021-01-13 12:26:29.203726+00:00,1,,,10.00,383,64,diverse,uni,41246,yes,1,-2,-1,-2,test1,test2,0.00,1,1,jing3te6,,,,,0
384,8570x111,,1,63,63,terminate,Results,2021-01-13 12:26:29.226673+00:00,1,,,10.00,384,98,diverse,uni,40973,yes,5,-2,-2,-1,test1,test2,0.00,1,1,jing3te6,,,,,0
385,wkpr7e9x,,1,63,63,terminate,Results,2021-01-13 12:26:29.250684+00:00,1,,,0.00,385,37,diverse,uni,49721,yes,2,-2,-1,1,test1,test2,0.00,1,1,jing3te6,,,,,0
386,xjqdl2vy,,1,63,63,terminate,Results,2021-01-13 12:26:29.273646+00:00,1,,,0.00,386,58,diverse,uni,41979,yes,3,1,-1,0,test1,test2,0.00,1,1,jing3te6,,,,,0
387,q43gqx4b,,1,63,63,terminate,Results,2021-01-13 12:26:29.296626+00:00,1,,,0.00,387,97,diverse,uni,40215,yes,4,-2,-2,2,test1,test2,0.00,1,1,jing3te6,,,,,0
388,v0qcn17f,,1,63,63,terminate,Results,2021-01-13 12:26:29.319765+00:00,1,,,10.00,388,45,diverse,uni,67784,yes,0,0,-1,1,test1,test2,0.00,1,1,jing3te6,,,,,0
389,r7s75oko,,1,63,63,terminate,Results,2021-01-13 12:26:29.341962+00:00,1,,,0.00,389,94,diverse,uni,43931,yes,5,0,0,2,test1,test2,0.00,1,1,jing3te6,,,,,0
390,tdg5tc46,,1,63,63,terminate,Results,2021-01-13 12:26:29.365603+00:00,1,,,10.00,390,19,diverse,uni,68171,yes,4,-1,1,0,test1,test2,0.00,1,1,jing3te6,,,,,0
391,mw1kn15v,,1,63,63,terminate,Results,2021-01-13 12:26:29.388521+00:00,1,,,0.00,391,73,diverse,uni,43452,yes,0,2,2,2,test1,test2,0.00,1,1,jing3te6,,,,,0
392,fnf49v8p,,1,63,63,terminate,Results,2021-01-13 12:26:29.410893+00:00,1,,,10.00,392,30,diverse,uni,45785,yes,1,0,-1,1,test1,test2,0.00,1,1,jing3te6,,,,,0
393,o74gwsle,,1,63,63,terminate,Results,2021-01-13 12:26:29.433905+00:00,1,,,10.00,393,50,diverse,uni,31128,yes,1,1,2,-1,test1,test2,0.00,1,1,jing3te6,,,,,0
394,bhhejg45,,1,63,63,terminate,Results,2021-01-13 12:26:29.456626+00:00,1,,,10.00,394,79,diverse,uni,63711,yes,2,2,1,1,test1,test2,0.00,1,1,jing3te6,,,,,0
395,kivzsznh,,1,63,63,terminate,Results,2021-01-13 12:26:29.480304+00:00,1,,,10.00,395,91,diverse,uni,50026,yes,0,-1,-2,1,test1,test2,0.00,1,1,jing3te6,,,,,0
396,p0mw6dkf,,1,63,63,terminate,Results,2021-01-13 12:26:29.507015+00:00,1,,,10.00,396,96,diverse,uni,35578,yes,5,-2,2,-2,test1,test2,0.00,1,1,jing3te6,,,,,0
397,3kmb65vw,,1,63,63,terminate,Results,2021-01-13 12:26:29.532871+00:00,1,,,0.00,397,65,diverse,uni,49433,yes,2,1,2,2,test1,test2,0.00,1,1,jing3te6,,,,,0
398,g9f679hg,,1,63,63,terminate,Results,2021-01-13 12:26:29.555611+00:00,1,,,0.00,398,44,diverse,uni,48901,yes,2,-1,1,1,test1,test2,0.00,1,1,jing3te6,,,,,0
399,kufng4ef,,1,63,63,terminate,Results,2021-01-13 12:26:29.579938+00:00,1,,,10.00,399,71,diverse,uni,32811,yes,0,2,2,-1,test1,test2,0.00,1,1,jing3te6,,,,,0
400,pr7twc6s,,1,63,63,terminate,Results,2021-01-13 12:26:29.602389+00:00,1,,,0.00,400,44,diverse,uni,64267,yes,5,-2,-1,-2,test1,test2,0.00,1,1,jing3te6,,,,,0
401,im1ndtaz,,1,63,63,terminate,Results,2021-01-13 12:26:29.626125+00:00,1,,,10.00,401,59,diverse,uni,43271,yes,1,-2,0,-1,test1,test2,0.00,1,1,jing3te6,,,,,0
402,nv3tv40y,,1,63,63,terminate,Results,2021-01-13 12:26:29.649419+00:00,1,,,10.00,402,33,diverse,uni,37776,yes,3,-2,-2,0,test1,test2,0.00,1,1,jing3te6,,,,,0
403,buuzgj6n,,1,63,63,terminate,Results,2021-01-13 12:26:29.672871+00:00,1,,,10.00,403,51,diverse,uni,39983,yes,3,2,2,-1,test1,test2,0.00,1,1,jing3te6,,,,,0
404,2d4z4456,,1,63,63,terminate,Results,2021-01-13 12:26:29.695952+00:00,1,,,0.00,404,42,diverse,uni,53825,yes,3,-1,0,-2,test1,test2,0.00,1,1,jing3te6,,,,,0
405,m4dx9hxv,,1,63,63,terminate,Results,2021-01-13 12:26:29.718322+00:00,1,,,10.00,405,69,diverse,uni,43556,yes,2,2,0,1,test1,test2,0.00,1,1,jing3te6,,,,,0
406,9m73sig7,,1,63,63,terminate,Results,2021-01-13 12:26:29.741323+00:00,1,,,0.00,406,20,diverse,uni,45521,yes,2,2,-1,-2,test1,test2,0.00,1,1,jing3te6,,,,,0
407,j09k2lom,,1,63,63,terminate,Results,2021-01-13 12:26:29.764855+00:00,1,,,10.00,407,26,diverse,uni,57672,yes,4,-1,2,-2,test1,test2,0.00,1,1,jing3te6,,,,,0
408,tx0w4azy,,1,63,63,terminate,Results,2021-01-13 12:26:29.788925+00:00,1,,,10.00,408,21,diverse,uni,61294,yes,3,2,0,1,test1,test2,0.00,1,1,jing3te6,,,,,0
409,tnek7qlq,,1,63,63,terminate,Results,2021-01-13 12:26:29.810991+00:00,1,,,0.00,409,33,diverse,uni,65103,yes,5,1,2,0,test1,test2,0.00,1,1,jing3te6,,,,,0
410,tjgcp58a,,1,63,63,terminate,Results,2021-01-13 12:26:29.834021+00:00,1,,,10.00,410,78,diverse,uni,37370,yes,3,2,1,-2,test1,test2,0.00,1,1,jing3te6,,,,,0
411,o0ys9rv2,,1,63,63,terminate,Results,2021-01-13 12:26:29.857373+00:00,1,,,0.00,411,56,diverse,uni,56495,yes,5,-1,1,0,test1,test2,0.00,1,1,jing3te6,,,,,0
412,0viaejex,,1,63,63,terminate,Results,2021-01-13 12:26:29.881665+00:00,1,,,0.00,412,34,diverse,uni,32769,yes,4,2,-2,1,test1,test2,0.00,1,1,jing3te6,,,,,0
413,eus8fid8,,1,63,63,terminate,Results,2021-01-13 12:26:29.904720+00:00,1,,,10.00,413,31,diverse,uni,63467,yes,1,1,1,2,test1,test2,0.00,1,1,jing3te6,,,,,0
414,d9zvj425,,1,63,63,terminate,Results,2021-01-13 12:26:29.927750+00:00,1,,,0.00,414,83,diverse,uni,66309,yes,5,2,2,2,test1,test2,0.00,1,1,jing3te6,,,,,0
415,xr0sazdj,,1,63,63,terminate,Results,2021-01-13 12:26:29.949905+00:00,1,,,0.00,415,19,diverse,uni,44208,yes,5,2,2,-2,test1,test2,0.00,1,1,jing3te6,,,,,0
416,wtf0zc0e,,1,63,63,terminate,Results,2021-01-13 12:26:29.973492+00:00,1,,,10.00,416,50,diverse,uni,60612,yes,3,1,-1,2,test1,test2,0.00,1,1,jing3te6,,,,,0
417,72jft2pk,,1,63,63,terminate,Results,2021-01-13 12:26:30.206360+00:00,1,,,0.00,417,54,diverse,uni,36781,yes,1,2,2,-1,test1,test2,0.00,1,1,jing3te6,,,,,0
418,065gtghe,,1,63,63,terminate,Results,2021-01-13 12:26:30.237238+00:00,1,,,10.00,418,77,diverse,uni,34347,yes,1,-2,-1,1,test1,test2,0.00,1,1,jing3te6,,,,,0
419,bhm1jg6g,,1,63,63,terminate,Results,2021-01-13 12:26:30.263655+00:00,1,,,10.00,419,64,diverse,uni,60535,yes,3,-2,-2,-2,test1,test2,0.00,1,1,jing3te6,,,,,0
420,5yfurz3a,,1,63,63,terminate,Results,2021-01-13 12:26:30.287112+00:00,1,,,10.00,420,69,diverse,uni,59585,yes,3,-2,-2,2,test1,test2,0.00,1,1,jing3te6,,,,,0
421,gkh4zlde,,1,63,63,terminate,Results,2021-01-13 12:26:30.310448+00:00,1,,,0.00,421,33,diverse,uni,34671,yes,5,-1,-2,2,test1,test2,0.00,1,1,jing3te6,,,,,0
422,bp0por6q,,1,63,63,terminate,Results,2021-01-13 12:26:30.332902+00:00,1,,,0.00,422,53,diverse,uni,36369,yes,4,-1,2,2,test1,test2,0.00,1,1,jing3te6,,,,,0
423,k649kbvb,,1,63,63,terminate,Results,2021-01-13 12:26:30.356004+00:00,1,,,10.00,423,43,diverse,uni,37809,yes,5,1,-2,0,test1,test2,0.00,1,1,jing3te6,,,,,0
424,a75qji36,,1,63,63,terminate,Results,2021-01-13 12:26:30.378912+00:00,1,,,10.00,424,34,diverse,uni,62540,yes,0,0,0,0,test1,test2,0.00,1,1,jing3te6,,,,,0
425,o1c6582d,,1,63,63,terminate,Results,2021-01-13 12:26:30.402733+00:00,1,,,10.00,425,75,diverse,uni,44798,yes,5,1,2,2,test1,test2,0.00,1,1,jing3te6,,,,,0
426,jm1krghp,,1,63,63,terminate,Results,2021-01-13 12:26:30.425382+00:00,1,,,10.00,426,56,diverse,uni,52312,yes,5,-1,-1,0,test1,test2,0.00,1,1,jing3te6,,,,,0
427,n1n5po61,,1,63,63,terminate,Results,2021-01-13 12:26:30.448553+00:00,1,,,0.00,427,63,diverse,uni,42775,yes,1,-2,0,0,test1,test2,0.00,1,1,jing3te6,,,,,0
428,s6m0t6ng,,1,63,63,terminate,Results,2021-01-13 12:26:30.471499+00:00,1,,,10.00,428,51,diverse,uni,40665,yes,5,0,-2,-1,test1,test2,0.00,1,1,jing3te6,,,,,0
429,5mqar9tv,,1,63,63,terminate,Results,2021-01-13 12:26:30.494410+00:00,1,,,10.00,429,50,diverse,uni,41198,yes,3,0,-1,-2,test1,test2,0.00,1,1,jing3te6,,,,,0
430,smijn1iz,,1,63,63,terminate,Results,2021-01-13 12:26:30.517526+00:00,1,,,10.00,430,54,diverse,uni,39381,yes,1,-2,1,1,test1,test2,0.00,1,1,jing3te6,,,,,0
431,f5jdy9ii,,1,63,63,terminate,Results,2021-01-13 12:26:30.540839+00:00,1,,,0.00,431,61,diverse,uni,56034,yes,0,0,1,-1,test1,test2,0.00,1,1,jing3te6,,,,,0
432,xwpk735h,,1,63,63,terminate,Results,2021-01-13 12:26:30.563546+00:00,1,,,0.00,432,38,diverse,uni,41454,yes,0,-2,-1,2,test1,test2,0.00,1,1,jing3te6,,,,,0
433,y6a6xhu1,,1,63,63,terminate,Results,2021-01-13 12:26:30.586618+00:00,1,,,0.00,433,52,diverse,uni,47626,yes,0,-2,2,1,test1,test2,0.00,1,1,jing3te6,,,,,0
434,g6c1i4e7,,1,63,63,terminate,Results,2021-01-13 12:26:30.609647+00:00,1,,,10.00,434,59,diverse,uni,52872,yes,2,-1,-2,2,test1,test2,0.00,1,1,jing3te6,,,,,0
435,t82xklyw,,1,63,63,terminate,Results,2021-01-13 12:26:30.632123+00:00,1,,,0.00,435,82,diverse,uni,67067,yes,5,0,0,0,test1,test2,0.00,1,1,jing3te6,,,,,0
436,qk2hgec7,,1,63,63,terminate,Results,2021-01-13 12:26:30.654243+00:00,1,,,10.00,436,46,diverse,uni,30755,yes,4,2,0,-2,test1,test2,0.00,1,1,jing3te6,,,,,0
437,0dlhw4rd,,1,63,63,terminate,Results,2021-01-13 12:26:30.676785+00:00,1,,,10.00,437,59,diverse,uni,38465,yes,5,-2,0,2,test1,test2,0.00,1,1,jing3te6,,,,,0
438,19jhvnie,,1,63,63,terminate,Results,2021-01-13 12:26:30.699763+00:00,1,,,0.00,438,88,diverse,uni,43970,yes,4,-2,-1,2,test1,test2,0.00,1,1,jing3te6,,,,,0
439,kapwgdc8,,1,63,63,terminate,Results,2021-01-13 12:26:30.722441+00:00,1,,,10.00,439,41,diverse,uni,49566,yes,3,1,1,1,test1,test2,0.00,1,1,jing3te6,,,,,0
440,qjla9a53,,1,63,63,terminate,Results,2021-01-13 12:26:30.745288+00:00,1,,,0.00,440,65,diverse,uni,32379,yes,4,2,1,-2,test1,test2,0.00,1,1,jing3te6,,,,,0
441,qxt2xplu,,1,63,63,terminate,Results,2021-01-13 12:26:30.769682+00:00,1,,,0.00,441,60,diverse,uni,58288,yes,0,0,-2,-2,test1,test2,0.00,1,1,jing3te6,,,,,0
442,ur30sdp8,,1,63,63,terminate,Results,2021-01-13 12:26:30.792819+00:00,1,,,0.00,442,36,diverse,uni,40759,yes,4,-2,-1,-2,test1,test2,0.00,1,1,jing3te6,,,,,0
443,zulxoliu,,1,63,63,terminate,Results,2021-01-13 12:26:30.815960+00:00,1,,,10.00,443,49,diverse,uni,63661,yes,3,0,0,2,test1,test2,0.00,1,1,jing3te6,,,,,0
444,bsm0mnfm,,1,63,63,terminate,Results,2021-01-13 12:26:30.838602+00:00,1,,,0.00,444,44,diverse,uni,46271,yes,3,1,-1,1,test1,test2,0.00,1,1,jing3te6,,,,,0
445,o27ykbpn,,1,63,63,terminate,Results,2021-01-13 12:26:30.861064+00:00,1,,,0.00,445,96,diverse,uni,33216,yes,1,1,-1,-1,test1,test2,0.00,1,1,jing3te6,,,,,0
446,gahnwt6c,,1,63,63,terminate,Results,2021-01-13 12:26:30.883596+00:00,1,,,10.00,446,28,diverse,uni,59860,yes,0,1,2,-1,test1,test2,0.00,1,1,jing3te6,,,,,0
447,txdtf28c,,1,63,63,terminate,Results,2021-01-13 12:26:30.906811+00:00,1,,,10.00,447,25,diverse,uni,58649,yes,4,-2,1,2,test1,test2,0.00,1,1,jing3te6,,,,,0
448,gb0qz7up,,1,63,63,terminate,Results,2021-01-13 12:26:30.929710+00:00,1,,,0.00,448,73,diverse,uni,68610,yes,1,-1,1,-2,test1,test2,0.00,1,1,jing3te6,,,,,0
449,a2h952jj,,1,63,63,terminate,Results,2021-01-13 12:26:30.952728+00:00,1,,,0.00,449,31,diverse,uni,67552,yes,5,-1,-1,0,test1,test2,0.00,1,1,jing3te6,,,,,0
450,igz9yd9i,,1,63,63,terminate,Results,2021-01-13 12:26:30.975286+00:00,1,,,0.00,450,93,diverse,uni,67865,yes,4,-1,2,0,test1,test2,0.00,1,1,jing3te6,,,,,0
451,p2jmfqjg,,1,63,63,terminate,Results,2021-01-13 12:26:30.998604+00:00,1,,,0.00,451,20,diverse,uni,61402,yes,4,1,-1,-1,test1,test2,0.00,1,1,jing3te6,,,,,0
452,q8e6vmo4,,1,63,63,terminate,Results,2021-01-13 12:26:31.021085+00:00,1,,,10.00,452,32,diverse,uni,46998,yes,0,2,-2,-1,test1,test2,0.00,1,1,jing3te6,,,,,0
453,nmrjx18u,,1,63,63,terminate,Results,2021-01-13 12:26:31.043202+00:00,1,,,0.00,453,36,diverse,uni,33841,yes,0,-1,0,-1,test1,test2,0.00,1,1,jing3te6,,,,,0
454,rjw2jf81,,1,63,63,terminate,Results,2021-01-13 12:26:31.066130+00:00,1,,,0.00,454,97,diverse,uni,63568,yes,3,0,1,-2,test1,test2,0.00,1,1,jing3te6,,,,,0
455,o24oozio,,1,63,63,terminate,Results,2021-01-13 12:26:31.088438+00:00,1,,,10.00,455,75,diverse,uni,44013,yes,0,2,0,1,test1,test2,0.00,1,1,jing3te6,,,,,0
456,9fqkhwgy,,1,63,63,terminate,Results,2021-01-13 12:26:31.111206+00:00,1,,,10.00,456,33,diverse,uni,67429,yes,0,1,-1,-1,test1,test2,0.00,1,1,jing3te6,,,,,0
457,trod29w3,,1,63,63,terminate,Results,2021-01-13 12:26:31.135415+00:00,1,,,10.00,457,80,diverse,uni,37344,yes,3,-1,-2,-1,test1,test2,0.00,1,1,jing3te6,,,,,0
458,jx0xjpbw,,1,63,63,terminate,Results,2021-01-13 12:26:31.158123+00:00,1,,,10.00,458,63,diverse,uni,37089,yes,4,-1,2,-1,test1,test2,0.00,1,1,jing3te6,,,,,0
459,vwv9lmu7,,1,63,63,terminate,Results,2021-01-13 12:26:31.180945+00:00,1,,,0.00,459,83,diverse,uni,60945,yes,3,2,1,1,test1,test2,0.00,1,1,jing3te6,,,,,0
460,0tz7iy09,,1,63,63,terminate,Results,2021-01-13 12:26:31.203937+00:00,1,,,10.00,460,56,diverse,uni,49622,yes,5,-2,-1,-1,test1,test2,0.00,1,1,jing3te6,,,,,0
461,nd4s0kvl,,1,63,63,terminate,Results,2021-01-13 12:26:31.228792+00:00,1,,,0.00,461,92,diverse,uni,39591,yes,5,-2,0,0,test1,test2,0.00,1,1,jing3te6,,,,,0
462,qewd5t45,,1,63,63,terminate,Results,2021-01-13 12:26:31.251489+00:00,1,,,10.00,462,41,diverse,uni,58139,yes,2,1,0,-1,test1,test2,0.00,1,1,jing3te6,,,,,0
463,0oapz33q,,1,63,63,terminate,Results,2021-01-13 12:26:31.275190+00:00,1,,,0.00,463,45,diverse,uni,65095,yes,3,0,1,0,test1,test2,0.00,1,1,jing3te6,,,,,0
464,qt4an3ow,,1,63,63,terminate,Results,2021-01-13 12:26:31.298806+00:00,1,,,0.00,464,74,diverse,uni,61295,yes,4,1,0,-1,test1,test2,0.00,1,1,jing3te6,,,,,0
465,y6e9nb1m,,1,63,63,terminate,Results,2021-01-13 12:26:31.321195+00:00,1,,,10.00,465,40,diverse,uni,37170,yes,2,-2,-1,1,test1,test2,0.00,1,1,jing3te6,,,,,0
466,1emo3hnu,,1,63,63,terminate,Results,2021-01-13 12:26:31.343465+00:00,1,,,10.00,466,99,diverse,uni,43058,yes,5,2,0,-2,test1,test2,0.00,1,1,jing3te6,,,,,0
467,of0es59d,,1,63,63,terminate,Results,2021-01-13 12:26:31.365732+00:00,1,,,0.00,467,33,diverse,uni,60450,yes,1,1,-1,-1,test1,test2,0.00,1,1,jing3te6,,,,,0
468,xrj6sfnv,,1,63,63,terminate,Results,2021-01-13 12:26:31.388141+00:00,1,,,10.00,468,68,diverse,uni,50099,yes,0,-1,1,1,test1,test2,0.00,1,1,jing3te6,,,,,0
469,2v9xe1jk,,1,63,63,terminate,Results,2021-01-13 12:26:31.411568+00:00,1,,,10.00,469,59,diverse,uni,41536,yes,1,-1,-2,-2,test1,test2,0.00,1,1,jing3te6,,,,,0
470,9z7vzppr,,1,63,63,terminate,Results,2021-01-13 12:26:31.434208+00:00,1,,,0.00,470,78,diverse,uni,47126,yes,0,2,0,2,test1,test2,0.00,1,1,jing3te6,,,,,0
471,wwy5q3yk,,1,63,63,terminate,Results,2021-01-13 12:26:31.458847+00:00,1,,,0.00,471,66,diverse,uni,45620,yes,3,0,2,1,test1,test2,0.00,1,1,jing3te6,,,,,0
472,m2f92en9,,1,63,63,terminate,Results,2021-01-13 12:26:31.482631+00:00,1,,,10.00,472,91,diverse,uni,63405,yes,3,-2,0,1,test1,test2,0.00,1,1,jing3te6,,,,,0
473,3ojc26vu,,1,63,63,terminate,Results,2021-01-13 12:26:31.505730+00:00,1,,,10.00,473,70,diverse,uni,61939,yes,4,0,-2,1,test1,test2,0.00,1,1,jing3te6,,,,,0
474,tuzvtlpk,,1,63,63,terminate,Results,2021-01-13 12:26:31.528148+00:00,1,,,0.00,474,25,diverse,uni,42643,yes,2,-1,-1,-1,test1,test2,0.00,1,1,jing3te6,,,,,0
475,hty2hi6s,,1,63,63,terminate,Results,2021-01-13 12:26:31.550626+00:00,1,,,10.00,475,35,diverse,uni,55939,yes,3,0,-2,0,test1,test2,0.00,1,1,jing3te6,,,,,0
476,86n1wpjj,,1,63,63,terminate,Results,2021-01-13 12:26:31.572835+00:00,1,,,10.00,476,50,diverse,uni,46312,yes,1,0,1,1,test1,test2,0.00,1,1,jing3te6,,,,,0
477,67j1ya31,,1,63,63,terminate,Results,2021-01-13 12:26:31.595813+00:00,1,,,10.00,477,33,diverse,uni,37424,yes,4,-1,-2,2,test1,test2,0.00,1,1,jing3te6,,,,,0
478,6wf711c2,,1,63,63,terminate,Results,2021-01-13 12:26:31.619748+00:00,1,,,10.00,478,47,diverse,uni,43705,yes,3,0,1,-2,test1,test2,0.00,1,1,jing3te6,,,,,0
479,22t5d7pl,,1,63,63,terminate,Results,2021-01-13 12:26:31.642300+00:00,1,,,10.00,479,88,diverse,uni,46933,yes,5,-1,2,-1,test1,test2,0.00,1,1,jing3te6,,,,,0
480,ztdcpp7f,,1,63,63,terminate,Results,2021-01-13 12:26:31.665991+00:00,1,,,10.00,480,70,diverse,uni,62014,yes,2,0,-2,2,test1,test2,0.00,1,1,jing3te6,,,,,0
481,rwvsbmkz,,1,63,63,terminate,Results,2021-01-13 12:26:31.688644+00:00,1,,,0.00,481,62,diverse,uni,63279,yes,1,1,0,-2,test1,test2,0.00,1,1,jing3te6,,,,,0
482,odd4tlp1,,1,63,63,terminate,Results,2021-01-13 12:26:31.712609+00:00,1,,,10.00,482,56,diverse,uni,67958,yes,0,-1,1,2,test1,test2,0.00,1,1,jing3te6,,,,,0
483,8ixfk6h4,,1,63,63,terminate,Results,2021-01-13 12:26:31.735661+00:00,1,,,0.00,483,99,diverse,uni,49414,yes,0,-1,2,2,test1,test2,0.00,1,1,jing3te6,,,,,0
484,f5cwxb1d,,1,63,63,terminate,Results,2021-01-13 12:26:31.758076+00:00,1,,,10.00,484,95,diverse,uni,31945,yes,3,2,-1,2,test1,test2,0.00,1,1,jing3te6,,,,,0
485,7qvtvy5w,,1,63,63,terminate,Results,2021-01-13 12:26:31.781180+00:00,1,,,0.00,485,41,diverse,uni,66768,yes,1,-1,1,-2,test1,test2,0.00,1,1,jing3te6,,,,,0
486,65afc60i,,1,63,63,terminate,Results,2021-01-13 12:26:31.804510+00:00,1,,,0.00,486,22,diverse,uni,64078,yes,2,-2,1,-1,test1,test2,0.00,1,1,jing3te6,,,,,0
487,017i9uvg,,1,63,63,terminate,Results,2021-01-13 12:26:31.826889+00:00,1,,,10.00,487,43,diverse,uni,47420,yes,5,2,-2,-2,test1,test2,0.00,1,1,jing3te6,,,,,0
488,hz784u1h,,1,63,63,terminate,Results,2021-01-13 12:26:31.849841+00:00,1,,,10.00,488,58,diverse,uni,32380,yes,2,-1,0,2,test1,test2,0.00,1,1,jing3te6,,,,,0
489,n5h09h1f,,1,63,63,terminate,Results,2021-01-13 12:26:31.873387+00:00,1,,,10.00,489,44,diverse,uni,36489,yes,5,2,2,-2,test1,test2,0.00,1,1,jing3te6,,,,,0
490,ggcykq4k,,1,63,63,terminate,Results,2021-01-13 12:26:31.899547+00:00,1,,,0.00,490,89,diverse,uni,62780,yes,1,0,-1,-1,test1,test2,0.00,1,1,jing3te6,,,,,0
491,26ggp0zq,,1,63,63,terminate,Results,2021-01-13 12:26:31.923240+00:00,1,,,0.00,491,39,diverse,uni,35819,yes,0,-2,2,-2,test1,test2,0.00,1,1,jing3te6,,,,,0
492,nvq68ini,,1,63,63,terminate,Results,2021-01-13 12:26:31.945997+00:00,1,,,0.00,492,56,diverse,uni,43234,yes,3,-2,0,0,test1,test2,0.00,1,1,jing3te6,,,,,0
493,t7ldgn4w,,1,63,63,terminate,Results,2021-01-13 12:26:31.968170+00:00,1,,,0.00,493,83,diverse,uni,48680,yes,4,2,-1,-2,test1,test2,0.00,1,1,jing3te6,,,,,0
494,zc9t4i4x,,1,63,63,terminate,Results,2021-01-13 12:26:31.990929+00:00,1,,,0.00,494,62,diverse,uni,31806,yes,3,0,1,0,test1,test2,0.00,1,1,jing3te6,,,,,0
495,m7x7bxro,,1,63,63,terminate,Results,2021-01-13 12:26:32.014161+00:00,1,,,10.00,495,29,diverse,uni,30917,yes,3,-2,-2,-1,test1,test2,0.00,1,1,jing3te6,,,,,0
496,jl6cze0g,,1,63,63,terminate,Results,2021-01-13 12:26:32.037157+00:00,1,,,10.00,496,53,diverse,uni,63971,yes,4,-1,0,0,test1,test2,0.00,1,1,jing3te6,,,,,0
497,t3p2bspm,,1,63,63,terminate,Results,2021-01-13 12:26:32.060423+00:00,1,,,0.00,497,51,diverse,uni,64308,yes,4,-1,0,0,test1,test2,0.00,1,1,jing3te6,,,,,0
498,2ylby3lr,,1,63,63,terminate,Results,2021-01-13 12:26:32.084061+00:00,1,,,0.00,498,35,diverse,uni,45475,yes,5,-1,2,2,test1,test2,0.00,1,1,jing3te6,,,,,0
499,z8hssya4,,1,63,63,terminate,Results,2021-01-13 12:26:32.107618+00:00,1,,,10.00,499,23,diverse,uni,67203,yes,1,-2,-2,1,test1,test2,0.00,1,1,jing3te6,,,,,0
500,dzxrdfxg,,1,63,63,terminate,Results,2021-01-13 12:26:32.129854+00:00,1,,,10.00,500,34,diverse,uni,51529,yes,4,1,-2,2,test1,test2,0.00,1,1,jing3te6,,,,,0
