session_code,participant_id_in_session,participant_code,page_index,app_name,page_name,epoch_time_completed,round_number,timeout_happened,is_wait_page
titj52gx,1,e37a3bkt,1,Intro,Intro_Welcome,1630568249,1,0,0
t2ciiflg,1,x2hj0svu,0,,InitializeParticipant,1630574447,1,0,0
t2ciiflg,1,x2hj0svu,1,Intro,Intro_Welcome,1630574451,1,0,0
t2ciiflg,2,xzepl0r7,0,,InitializeParticipant,1630580184,1,0,0
t2ciiflg,2,xzepl0r7,1,Intro,Intro_Welcome,1630580205,1,0,0
t2ciiflg,2,xzepl0r7,2,Intro,Intro_Instructions,1630580517,1,0,0
t2ciiflg,2,xzepl0r7,3,Baillon,Baillon_Decision,1630580571,1,0,0
t2ciiflg,2,xzepl0r7,4,Baillon,Baillon_Decision,1630580620,2,0,0
t2ciiflg,2,xzepl0r7,5,Baillon,Baillon_Decision,1630580713,3,0,0
t2ciiflg,3,lcsgtdi5,0,,InitializeParticipant,1630580763,1,0,0
t2ciiflg,3,lcsgtdi5,1,Intro,Intro_Welcome,1630580772,1,0,0
t2ciiflg,4,1o2bzoo4,0,,InitializeParticipant,1630581217,1,0,0
t2ciiflg,1,x2hj0svu,2,Intro,Intro_Instructions,1630581245,1,0,0
t2ciiflg,5,2hhyg71s,0,,InitializeParticipant,1630581258,1,0,0
t2ciiflg,4,1o2bzoo4,1,Intro,Intro_Welcome,1630581276,1,0,0
t2ciiflg,5,2hhyg71s,1,Intro,Intro_Welcome,1630581284,1,0,0
t2ciiflg,3,lcsgtdi5,2,Intro,Intro_Instructions,1630581577,1,0,0
t2ciiflg,3,lcsgtdi5,3,Baillon,Baillon_Decision,1630581718,1,0,0
t2ciiflg,3,lcsgtdi5,4,Baillon,Baillon_Decision,1630581736,2,0,0
t2ciiflg,6,a437aind,0,,InitializeParticipant,1630581738,1,0,0
t2ciiflg,3,lcsgtdi5,5,Baillon,Baillon_Decision,1630581745,3,0,0
t2ciiflg,6,a437aind,1,Intro,Intro_Welcome,1630581752,1,0,0
t2ciiflg,3,lcsgtdi5,6,Baillon,Baillon_Decision,1630581755,4,0,0
t2ciiflg,3,lcsgtdi5,7,Baillon,Baillon_Decision,1630581761,5,0,0
t2ciiflg,3,lcsgtdi5,8,Baillon,Baillon_Decision,1630581771,6,0,0
t2ciiflg,7,wgotr1hb,0,,InitializeParticipant,1630581813,1,0,0
t2ciiflg,3,lcsgtdi5,9,Baillon,Baillon_Decision,1630581828,7,0,0
t2ciiflg,7,wgotr1hb,1,Intro,Intro_Welcome,1630581835,1,0,0
t2ciiflg,3,lcsgtdi5,10,Baillon,Baillon_Decision,1630581835,8,0,0
t2ciiflg,3,lcsgtdi5,11,Baillon,Baillon_Decision,1630581841,9,0,0
t2ciiflg,3,lcsgtdi5,12,Baillon,Baillon_Decision,1630581850,10,0,0
t2ciiflg,3,lcsgtdi5,13,Baillon,Baillon_Decision,1630581858,11,0,0
t2ciiflg,3,lcsgtdi5,14,Baillon,Baillon_Decision,1630581865,12,0,0
t2ciiflg,3,lcsgtdi5,15,Outro,Outro_Risk,1630581880,1,0,0
t2ciiflg,3,lcsgtdi5,16,Outro,Domain_Questions_1,1630581889,1,0,0
t2ciiflg,3,lcsgtdi5,17,Outro,Domain_Questions_2,1630581907,1,0,0
t2ciiflg,8,qyi19xga,0,,InitializeParticipant,1630581921,1,0,0
t2ciiflg,3,lcsgtdi5,18,Outro,Demographic_Questions,1630581925,1,0,0
t2ciiflg,3,lcsgtdi5,19,Outro,CLICCS_Questions,1630581983,1,0,0
t2ciiflg,6,a437aind,2,Intro,Intro_Instructions,1630582023,1,0,0
t2ciiflg,7,wgotr1hb,2,Intro,Intro_Instructions,1630582072,1,0,0
t2ciiflg,9,apsm368s,0,,InitializeParticipant,1630582089,1,0,0
t2ciiflg,9,apsm368s,1,Intro,Intro_Welcome,1630582119,1,0,0
t2ciiflg,7,wgotr1hb,3,Baillon,Baillon_Decision,1630582119,1,0,0
t2ciiflg,6,a437aind,3,Baillon,Baillon_Decision,1630582133,1,0,0
t2ciiflg,7,wgotr1hb,4,Baillon,Baillon_Decision,1630582139,2,0,0
t2ciiflg,7,wgotr1hb,5,Baillon,Baillon_Decision,1630582159,3,0,0
t2ciiflg,6,a437aind,4,Baillon,Baillon_Decision,1630582168,2,0,0
t2ciiflg,7,wgotr1hb,6,Baillon,Baillon_Decision,1630582178,4,0,0
t2ciiflg,6,a437aind,5,Baillon,Baillon_Decision,1630582179,3,0,0
t2ciiflg,10,cgc168j2,0,,InitializeParticipant,1630582181,1,0,0
t2ciiflg,11,gn53o8io,0,,InitializeParticipant,1630582185,1,0,0
t2ciiflg,6,a437aind,6,Baillon,Baillon_Decision,1630582187,4,0,0
t2ciiflg,6,a437aind,7,Baillon,Baillon_Decision,1630582193,5,0,0
t2ciiflg,10,cgc168j2,1,Intro,Intro_Welcome,1630582195,1,0,0
t2ciiflg,11,gn53o8io,1,Intro,Intro_Welcome,1630582204,1,0,0
t2ciiflg,6,a437aind,8,Baillon,Baillon_Decision,1630582204,6,0,0
t2ciiflg,6,a437aind,9,Baillon,Baillon_Decision,1630582231,7,0,0
t2ciiflg,6,a437aind,10,Baillon,Baillon_Decision,1630582238,8,0,0
t2ciiflg,6,a437aind,11,Baillon,Baillon_Decision,1630582244,9,0,0
t2ciiflg,6,a437aind,12,Baillon,Baillon_Decision,1630582253,10,0,0
t2ciiflg,6,a437aind,13,Baillon,Baillon_Decision,1630582268,11,0,0
t2ciiflg,6,a437aind,14,Baillon,Baillon_Decision,1630582275,12,0,0
t2ciiflg,6,a437aind,15,Outro,Outro_Risk,1630582321,1,0,0
t2ciiflg,6,a437aind,16,Outro,Domain_Questions_1,1630582361,1,0,0
t2ciiflg,6,a437aind,17,Outro,Domain_Questions_2,1630582383,1,0,0
t2ciiflg,8,qyi19xga,1,Intro,Intro_Welcome,1630582399,1,0,0
t2ciiflg,6,a437aind,18,Outro,Demographic_Questions,1630582438,1,0,0
t2ciiflg,6,a437aind,19,Outro,CLICCS_Questions,1630582488,1,0,0
t2ciiflg,12,a0j9jcsg,0,,InitializeParticipant,1630582563,1,0,0
t2ciiflg,12,a0j9jcsg,1,Intro,Intro_Welcome,1630582586,1,0,0
t2ciiflg,12,a0j9jcsg,2,Intro,Intro_Instructions,1630583001,1,0,0
t2ciiflg,12,a0j9jcsg,3,Baillon,Baillon_Decision,1630583144,1,0,0
t2ciiflg,12,a0j9jcsg,4,Baillon,Baillon_Decision,1630583171,2,0,0
t2ciiflg,12,a0j9jcsg,5,Baillon,Baillon_Decision,1630583219,3,0,0
t2ciiflg,13,9rbskc87,0,,InitializeParticipant,1630583221,1,0,0
t2ciiflg,13,9rbskc87,1,Intro,Intro_Welcome,1630583230,1,0,0
t2ciiflg,12,a0j9jcsg,6,Baillon,Baillon_Decision,1630583242,4,0,0
t2ciiflg,12,a0j9jcsg,7,Baillon,Baillon_Decision,1630583269,5,0,0
t2ciiflg,12,a0j9jcsg,8,Baillon,Baillon_Decision,1630583282,6,0,0
t2ciiflg,12,a0j9jcsg,9,Baillon,Baillon_Decision,1630583339,7,0,0
t2ciiflg,12,a0j9jcsg,10,Baillon,Baillon_Decision,1630583368,8,0,0
t2ciiflg,12,a0j9jcsg,11,Baillon,Baillon_Decision,1630583395,9,0,0
t2ciiflg,12,a0j9jcsg,12,Baillon,Baillon_Decision,1630583418,10,0,0
t2ciiflg,12,a0j9jcsg,13,Baillon,Baillon_Decision,1630583444,11,0,0
t2ciiflg,13,9rbskc87,2,Intro,Intro_Instructions,1630583444,1,0,0
t2ciiflg,12,a0j9jcsg,14,Baillon,Baillon_Decision,1630583458,12,0,0
t2ciiflg,12,a0j9jcsg,15,Outro,Outro_Risk,1630583490,1,0,0
t2ciiflg,12,a0j9jcsg,16,Outro,Domain_Questions_1,1630583528,1,0,0
t2ciiflg,13,9rbskc87,3,Baillon,Baillon_Decision,1630583534,1,0,0
t2ciiflg,12,a0j9jcsg,17,Outro,Domain_Questions_2,1630583551,1,0,0
t2ciiflg,14,piotz3n7,0,,InitializeParticipant,1630583568,1,0,0
t2ciiflg,13,9rbskc87,4,Baillon,Baillon_Decision,1630583572,2,0,0
t2ciiflg,14,piotz3n7,1,Intro,Intro_Welcome,1630583584,1,0,0
t2ciiflg,12,a0j9jcsg,18,Outro,Demographic_Questions,1630583587,1,0,0
t2ciiflg,13,9rbskc87,5,Baillon,Baillon_Decision,1630583592,3,0,0
t2ciiflg,13,9rbskc87,6,Baillon,Baillon_Decision,1630583619,4,0,0
t2ciiflg,13,9rbskc87,7,Baillon,Baillon_Decision,1630583638,5,0,0
t2ciiflg,13,9rbskc87,8,Baillon,Baillon_Decision,1630583651,6,0,0
t2ciiflg,13,9rbskc87,9,Baillon,Baillon_Decision,1630583711,7,0,0
t2ciiflg,13,9rbskc87,10,Baillon,Baillon_Decision,1630583727,8,0,0
t2ciiflg,13,9rbskc87,11,Baillon,Baillon_Decision,1630583737,9,0,0
t2ciiflg,13,9rbskc87,12,Baillon,Baillon_Decision,1630583751,10,0,0
t2ciiflg,13,9rbskc87,13,Baillon,Baillon_Decision,1630583761,11,0,0
t2ciiflg,13,9rbskc87,14,Baillon,Baillon_Decision,1630583775,12,0,0
t2ciiflg,12,a0j9jcsg,19,Outro,CLICCS_Questions,1630583787,1,0,0
t2ciiflg,13,9rbskc87,15,Outro,Outro_Risk,1630583793,1,0,0
t2ciiflg,13,9rbskc87,16,Outro,Domain_Questions_1,1630583819,1,0,0
t2ciiflg,8,qyi19xga,2,Intro,Intro_Instructions,1630583820,1,0,0
t2ciiflg,14,piotz3n7,2,Intro,Intro_Instructions,1630583854,1,0,0
t2ciiflg,13,9rbskc87,17,Outro,Domain_Questions_2,1630583860,1,0,0
t2ciiflg,13,9rbskc87,18,Outro,Demographic_Questions,1630583892,1,0,0
t2ciiflg,14,piotz3n7,3,Baillon,Baillon_Decision,1630583896,1,0,0
t2ciiflg,14,piotz3n7,4,Baillon,Baillon_Decision,1630583937,2,0,0
t2ciiflg,14,piotz3n7,5,Baillon,Baillon_Decision,1630583956,3,0,0
t2ciiflg,13,9rbskc87,19,Outro,CLICCS_Questions,1630583964,1,0,0
t2ciiflg,14,piotz3n7,6,Baillon,Baillon_Decision,1630583976,4,0,0
t2ciiflg,14,piotz3n7,7,Baillon,Baillon_Decision,1630583990,5,0,0
t2ciiflg,14,piotz3n7,8,Baillon,Baillon_Decision,1630584003,6,0,0
t2ciiflg,14,piotz3n7,9,Baillon,Baillon_Decision,1630584031,7,0,0
t2ciiflg,14,piotz3n7,10,Baillon,Baillon_Decision,1630584039,8,0,0
t2ciiflg,14,piotz3n7,11,Baillon,Baillon_Decision,1630584049,9,0,0
t2ciiflg,14,piotz3n7,12,Baillon,Baillon_Decision,1630584059,10,0,0
t2ciiflg,14,piotz3n7,13,Baillon,Baillon_Decision,1630584069,11,0,0
t2ciiflg,14,piotz3n7,14,Baillon,Baillon_Decision,1630584078,12,0,0
t2ciiflg,14,piotz3n7,15,Outro,Outro_Risk,1630584098,1,0,0
t2ciiflg,14,piotz3n7,16,Outro,Domain_Questions_1,1630584116,1,0,0
t2ciiflg,14,piotz3n7,17,Outro,Domain_Questions_2,1630584131,1,0,0
t2ciiflg,14,piotz3n7,18,Outro,Demographic_Questions,1630584156,1,0,0
t2ciiflg,14,piotz3n7,19,Outro,CLICCS_Questions,1630584199,1,0,0
t2ciiflg,8,qyi19xga,3,Baillon,Baillon_Decision,1630584361,1,0,0
t2ciiflg,15,s16r77vx,0,,InitializeParticipant,1630584506,1,0,0
t2ciiflg,16,1zm0l62c,0,,InitializeParticipant,1630584511,1,0,0
t2ciiflg,16,1zm0l62c,1,Intro,Intro_Welcome,1630584535,1,0,0
t2ciiflg,15,s16r77vx,1,Intro,Intro_Welcome,1630584537,1,0,0
t2ciiflg,8,qyi19xga,4,Baillon,Baillon_Decision,1630584574,2,0,0
t2ciiflg,8,qyi19xga,5,Baillon,Baillon_Decision,1630584580,3,0,0
t2ciiflg,8,qyi19xga,6,Baillon,Baillon_Decision,1630584598,4,0,0
t2ciiflg,8,qyi19xga,7,Baillon,Baillon_Decision,1630584603,5,0,0
t2ciiflg,8,qyi19xga,8,Baillon,Baillon_Decision,1630584609,6,0,0
t2ciiflg,8,qyi19xga,9,Baillon,Baillon_Decision,1630584618,7,0,0
t2ciiflg,8,qyi19xga,10,Baillon,Baillon_Decision,1630584631,8,0,0
t2ciiflg,8,qyi19xga,11,Baillon,Baillon_Decision,1630584636,9,0,0
t2ciiflg,8,qyi19xga,12,Baillon,Baillon_Decision,1630584643,10,0,0
t2ciiflg,17,f5w30ubs,0,,InitializeParticipant,1630584755,1,0,0
t2ciiflg,17,f5w30ubs,1,Intro,Intro_Welcome,1630584763,1,0,0
t2ciiflg,8,qyi19xga,13,Baillon,Baillon_Decision,1630584787,11,0,0
t2ciiflg,8,qyi19xga,14,Baillon,Baillon_Decision,1630584831,12,0,0
t2ciiflg,8,qyi19xga,15,Outro,Outro_Risk,1630584853,1,0,0
t2ciiflg,8,qyi19xga,16,Outro,Domain_Questions_1,1630584954,1,0,0
t2ciiflg,8,qyi19xga,17,Outro,Domain_Questions_2,1630584965,1,0,0
t2ciiflg,8,qyi19xga,18,Outro,Demographic_Questions,1630584981,1,0,0
t2ciiflg,8,qyi19xga,19,Outro,CLICCS_Questions,1630585015,1,0,0
t2ciiflg,18,ma7vjtoe,0,,InitializeParticipant,1630585159,1,0,0
t2ciiflg,18,ma7vjtoe,1,Intro,Intro_Welcome,1630585164,1,0,0
t2ciiflg,15,s16r77vx,2,Intro,Intro_Instructions,1630585257,1,0,0
t2ciiflg,15,s16r77vx,3,Baillon,Baillon_Decision,1630585361,1,0,0
t2ciiflg,18,ma7vjtoe,2,Intro,Intro_Instructions,1630585416,1,0,0
t2ciiflg,15,s16r77vx,4,Baillon,Baillon_Decision,1630585443,2,0,0
t2ciiflg,15,s16r77vx,5,Baillon,Baillon_Decision,1630585509,3,0,0
t2ciiflg,15,s16r77vx,6,Baillon,Baillon_Decision,1630585543,4,0,0
t2ciiflg,15,s16r77vx,7,Baillon,Baillon_Decision,1630585577,5,0,0
t2ciiflg,15,s16r77vx,8,Baillon,Baillon_Decision,1630585607,6,0,0
t2ciiflg,15,s16r77vx,9,Baillon,Baillon_Decision,1630585720,7,0,0
t2ciiflg,15,s16r77vx,10,Baillon,Baillon_Decision,1630585745,8,0,0
t2ciiflg,15,s16r77vx,11,Baillon,Baillon_Decision,1630585758,9,0,0
t2ciiflg,15,s16r77vx,12,Baillon,Baillon_Decision,1630585783,10,0,0
t2ciiflg,15,s16r77vx,13,Baillon,Baillon_Decision,1630585810,11,0,0
t2ciiflg,15,s16r77vx,14,Baillon,Baillon_Decision,1630585840,12,0,0
t2ciiflg,15,s16r77vx,15,Outro,Outro_Risk,1630585881,1,0,0
t2ciiflg,15,s16r77vx,16,Outro,Domain_Questions_1,1630585933,1,0,0
t2ciiflg,15,s16r77vx,17,Outro,Domain_Questions_2,1630585977,1,0,0
t2ciiflg,19,kvawf4g1,0,,InitializeParticipant,1630586066,1,0,0
t2ciiflg,19,kvawf4g1,1,Intro,Intro_Welcome,1630586090,1,0,0
t2ciiflg,15,s16r77vx,18,Outro,Demographic_Questions,1630586135,1,0,0
t2ciiflg,15,s16r77vx,19,Outro,CLICCS_Questions,1630586201,1,0,0
t2ciiflg,20,30r4ewyt,0,,InitializeParticipant,1630586330,1,0,0
t2ciiflg,20,30r4ewyt,1,Intro,Intro_Welcome,1630586340,1,0,0
t2ciiflg,19,kvawf4g1,2,Intro,Intro_Instructions,1630586460,1,0,0
t2ciiflg,20,30r4ewyt,2,Intro,Intro_Instructions,1630586483,1,0,0
t2ciiflg,19,kvawf4g1,3,Baillon,Baillon_Decision,1630586522,1,0,0
t2ciiflg,19,kvawf4g1,4,Baillon,Baillon_Decision,1630586556,2,0,0
t2ciiflg,19,kvawf4g1,5,Baillon,Baillon_Decision,1630586573,3,0,0
t2ciiflg,19,kvawf4g1,6,Baillon,Baillon_Decision,1630586588,4,0,0
t2ciiflg,20,30r4ewyt,3,Baillon,Baillon_Decision,1630586598,1,0,0
t2ciiflg,19,kvawf4g1,7,Baillon,Baillon_Decision,1630586610,5,0,0
t2ciiflg,19,kvawf4g1,8,Baillon,Baillon_Decision,1630586635,6,0,0
t2ciiflg,20,30r4ewyt,4,Baillon,Baillon_Decision,1630586644,2,0,0
t2ciiflg,21,l4gcapmv,0,,InitializeParticipant,1630586688,1,0,0
t2ciiflg,20,30r4ewyt,5,Baillon,Baillon_Decision,1630586689,3,0,0
t2ciiflg,19,kvawf4g1,9,Baillon,Baillon_Decision,1630586703,7,0,0
t2ciiflg,20,30r4ewyt,6,Baillon,Baillon_Decision,1630586709,4,0,0
t2ciiflg,21,l4gcapmv,1,Intro,Intro_Welcome,1630586711,1,0,0
t2ciiflg,19,kvawf4g1,10,Baillon,Baillon_Decision,1630586718,8,0,0
t2ciiflg,20,30r4ewyt,7,Baillon,Baillon_Decision,1630586727,5,0,0
t2ciiflg,19,kvawf4g1,11,Baillon,Baillon_Decision,1630586737,9,0,0
t2ciiflg,20,30r4ewyt,8,Baillon,Baillon_Decision,1630586748,6,0,0
t2ciiflg,19,kvawf4g1,12,Baillon,Baillon_Decision,1630586753,10,0,0
t2ciiflg,19,kvawf4g1,13,Baillon,Baillon_Decision,1630586768,11,0,0
t2ciiflg,19,kvawf4g1,14,Baillon,Baillon_Decision,1630586789,12,0,0
t2ciiflg,22,9hhgc9nw,0,,InitializeParticipant,1630586791,1,0,0
t2ciiflg,20,30r4ewyt,9,Baillon,Baillon_Decision,1630586803,7,0,0
t2ciiflg,19,kvawf4g1,15,Outro,Outro_Risk,1630586812,1,0,0
t2ciiflg,22,9hhgc9nw,1,Intro,Intro_Welcome,1630586812,1,0,0
t2ciiflg,20,30r4ewyt,10,Baillon,Baillon_Decision,1630586818,8,0,0
t2ciiflg,19,kvawf4g1,16,Outro,Domain_Questions_1,1630586829,1,0,0
t2ciiflg,20,30r4ewyt,11,Baillon,Baillon_Decision,1630586834,9,0,0
t2ciiflg,20,30r4ewyt,12,Baillon,Baillon_Decision,1630586849,10,0,0
t2ciiflg,20,30r4ewyt,13,Baillon,Baillon_Decision,1630586865,11,0,0
t2ciiflg,19,kvawf4g1,17,Outro,Domain_Questions_2,1630586868,1,0,0
t2ciiflg,20,30r4ewyt,14,Baillon,Baillon_Decision,1630586889,12,0,0
t2ciiflg,19,kvawf4g1,18,Outro,Demographic_Questions,1630586901,1,0,0
t2ciiflg,20,30r4ewyt,15,Outro,Outro_Risk,1630586918,1,0,0
t2ciiflg,19,kvawf4g1,19,Outro,CLICCS_Questions,1630586940,1,0,0
t2ciiflg,20,30r4ewyt,16,Outro,Domain_Questions_1,1630586946,1,0,0
t2ciiflg,20,30r4ewyt,17,Outro,Domain_Questions_2,1630586969,1,0,0
t2ciiflg,23,ji26jnr1,0,,InitializeParticipant,1630587005,1,0,0
t2ciiflg,20,30r4ewyt,18,Outro,Demographic_Questions,1630587016,1,0,0
t2ciiflg,23,ji26jnr1,1,Intro,Intro_Welcome,1630587023,1,0,0
t2ciiflg,20,30r4ewyt,19,Outro,CLICCS_Questions,1630587038,1,0,0
t2ciiflg,23,ji26jnr1,2,Intro,Intro_Instructions,1630587154,1,0,0
t2ciiflg,22,9hhgc9nw,2,Intro,Intro_Instructions,1630587230,1,0,0
t2ciiflg,21,l4gcapmv,2,Intro,Intro_Instructions,1630587232,1,0,0
t2ciiflg,22,9hhgc9nw,3,Baillon,Baillon_Decision,1630587296,1,0,0
t2ciiflg,21,l4gcapmv,3,Baillon,Baillon_Decision,1630587308,1,0,0
t2ciiflg,22,9hhgc9nw,4,Baillon,Baillon_Decision,1630587324,2,0,0
t2ciiflg,21,l4gcapmv,4,Baillon,Baillon_Decision,1630587331,2,0,0
t2ciiflg,22,9hhgc9nw,5,Baillon,Baillon_Decision,1630587338,3,0,0
t2ciiflg,21,l4gcapmv,5,Baillon,Baillon_Decision,1630587342,3,0,0
t2ciiflg,21,l4gcapmv,6,Baillon,Baillon_Decision,1630587353,4,0,0
t2ciiflg,21,l4gcapmv,7,Baillon,Baillon_Decision,1630587368,5,0,0
t2ciiflg,22,9hhgc9nw,6,Baillon,Baillon_Decision,1630587371,4,0,0
t2ciiflg,21,l4gcapmv,8,Baillon,Baillon_Decision,1630587379,6,0,0
t2ciiflg,22,9hhgc9nw,7,Baillon,Baillon_Decision,1630587381,5,0,0
t2ciiflg,22,9hhgc9nw,8,Baillon,Baillon_Decision,1630587392,6,0,0
t2ciiflg,21,l4gcapmv,9,Baillon,Baillon_Decision,1630587402,7,0,0
t2ciiflg,21,l4gcapmv,10,Baillon,Baillon_Decision,1630587411,8,0,0
t2ciiflg,21,l4gcapmv,11,Baillon,Baillon_Decision,1630587420,9,0,0
t2ciiflg,21,l4gcapmv,12,Baillon,Baillon_Decision,1630587429,10,0,0
t2ciiflg,21,l4gcapmv,13,Baillon,Baillon_Decision,1630587439,11,0,0
t2ciiflg,21,l4gcapmv,14,Baillon,Baillon_Decision,1630587451,12,0,0
t2ciiflg,22,9hhgc9nw,9,Baillon,Baillon_Decision,1630587460,7,0,0
t2ciiflg,21,l4gcapmv,15,Outro,Outro_Risk,1630587470,1,0,0
t2ciiflg,22,9hhgc9nw,10,Baillon,Baillon_Decision,1630587475,8,0,0
t2ciiflg,22,9hhgc9nw,11,Baillon,Baillon_Decision,1630587497,9,0,0
t2ciiflg,21,l4gcapmv,16,Outro,Domain_Questions_1,1630587503,1,0,0
t2ciiflg,22,9hhgc9nw,12,Baillon,Baillon_Decision,1630587516,10,0,0
t2ciiflg,22,9hhgc9nw,13,Baillon,Baillon_Decision,1630587527,11,0,0
t2ciiflg,21,l4gcapmv,17,Outro,Domain_Questions_2,1630587534,1,0,0
t2ciiflg,22,9hhgc9nw,14,Baillon,Baillon_Decision,1630587538,12,0,0
t2ciiflg,22,9hhgc9nw,15,Outro,Outro_Risk,1630587556,1,0,0
t2ciiflg,21,l4gcapmv,18,Outro,Demographic_Questions,1630587573,1,0,0
t2ciiflg,22,9hhgc9nw,16,Outro,Domain_Questions_1,1630587577,1,0,0
t2ciiflg,22,9hhgc9nw,17,Outro,Domain_Questions_2,1630587589,1,0,0
t2ciiflg,22,9hhgc9nw,18,Outro,Demographic_Questions,1630587613,1,0,0
t2ciiflg,21,l4gcapmv,19,Outro,CLICCS_Questions,1630587634,1,0,0
t2ciiflg,22,9hhgc9nw,19,Outro,CLICCS_Questions,1630587664,1,0,0
t2ciiflg,24,lapgwwcp,0,,InitializeParticipant,1630588321,1,0,0
t2ciiflg,24,lapgwwcp,1,Intro,Intro_Welcome,1630588383,1,0,0
t2ciiflg,25,d7rhzwzb,0,,InitializeParticipant,1630588654,1,0,0
t2ciiflg,25,d7rhzwzb,1,Intro,Intro_Welcome,1630588812,1,0,0
t2ciiflg,26,e8vkvzmg,0,,InitializeParticipant,1630590044,1,0,0
t2ciiflg,26,e8vkvzmg,1,Intro,Intro_Welcome,1630590060,1,0,0
t2ciiflg,27,yqa8nxn6,0,,InitializeParticipant,1630590137,1,0,0
t2ciiflg,27,yqa8nxn6,1,Intro,Intro_Welcome,1630590154,1,0,0
t2ciiflg,27,yqa8nxn6,2,Intro,Intro_Instructions,1630590627,1,0,0
t2ciiflg,27,yqa8nxn6,3,Baillon,Baillon_Decision,1630590730,1,0,0
t2ciiflg,27,yqa8nxn6,4,Baillon,Baillon_Decision,1630590818,2,0,0
t2ciiflg,27,yqa8nxn6,5,Baillon,Baillon_Decision,1630590871,3,0,0
t2ciiflg,27,yqa8nxn6,6,Baillon,Baillon_Decision,1630590888,4,0,0
t2ciiflg,27,yqa8nxn6,7,Baillon,Baillon_Decision,1630590905,5,0,0
t2ciiflg,27,yqa8nxn6,8,Baillon,Baillon_Decision,1630590935,6,0,0
t2ciiflg,28,eebeernq,0,,InitializeParticipant,1630590936,1,0,0
t2ciiflg,28,eebeernq,1,Intro,Intro_Welcome,1630590950,1,0,0
t2ciiflg,29,c2pld8vv,0,,InitializeParticipant,1630591014,1,0,0
t2ciiflg,29,c2pld8vv,1,Intro,Intro_Welcome,1630591027,1,0,0
t2ciiflg,27,yqa8nxn6,9,Baillon,Baillon_Decision,1630591046,7,0,0
t2ciiflg,27,yqa8nxn6,10,Baillon,Baillon_Decision,1630591065,8,0,0
t2ciiflg,30,imcndecf,0,,InitializeParticipant,1630591076,1,0,0
t2ciiflg,30,imcndecf,1,Intro,Intro_Welcome,1630591096,1,0,0
t2ciiflg,27,yqa8nxn6,11,Baillon,Baillon_Decision,1630591110,9,0,0
t2ciiflg,27,yqa8nxn6,12,Baillon,Baillon_Decision,1630591122,10,0,0
t2ciiflg,27,yqa8nxn6,13,Baillon,Baillon_Decision,1630591133,11,0,0
t2ciiflg,27,yqa8nxn6,14,Baillon,Baillon_Decision,1630591144,12,0,0
t2ciiflg,27,yqa8nxn6,15,Outro,Outro_Risk,1630591180,1,0,0
t2ciiflg,27,yqa8nxn6,16,Outro,Domain_Questions_1,1630591205,1,0,0
t2ciiflg,27,yqa8nxn6,17,Outro,Domain_Questions_2,1630591228,1,0,0
t2ciiflg,31,jk31wqna,0,,InitializeParticipant,1630591233,1,0,0
t2ciiflg,32,dz615t4u,0,,InitializeParticipant,1630591244,1,0,0
t2ciiflg,31,jk31wqna,1,Intro,Intro_Welcome,1630591244,1,0,0
t2ciiflg,32,dz615t4u,1,Intro,Intro_Welcome,1630591265,1,0,0
t2ciiflg,27,yqa8nxn6,18,Outro,Demographic_Questions,1630591281,1,0,0
t2ciiflg,33,575hn2cz,0,,InitializeParticipant,1630591359,1,0,0
t2ciiflg,33,575hn2cz,1,Intro,Intro_Welcome,1630591370,1,0,0
t2ciiflg,27,yqa8nxn6,19,Outro,CLICCS_Questions,1630591400,1,0,0
t2ciiflg,28,eebeernq,2,Intro,Intro_Instructions,1630591405,1,0,0
t2ciiflg,34,0qhfj25l,0,,InitializeParticipant,1630591410,1,0,0
t2ciiflg,34,0qhfj25l,1,Intro,Intro_Welcome,1630591437,1,0,0
t2ciiflg,28,eebeernq,3,Baillon,Baillon_Decision,1630591459,1,0,0
t2ciiflg,28,eebeernq,4,Baillon,Baillon_Decision,1630591525,2,0,0
t2ciiflg,28,eebeernq,5,Baillon,Baillon_Decision,1630591555,3,0,0
t2ciiflg,28,eebeernq,6,Baillon,Baillon_Decision,1630591566,4,0,0
t2ciiflg,28,eebeernq,7,Baillon,Baillon_Decision,1630591577,5,0,0
t2ciiflg,28,eebeernq,8,Baillon,Baillon_Decision,1630591594,6,0,0
t2ciiflg,35,6939l7gr,0,,InitializeParticipant,1630591623,1,0,0
t2ciiflg,28,eebeernq,9,Baillon,Baillon_Decision,1630591648,7,0,0
t2ciiflg,32,dz615t4u,2,Intro,Intro_Instructions,1630591650,1,0,0
t2ciiflg,28,eebeernq,10,Baillon,Baillon_Decision,1630591675,8,0,0
t2ciiflg,28,eebeernq,11,Baillon,Baillon_Decision,1630591689,9,0,0
t2ciiflg,28,eebeernq,12,Baillon,Baillon_Decision,1630591714,10,0,0
t2ciiflg,32,dz615t4u,3,Baillon,Baillon_Decision,1630591719,1,0,0
t2ciiflg,28,eebeernq,13,Baillon,Baillon_Decision,1630591730,11,0,0
t2ciiflg,32,dz615t4u,4,Baillon,Baillon_Decision,1630591748,2,0,0
t2ciiflg,28,eebeernq,14,Baillon,Baillon_Decision,1630591758,12,0,0
t2ciiflg,32,dz615t4u,5,Baillon,Baillon_Decision,1630591759,3,0,0
t2ciiflg,28,eebeernq,15,Outro,Outro_Risk,1630591772,1,0,0
t2ciiflg,32,dz615t4u,6,Baillon,Baillon_Decision,1630591788,4,0,0
t2ciiflg,28,eebeernq,16,Outro,Domain_Questions_1,1630591790,1,0,0
t2ciiflg,32,dz615t4u,7,Baillon,Baillon_Decision,1630591800,5,0,0
t2ciiflg,28,eebeernq,17,Outro,Domain_Questions_2,1630591805,1,0,0
t2ciiflg,36,si24kljr,0,,InitializeParticipant,1630591812,1,0,0
t2ciiflg,32,dz615t4u,8,Baillon,Baillon_Decision,1630591814,6,0,0
t2ciiflg,36,si24kljr,1,Intro,Intro_Welcome,1630591842,1,0,0
t2ciiflg,32,dz615t4u,9,Baillon,Baillon_Decision,1630591854,7,0,0
t2ciiflg,32,dz615t4u,10,Baillon,Baillon_Decision,1630591863,8,0,0
t2ciiflg,28,eebeernq,18,Outro,Demographic_Questions,1630591864,1,0,0
t2ciiflg,32,dz615t4u,11,Baillon,Baillon_Decision,1630591869,9,0,0
t2ciiflg,32,dz615t4u,12,Baillon,Baillon_Decision,1630591878,10,0,0
t2ciiflg,32,dz615t4u,13,Baillon,Baillon_Decision,1630591894,11,0,0
t2ciiflg,28,eebeernq,19,Outro,CLICCS_Questions,1630591896,1,0,0
t2ciiflg,32,dz615t4u,14,Baillon,Baillon_Decision,1630591901,12,0,0
t2ciiflg,32,dz615t4u,15,Outro,Outro_Risk,1630591927,1,0,0
t2ciiflg,32,dz615t4u,16,Outro,Domain_Questions_1,1630591945,1,0,0
t2ciiflg,32,dz615t4u,17,Outro,Domain_Questions_2,1630591961,1,0,0
t2ciiflg,37,maf3445t,0,,InitializeParticipant,1630591978,1,0,0
t2ciiflg,32,dz615t4u,18,Outro,Demographic_Questions,1630591985,1,0,0
t2ciiflg,37,maf3445t,1,Intro,Intro_Welcome,1630592009,1,0,0
t2ciiflg,38,81ky35gi,0,,InitializeParticipant,1630592045,1,0,0
t2ciiflg,32,dz615t4u,19,Outro,CLICCS_Questions,1630592062,1,0,0
t2ciiflg,38,81ky35gi,1,Intro,Intro_Welcome,1630592070,1,0,0
t2ciiflg,34,0qhfj25l,2,Intro,Intro_Instructions,1630592138,1,0,0
t2ciiflg,34,0qhfj25l,3,Baillon,Baillon_Decision,1630592263,1,0,0
t2ciiflg,34,0qhfj25l,4,Baillon,Baillon_Decision,1630592284,2,0,0
t2ciiflg,34,0qhfj25l,5,Baillon,Baillon_Decision,1630592300,3,0,0
t2ciiflg,34,0qhfj25l,6,Baillon,Baillon_Decision,1630592326,4,0,0
t2ciiflg,34,0qhfj25l,7,Baillon,Baillon_Decision,1630592341,5,0,0
t2ciiflg,34,0qhfj25l,8,Baillon,Baillon_Decision,1630592364,6,0,0
t2ciiflg,39,4lty8bxo,0,,InitializeParticipant,1630592451,1,0,0
t2ciiflg,39,4lty8bxo,1,Intro,Intro_Welcome,1630592477,1,0,0
t2ciiflg,34,0qhfj25l,9,Baillon,Baillon_Decision,1630592496,7,0,0
t2ciiflg,34,0qhfj25l,10,Baillon,Baillon_Decision,1630592540,8,0,0
t2ciiflg,34,0qhfj25l,11,Baillon,Baillon_Decision,1630592578,9,0,0
t2ciiflg,34,0qhfj25l,12,Baillon,Baillon_Decision,1630592595,10,0,0
t2ciiflg,34,0qhfj25l,13,Baillon,Baillon_Decision,1630592613,11,0,0
t2ciiflg,34,0qhfj25l,14,Baillon,Baillon_Decision,1630592631,12,0,0
t2ciiflg,34,0qhfj25l,15,Outro,Outro_Risk,1630592660,1,0,0
t2ciiflg,34,0qhfj25l,16,Outro,Domain_Questions_1,1630592728,1,0,0
t2ciiflg,34,0qhfj25l,17,Outro,Domain_Questions_2,1630592778,1,0,0
t2ciiflg,34,0qhfj25l,18,Outro,Demographic_Questions,1630592815,1,0,0
t2ciiflg,40,9cgu57n5,0,,InitializeParticipant,1630592821,1,0,0
t2ciiflg,41,4ue35a5y,0,,InitializeParticipant,1630592825,1,0,0
t2ciiflg,40,9cgu57n5,1,Intro,Intro_Welcome,1630592839,1,0,0
t2ciiflg,41,4ue35a5y,1,Intro,Intro_Welcome,1630592860,1,0,0
t2ciiflg,42,pqprgi8m,0,,InitializeParticipant,1630592950,1,0,0
t2ciiflg,34,0qhfj25l,19,Outro,CLICCS_Questions,1630592958,1,0,0
t2ciiflg,42,pqprgi8m,1,Intro,Intro_Welcome,1630592970,1,0,0
t2ciiflg,43,ch340zom,0,,InitializeParticipant,1630593070,1,0,0
t2ciiflg,43,ch340zom,1,Intro,Intro_Welcome,1630593090,1,0,0
t2ciiflg,44,jl9jlpvk,0,,InitializeParticipant,1630593240,1,0,0
t2ciiflg,44,jl9jlpvk,1,Intro,Intro_Welcome,1630593256,1,0,0
t2ciiflg,37,maf3445t,2,Intro,Intro_Instructions,1630593314,1,0,0
t2ciiflg,45,pr0miatu,0,,InitializeParticipant,1630593335,1,0,0
t2ciiflg,45,pr0miatu,1,Intro,Intro_Welcome,1630593360,1,0,0
t2ciiflg,42,pqprgi8m,2,Intro,Intro_Instructions,1630593443,1,0,0
t2ciiflg,41,4ue35a5y,2,Intro,Intro_Instructions,1630593457,1,0,0
t2ciiflg,42,pqprgi8m,3,Baillon,Baillon_Decision,1630593504,1,0,0
t2ciiflg,42,pqprgi8m,4,Baillon,Baillon_Decision,1630593541,2,0,0
t2ciiflg,43,ch340zom,2,Intro,Intro_Instructions,1630593558,1,0,0
t2ciiflg,42,pqprgi8m,5,Baillon,Baillon_Decision,1630593573,3,0,0
t2ciiflg,42,pqprgi8m,6,Baillon,Baillon_Decision,1630593588,4,0,0
t2ciiflg,42,pqprgi8m,7,Baillon,Baillon_Decision,1630593612,5,0,0
t2ciiflg,42,pqprgi8m,8,Baillon,Baillon_Decision,1630593638,6,0,0
t2ciiflg,43,ch340zom,3,Baillon,Baillon_Decision,1630593639,1,0,0
t2ciiflg,43,ch340zom,4,Baillon,Baillon_Decision,1630593649,2,0,0
t2ciiflg,43,ch340zom,5,Baillon,Baillon_Decision,1630593660,3,0,0
t2ciiflg,43,ch340zom,6,Baillon,Baillon_Decision,1630593674,4,0,0
t2ciiflg,43,ch340zom,7,Baillon,Baillon_Decision,1630593681,5,0,0
t2ciiflg,43,ch340zom,8,Baillon,Baillon_Decision,1630593690,6,0,0
t2ciiflg,41,4ue35a5y,3,Baillon,Baillon_Decision,1630593704,1,0,0
t2ciiflg,42,pqprgi8m,9,Baillon,Baillon_Decision,1630593712,7,0,0
t2ciiflg,41,4ue35a5y,4,Baillon,Baillon_Decision,1630593726,2,0,0
t2ciiflg,42,pqprgi8m,10,Baillon,Baillon_Decision,1630593727,8,0,0
t2ciiflg,42,pqprgi8m,11,Baillon,Baillon_Decision,1630593741,9,0,0
t2ciiflg,43,ch340zom,9,Baillon,Baillon_Decision,1630593746,7,0,0
t2ciiflg,42,pqprgi8m,12,Baillon,Baillon_Decision,1630593752,10,0,0
t2ciiflg,43,ch340zom,10,Baillon,Baillon_Decision,1630593754,8,0,0
t2ciiflg,41,4ue35a5y,5,Baillon,Baillon_Decision,1630593758,3,0,0
t2ciiflg,42,pqprgi8m,13,Baillon,Baillon_Decision,1630593762,11,0,0
t2ciiflg,43,ch340zom,11,Baillon,Baillon_Decision,1630593764,9,0,0
t2ciiflg,46,25nxh2kx,0,,InitializeParticipant,1630593766,1,0,0
t2ciiflg,43,ch340zom,12,Baillon,Baillon_Decision,1630593771,10,0,0
t2ciiflg,41,4ue35a5y,6,Baillon,Baillon_Decision,1630593775,4,0,0
t2ciiflg,42,pqprgi8m,14,Baillon,Baillon_Decision,1630593779,12,0,0
t2ciiflg,43,ch340zom,13,Baillon,Baillon_Decision,1630593781,11,0,0
t2ciiflg,43,ch340zom,14,Baillon,Baillon_Decision,1630593787,12,0,0
t2ciiflg,41,4ue35a5y,7,Baillon,Baillon_Decision,1630593792,5,0,0
t2ciiflg,46,25nxh2kx,1,Intro,Intro_Welcome,1630593802,1,0,0
t2ciiflg,41,4ue35a5y,8,Baillon,Baillon_Decision,1630593810,6,0,0
t2ciiflg,42,pqprgi8m,15,Outro,Outro_Risk,1630593810,1,0,0
t2ciiflg,43,ch340zom,15,Outro,Outro_Risk,1630593815,1,0,0
t2ciiflg,47,ctmna1o6,0,,InitializeParticipant,1630593825,1,0,0
t2ciiflg,42,pqprgi8m,16,Outro,Domain_Questions_1,1630593838,1,0,0
t2ciiflg,43,ch340zom,16,Outro,Domain_Questions_1,1630593846,1,0,0
t2ciiflg,47,ctmna1o6,1,Intro,Intro_Welcome,1630593860,1,0,0
t2ciiflg,43,ch340zom,17,Outro,Domain_Questions_2,1630593865,1,0,0
t2ciiflg,42,pqprgi8m,17,Outro,Domain_Questions_2,1630593865,1,0,0
t2ciiflg,42,pqprgi8m,18,Outro,Demographic_Questions,1630593894,1,0,0
t2ciiflg,43,ch340zom,18,Outro,Demographic_Questions,1630593898,1,0,0
t2ciiflg,43,ch340zom,19,Outro,CLICCS_Questions,1630593944,1,0,0
t2ciiflg,37,maf3445t,3,Baillon,Baillon_Decision,1630593989,1,0,0
t2ciiflg,42,pqprgi8m,19,Outro,CLICCS_Questions,1630593991,1,0,0
t2ciiflg,44,jl9jlpvk,2,Intro,Intro_Instructions,1630594087,1,0,0
t2ciiflg,37,maf3445t,4,Baillon,Baillon_Decision,1630594116,2,0,0
t2ciiflg,44,jl9jlpvk,3,Baillon,Baillon_Decision,1630594157,1,0,0
t2ciiflg,37,maf3445t,5,Baillon,Baillon_Decision,1630594159,3,0,0
t2ciiflg,37,maf3445t,6,Baillon,Baillon_Decision,1630594203,4,0,0
t2ciiflg,44,jl9jlpvk,4,Baillon,Baillon_Decision,1630594209,2,0,0
t2ciiflg,44,jl9jlpvk,5,Baillon,Baillon_Decision,1630594258,3,0,0
t2ciiflg,37,maf3445t,7,Baillon,Baillon_Decision,1630594263,5,0,0
t2ciiflg,37,maf3445t,8,Baillon,Baillon_Decision,1630594287,6,0,0
t2ciiflg,44,jl9jlpvk,6,Baillon,Baillon_Decision,1630594306,4,0,0
t2ciiflg,44,jl9jlpvk,7,Baillon,Baillon_Decision,1630594333,5,0,0
t2ciiflg,37,maf3445t,9,Baillon,Baillon_Decision,1630594344,7,0,0
t2ciiflg,37,maf3445t,10,Baillon,Baillon_Decision,1630594366,8,0,0
t2ciiflg,44,jl9jlpvk,8,Baillon,Baillon_Decision,1630594371,6,0,0
t2ciiflg,37,maf3445t,11,Baillon,Baillon_Decision,1630594403,9,0,0
t2ciiflg,44,jl9jlpvk,9,Baillon,Baillon_Decision,1630594423,7,0,0
t2ciiflg,37,maf3445t,12,Baillon,Baillon_Decision,1630594442,10,0,0
t2ciiflg,48,67movls5,0,,InitializeParticipant,1630594449,1,0,0
t2ciiflg,44,jl9jlpvk,10,Baillon,Baillon_Decision,1630594455,8,0,0
t2ciiflg,37,maf3445t,13,Baillon,Baillon_Decision,1630594464,11,0,0
t2ciiflg,48,67movls5,1,Intro,Intro_Welcome,1630594478,1,0,0
t2ciiflg,44,jl9jlpvk,11,Baillon,Baillon_Decision,1630594480,9,0,0
t2ciiflg,37,maf3445t,14,Baillon,Baillon_Decision,1630594488,12,0,0
t2ciiflg,44,jl9jlpvk,12,Baillon,Baillon_Decision,1630594494,10,0,0
t2ciiflg,44,jl9jlpvk,13,Baillon,Baillon_Decision,1630594510,11,0,0
t2ciiflg,37,maf3445t,15,Outro,Outro_Risk,1630594524,1,0,0
t2ciiflg,44,jl9jlpvk,14,Baillon,Baillon_Decision,1630594525,12,0,0
t2ciiflg,37,maf3445t,16,Outro,Domain_Questions_1,1630594543,1,0,0
t2ciiflg,44,jl9jlpvk,15,Outro,Outro_Risk,1630594567,1,0,0
t2ciiflg,37,maf3445t,17,Outro,Domain_Questions_2,1630594571,1,0,0
t2ciiflg,44,jl9jlpvk,16,Outro,Domain_Questions_1,1630594620,1,0,0
t2ciiflg,37,maf3445t,18,Outro,Demographic_Questions,1630594624,1,0,0
t2ciiflg,44,jl9jlpvk,17,Outro,Domain_Questions_2,1630594645,1,0,0
t2ciiflg,44,jl9jlpvk,18,Outro,Demographic_Questions,1630594687,1,0,0
t2ciiflg,37,maf3445t,19,Outro,CLICCS_Questions,1630594731,1,0,0
t2ciiflg,49,c0d002em,0,,InitializeParticipant,1630594737,1,0,0
t2ciiflg,49,c0d002em,1,Intro,Intro_Welcome,1630594769,1,0,0
t2ciiflg,50,ga0bc480,0,,InitializeParticipant,1630594832,1,0,0
t2ciiflg,51,6bcvxs0l,0,,InitializeParticipant,1630594860,1,0,0
t2ciiflg,51,6bcvxs0l,1,Intro,Intro_Welcome,1630594877,1,0,0
t2ciiflg,44,jl9jlpvk,19,Outro,CLICCS_Questions,1630594956,1,0,0
t2ciiflg,40,9cgu57n5,2,Intro,Intro_Instructions,1630595007,1,0,0
t2ciiflg,40,9cgu57n5,3,Baillon,Baillon_Decision,1630595094,1,0,0
t2ciiflg,40,9cgu57n5,4,Baillon,Baillon_Decision,1630595117,2,0,0
t2ciiflg,49,c0d002em,2,Intro,Intro_Instructions,1630595139,1,0,0
t2ciiflg,40,9cgu57n5,5,Baillon,Baillon_Decision,1630595145,3,0,0
t2ciiflg,40,9cgu57n5,6,Baillon,Baillon_Decision,1630595164,4,0,0
t2ciiflg,40,9cgu57n5,7,Baillon,Baillon_Decision,1630595177,5,0,0
t2ciiflg,40,9cgu57n5,8,Baillon,Baillon_Decision,1630595199,6,0,0
t2ciiflg,49,c0d002em,3,Baillon,Baillon_Decision,1630595227,1,0,0
t2ciiflg,49,c0d002em,4,Baillon,Baillon_Decision,1630595266,2,0,0
t2ciiflg,40,9cgu57n5,9,Baillon,Baillon_Decision,1630595268,7,0,0
t2ciiflg,40,9cgu57n5,10,Baillon,Baillon_Decision,1630595282,8,0,0
t2ciiflg,49,c0d002em,5,Baillon,Baillon_Decision,1630595295,3,0,0
t2ciiflg,40,9cgu57n5,11,Baillon,Baillon_Decision,1630595299,9,0,0
t2ciiflg,49,c0d002em,6,Baillon,Baillon_Decision,1630595317,4,0,0
t2ciiflg,49,c0d002em,7,Baillon,Baillon_Decision,1630595328,5,0,0
t2ciiflg,40,9cgu57n5,12,Baillon,Baillon_Decision,1630595331,10,0,0
t2ciiflg,49,c0d002em,8,Baillon,Baillon_Decision,1630595345,6,0,0
t2ciiflg,40,9cgu57n5,13,Baillon,Baillon_Decision,1630595347,11,0,0
t2ciiflg,40,9cgu57n5,14,Baillon,Baillon_Decision,1630595369,12,0,0
t2ciiflg,49,c0d002em,9,Baillon,Baillon_Decision,1630595405,7,0,0
t2ciiflg,40,9cgu57n5,15,Outro,Outro_Risk,1630595412,1,0,0
t2ciiflg,49,c0d002em,10,Baillon,Baillon_Decision,1630595415,8,0,0
t2ciiflg,47,ctmna1o6,2,Intro,Intro_Instructions,1630595417,1,0,0
t2ciiflg,49,c0d002em,11,Baillon,Baillon_Decision,1630595422,9,0,0
t2ciiflg,49,c0d002em,12,Baillon,Baillon_Decision,1630595428,10,0,0
t2ciiflg,49,c0d002em,13,Baillon,Baillon_Decision,1630595436,11,0,0
t2ciiflg,40,9cgu57n5,16,Outro,Domain_Questions_1,1630595438,1,0,0
t2ciiflg,49,c0d002em,14,Baillon,Baillon_Decision,1630595444,12,0,0
t2ciiflg,52,eis82edk,0,,InitializeParticipant,1630595451,1,0,0
t2ciiflg,52,eis82edk,1,Intro,Intro_Welcome,1630595465,1,0,0
t2ciiflg,40,9cgu57n5,17,Outro,Domain_Questions_2,1630595468,1,0,0
t2ciiflg,49,c0d002em,15,Outro,Outro_Risk,1630595477,1,0,0
t2ciiflg,49,c0d002em,16,Outro,Domain_Questions_1,1630595499,1,0,0
t2ciiflg,40,9cgu57n5,18,Outro,Demographic_Questions,1630595504,1,0,0
t2ciiflg,49,c0d002em,17,Outro,Domain_Questions_2,1630595520,1,0,0
t2ciiflg,47,ctmna1o6,3,Baillon,Baillon_Decision,1630595524,1,0,0
t2ciiflg,40,9cgu57n5,19,Outro,CLICCS_Questions,1630595539,1,0,0
t2ciiflg,47,ctmna1o6,4,Baillon,Baillon_Decision,1630595540,2,0,0
t2ciiflg,47,ctmna1o6,5,Baillon,Baillon_Decision,1630595550,3,0,0
t2ciiflg,49,c0d002em,18,Outro,Demographic_Questions,1630595557,1,0,0
t2ciiflg,47,ctmna1o6,6,Baillon,Baillon_Decision,1630595564,4,0,0
t2ciiflg,53,o8qjg7ju,0,,InitializeParticipant,1630595581,1,0,0
t2ciiflg,47,ctmna1o6,7,Baillon,Baillon_Decision,1630595616,5,0,0
t2ciiflg,47,ctmna1o6,8,Baillon,Baillon_Decision,1630595637,6,0,0
t2ciiflg,51,6bcvxs0l,2,Intro,Intro_Instructions,1630595693,1,0,0
t2ciiflg,53,o8qjg7ju,1,Intro,Intro_Welcome,1630595698,1,0,0
t2ciiflg,49,c0d002em,19,Outro,CLICCS_Questions,1630595701,1,0,0
t2ciiflg,54,tjx80i0q,0,,InitializeParticipant,1630595799,1,0,0
t2ciiflg,47,ctmna1o6,9,Baillon,Baillon_Decision,1630595805,7,0,0
t2ciiflg,47,ctmna1o6,10,Baillon,Baillon_Decision,1630595818,8,0,0
t2ciiflg,47,ctmna1o6,11,Baillon,Baillon_Decision,1630595828,9,0,0
t2ciiflg,47,ctmna1o6,12,Baillon,Baillon_Decision,1630595841,10,0,0
t2ciiflg,54,tjx80i0q,1,Intro,Intro_Welcome,1630595847,1,0,0
t2ciiflg,47,ctmna1o6,13,Baillon,Baillon_Decision,1630595850,11,0,0
t2ciiflg,47,ctmna1o6,14,Baillon,Baillon_Decision,1630595862,12,0,0
t2ciiflg,51,6bcvxs0l,3,Baillon,Baillon_Decision,1630595870,1,0,0
t2ciiflg,52,eis82edk,2,Intro,Intro_Instructions,1630595931,1,0,0
t2ciiflg,54,tjx80i0q,2,Intro,Intro_Instructions,1630595935,1,0,0
t2ciiflg,51,6bcvxs0l,4,Baillon,Baillon_Decision,1630595959,2,0,0
t2ciiflg,51,6bcvxs0l,5,Baillon,Baillon_Decision,1630596000,3,0,0
t2ciiflg,54,tjx80i0q,3,Baillon,Baillon_Decision,1630596004,1,0,0
t2ciiflg,47,ctmna1o6,15,Outro,Outro_Risk,1630596010,1,0,0
t2ciiflg,51,6bcvxs0l,6,Baillon,Baillon_Decision,1630596012,4,0,0
t2ciiflg,52,eis82edk,3,Baillon,Baillon_Decision,1630596016,1,0,0
t2ciiflg,54,tjx80i0q,4,Baillon,Baillon_Decision,1630596023,2,0,0
t2ciiflg,54,tjx80i0q,5,Baillon,Baillon_Decision,1630596029,3,0,0
t2ciiflg,54,tjx80i0q,6,Baillon,Baillon_Decision,1630596038,4,0,0
t2ciiflg,55,2njfkx1a,0,,InitializeParticipant,1630596046,1,0,0
t2ciiflg,54,tjx80i0q,7,Baillon,Baillon_Decision,1630596047,5,0,0
t2ciiflg,52,eis82edk,4,Baillon,Baillon_Decision,1630596053,2,0,0
t2ciiflg,54,tjx80i0q,8,Baillon,Baillon_Decision,1630596053,6,0,0
t2ciiflg,55,2njfkx1a,1,Intro,Intro_Welcome,1630596066,1,0,0
t2ciiflg,47,ctmna1o6,16,Outro,Domain_Questions_1,1630596073,1,0,0
t2ciiflg,51,6bcvxs0l,7,Baillon,Baillon_Decision,1630596078,5,0,0
t2ciiflg,52,eis82edk,5,Baillon,Baillon_Decision,1630596078,3,0,0
t2ciiflg,54,tjx80i0q,9,Baillon,Baillon_Decision,1630596080,7,0,0
t2ciiflg,54,tjx80i0q,10,Baillon,Baillon_Decision,1630596085,8,0,0
t2ciiflg,54,tjx80i0q,11,Baillon,Baillon_Decision,1630596090,9,0,0
t2ciiflg,52,eis82edk,6,Baillon,Baillon_Decision,1630596090,4,0,0
t2ciiflg,51,6bcvxs0l,8,Baillon,Baillon_Decision,1630596092,6,0,0
t2ciiflg,54,tjx80i0q,12,Baillon,Baillon_Decision,1630596095,10,0,0
t2ciiflg,54,tjx80i0q,13,Baillon,Baillon_Decision,1630596100,11,0,0
t2ciiflg,54,tjx80i0q,14,Baillon,Baillon_Decision,1630596105,12,0,0
t2ciiflg,47,ctmna1o6,17,Outro,Domain_Questions_2,1630596106,1,0,0
t2ciiflg,54,tjx80i0q,15,Outro,Outro_Risk,1630596128,1,0,0
t2ciiflg,51,6bcvxs0l,9,Baillon,Baillon_Decision,1630596134,7,0,0
t2ciiflg,54,tjx80i0q,16,Outro,Domain_Questions_1,1630596139,1,0,0
t2ciiflg,52,eis82edk,7,Baillon,Baillon_Decision,1630596144,5,0,0
t2ciiflg,51,6bcvxs0l,10,Baillon,Baillon_Decision,1630596147,8,0,0
t2ciiflg,54,tjx80i0q,17,Outro,Domain_Questions_2,1630596152,1,0,0
t2ciiflg,52,eis82edk,8,Baillon,Baillon_Decision,1630596159,6,0,0
t2ciiflg,51,6bcvxs0l,11,Baillon,Baillon_Decision,1630596165,9,0,0
t2ciiflg,54,tjx80i0q,18,Outro,Demographic_Questions,1630596172,1,0,0
t2ciiflg,56,c6xg8g3x,0,,InitializeParticipant,1630596180,1,0,0
t2ciiflg,51,6bcvxs0l,12,Baillon,Baillon_Decision,1630596184,10,0,0
t2ciiflg,56,c6xg8g3x,1,Intro,Intro_Welcome,1630596194,1,0,0
t2ciiflg,51,6bcvxs0l,13,Baillon,Baillon_Decision,1630596196,11,0,0
t2ciiflg,54,tjx80i0q,19,Outro,CLICCS_Questions,1630596199,1,0,0
t2ciiflg,51,6bcvxs0l,14,Baillon,Baillon_Decision,1630596208,12,0,0
t2ciiflg,57,6gn6w8rr,0,,InitializeParticipant,1630596209,1,0,0
t2ciiflg,47,ctmna1o6,18,Outro,Demographic_Questions,1630596216,1,0,0
t2ciiflg,51,6bcvxs0l,15,Outro,Outro_Risk,1630596232,1,0,0
t2ciiflg,52,eis82edk,9,Baillon,Baillon_Decision,1630596242,7,0,0
t2ciiflg,58,2x7x7k17,0,,InitializeParticipant,1630596247,1,0,0
t2ciiflg,51,6bcvxs0l,16,Outro,Domain_Questions_1,1630596262,1,0,0
t2ciiflg,58,2x7x7k17,1,Intro,Intro_Welcome,1630596285,1,0,0
t2ciiflg,47,ctmna1o6,19,Outro,CLICCS_Questions,1630596287,1,0,0
t2ciiflg,52,eis82edk,10,Baillon,Baillon_Decision,1630596298,8,0,0
t2ciiflg,51,6bcvxs0l,17,Outro,Domain_Questions_2,1630596301,1,0,0
t2ciiflg,51,6bcvxs0l,18,Outro,Demographic_Questions,1630596335,1,0,0
t2ciiflg,52,eis82edk,11,Baillon,Baillon_Decision,1630596336,9,0,0
t2ciiflg,57,6gn6w8rr,1,Intro,Intro_Welcome,1630596354,1,0,0
t2ciiflg,52,eis82edk,12,Baillon,Baillon_Decision,1630596373,10,0,0
t2ciiflg,59,9mq8fehn,0,,InitializeParticipant,1630596373,1,0,0
t2ciiflg,52,eis82edk,13,Baillon,Baillon_Decision,1630596396,11,0,0
t2ciiflg,59,9mq8fehn,1,Intro,Intro_Welcome,1630596401,1,0,0
t2ciiflg,52,eis82edk,14,Baillon,Baillon_Decision,1630596408,12,0,0
t2ciiflg,52,eis82edk,15,Outro,Outro_Risk,1630596437,1,0,0
t2ciiflg,52,eis82edk,16,Outro,Domain_Questions_1,1630596467,1,0,0
t2ciiflg,52,eis82edk,17,Outro,Domain_Questions_2,1630596481,1,0,0
t2ciiflg,52,eis82edk,18,Outro,Demographic_Questions,1630596503,1,0,0
t2ciiflg,51,6bcvxs0l,19,Outro,CLICCS_Questions,1630596524,1,0,0
t2ciiflg,56,c6xg8g3x,2,Intro,Intro_Instructions,1630596557,1,0,0
t2ciiflg,52,eis82edk,19,Outro,CLICCS_Questions,1630596580,1,0,0
t2ciiflg,56,c6xg8g3x,3,Baillon,Baillon_Decision,1630596586,1,0,0
t2ciiflg,56,c6xg8g3x,4,Baillon,Baillon_Decision,1630596609,2,0,0
t2ciiflg,56,c6xg8g3x,5,Baillon,Baillon_Decision,1630596624,3,0,0
t2ciiflg,60,ama0hetc,0,,InitializeParticipant,1630596632,1,0,0
t2ciiflg,56,c6xg8g3x,6,Baillon,Baillon_Decision,1630596642,4,0,0
t2ciiflg,60,ama0hetc,1,Intro,Intro_Welcome,1630596649,1,0,0
t2ciiflg,56,c6xg8g3x,7,Baillon,Baillon_Decision,1630596666,5,0,0
t2ciiflg,56,c6xg8g3x,8,Baillon,Baillon_Decision,1630596684,6,0,0
t2ciiflg,56,c6xg8g3x,9,Baillon,Baillon_Decision,1630596707,7,0,0
t2ciiflg,58,2x7x7k17,2,Intro,Intro_Instructions,1630596713,1,0,0
t2ciiflg,56,c6xg8g3x,10,Baillon,Baillon_Decision,1630596720,8,0,0
t2ciiflg,56,c6xg8g3x,11,Baillon,Baillon_Decision,1630596742,9,0,0
t2ciiflg,56,c6xg8g3x,12,Baillon,Baillon_Decision,1630596760,10,0,0
t2ciiflg,56,c6xg8g3x,13,Baillon,Baillon_Decision,1630596768,11,0,0
t2ciiflg,56,c6xg8g3x,14,Baillon,Baillon_Decision,1630596775,12,0,0
t2ciiflg,56,c6xg8g3x,15,Outro,Outro_Risk,1630596789,1,0,0
t2ciiflg,56,c6xg8g3x,16,Outro,Domain_Questions_1,1630596801,1,0,0
t2ciiflg,58,2x7x7k17,3,Baillon,Baillon_Decision,1630596807,1,0,0
t2ciiflg,56,c6xg8g3x,17,Outro,Domain_Questions_2,1630596811,1,0,0
t2ciiflg,56,c6xg8g3x,18,Outro,Demographic_Questions,1630596842,1,0,0
t2ciiflg,58,2x7x7k17,4,Baillon,Baillon_Decision,1630596865,2,0,0
t2ciiflg,56,c6xg8g3x,19,Outro,CLICCS_Questions,1630596865,1,0,0
t2ciiflg,59,9mq8fehn,2,Intro,Intro_Instructions,1630596868,1,0,0
t2ciiflg,58,2x7x7k17,5,Baillon,Baillon_Decision,1630596935,3,0,0
t2ciiflg,59,9mq8fehn,3,Baillon,Baillon_Decision,1630596937,1,0,0
t2ciiflg,59,9mq8fehn,4,Baillon,Baillon_Decision,1630596962,2,0,0
t2ciiflg,59,9mq8fehn,5,Baillon,Baillon_Decision,1630596981,3,0,0
t2ciiflg,59,9mq8fehn,6,Baillon,Baillon_Decision,1630596996,4,0,0
t2ciiflg,59,9mq8fehn,7,Baillon,Baillon_Decision,1630597011,5,0,0
t2ciiflg,61,sza2vc8n,0,,InitializeParticipant,1630597015,1,0,0
t2ciiflg,58,2x7x7k17,6,Baillon,Baillon_Decision,1630597016,4,0,0
t2ciiflg,59,9mq8fehn,8,Baillon,Baillon_Decision,1630597031,6,0,0
t2ciiflg,61,sza2vc8n,1,Intro,Intro_Welcome,1630597038,1,0,0
t2ciiflg,58,2x7x7k17,7,Baillon,Baillon_Decision,1630597050,5,0,0
t2ciiflg,59,9mq8fehn,9,Baillon,Baillon_Decision,1630597076,7,0,0
t2ciiflg,59,9mq8fehn,10,Baillon,Baillon_Decision,1630597093,8,0,0
t2ciiflg,57,6gn6w8rr,2,Intro,Intro_Instructions,1630597105,1,0,0
t2ciiflg,59,9mq8fehn,11,Baillon,Baillon_Decision,1630597106,9,0,0
t2ciiflg,59,9mq8fehn,12,Baillon,Baillon_Decision,1630597115,10,0,0
t2ciiflg,59,9mq8fehn,13,Baillon,Baillon_Decision,1630597121,11,0,0
t2ciiflg,58,2x7x7k17,8,Baillon,Baillon_Decision,1630597129,6,0,0
t2ciiflg,59,9mq8fehn,14,Baillon,Baillon_Decision,1630597130,12,0,0
t2ciiflg,59,9mq8fehn,15,Outro,Outro_Risk,1630597150,1,0,0
t2ciiflg,57,6gn6w8rr,3,Baillon,Baillon_Decision,1630597169,1,0,0
t2ciiflg,59,9mq8fehn,16,Outro,Domain_Questions_1,1630597170,1,0,0
t2ciiflg,58,2x7x7k17,9,Baillon,Baillon_Decision,1630597190,7,0,0
t2ciiflg,59,9mq8fehn,17,Outro,Domain_Questions_2,1630597193,1,0,0
t2ciiflg,58,2x7x7k17,10,Baillon,Baillon_Decision,1630597207,8,0,0
t2ciiflg,57,6gn6w8rr,4,Baillon,Baillon_Decision,1630597212,2,0,0
t2ciiflg,58,2x7x7k17,11,Baillon,Baillon_Decision,1630597224,9,0,0
t2ciiflg,59,9mq8fehn,18,Outro,Demographic_Questions,1630597229,1,0,0
t2ciiflg,57,6gn6w8rr,5,Baillon,Baillon_Decision,1630597231,3,0,0
t2ciiflg,59,9mq8fehn,19,Outro,CLICCS_Questions,1630597244,1,0,0
t2ciiflg,57,6gn6w8rr,6,Baillon,Baillon_Decision,1630597248,4,0,0
t2ciiflg,57,6gn6w8rr,7,Baillon,Baillon_Decision,1630597260,5,0,0
t2ciiflg,58,2x7x7k17,12,Baillon,Baillon_Decision,1630597266,10,0,0
t2ciiflg,57,6gn6w8rr,8,Baillon,Baillon_Decision,1630597269,6,0,0
t2ciiflg,58,2x7x7k17,13,Baillon,Baillon_Decision,1630597293,11,0,0
t2ciiflg,57,6gn6w8rr,9,Baillon,Baillon_Decision,1630597315,7,0,0
t2ciiflg,58,2x7x7k17,14,Baillon,Baillon_Decision,1630597321,12,0,0
t2ciiflg,57,6gn6w8rr,10,Baillon,Baillon_Decision,1630597322,8,0,0
t2ciiflg,57,6gn6w8rr,11,Baillon,Baillon_Decision,1630597328,9,0,0
t2ciiflg,57,6gn6w8rr,12,Baillon,Baillon_Decision,1630597340,10,0,0
t2ciiflg,57,6gn6w8rr,13,Baillon,Baillon_Decision,1630597351,11,0,0
t2ciiflg,58,2x7x7k17,15,Outro,Outro_Risk,1630597356,1,0,0
t2ciiflg,57,6gn6w8rr,14,Baillon,Baillon_Decision,1630597369,12,0,0
t2ciiflg,57,6gn6w8rr,15,Outro,Outro_Risk,1630597401,1,0,0
t2ciiflg,58,2x7x7k17,16,Outro,Domain_Questions_1,1630597415,1,0,0
t2ciiflg,57,6gn6w8rr,16,Outro,Domain_Questions_1,1630597426,1,0,0
t2ciiflg,58,2x7x7k17,17,Outro,Domain_Questions_2,1630597450,1,0,0
t2ciiflg,57,6gn6w8rr,17,Outro,Domain_Questions_2,1630597543,1,0,0
t2ciiflg,58,2x7x7k17,18,Outro,Demographic_Questions,1630597549,1,0,0
t2ciiflg,57,6gn6w8rr,18,Outro,Demographic_Questions,1630597616,1,0,0
t2ciiflg,58,2x7x7k17,19,Outro,CLICCS_Questions,1630597688,1,0,0
t2ciiflg,57,6gn6w8rr,19,Outro,CLICCS_Questions,1630597703,1,0,0
t2ciiflg,62,n9zmsr80,0,,InitializeParticipant,1630598216,1,0,0
t2ciiflg,62,n9zmsr80,1,Intro,Intro_Welcome,1630598277,1,0,0
t2ciiflg,63,bu8vulhk,0,,InitializeParticipant,1630598347,1,0,0
t2ciiflg,63,bu8vulhk,1,Intro,Intro_Welcome,1630598379,1,0,0
t2ciiflg,64,x1p0p8al,0,,InitializeParticipant,1630598448,1,0,0
t2ciiflg,64,x1p0p8al,1,Intro,Intro_Welcome,1630598472,1,0,0
t2ciiflg,65,i9sfnh6l,0,,InitializeParticipant,1630598547,1,0,0
t2ciiflg,65,i9sfnh6l,1,Intro,Intro_Welcome,1630598557,1,0,0
t2ciiflg,63,bu8vulhk,2,Intro,Intro_Instructions,1630598627,1,0,0
t2ciiflg,63,bu8vulhk,3,Baillon,Baillon_Decision,1630598733,1,0,0
t2ciiflg,66,q64uh9w4,0,,InitializeParticipant,1630598741,1,0,0
t2ciiflg,66,q64uh9w4,1,Intro,Intro_Welcome,1630598757,1,0,0
t2ciiflg,63,bu8vulhk,4,Baillon,Baillon_Decision,1630598776,2,0,0
t2ciiflg,63,bu8vulhk,5,Baillon,Baillon_Decision,1630598812,3,0,0
t2ciiflg,63,bu8vulhk,6,Baillon,Baillon_Decision,1630598829,4,0,0
t2ciiflg,63,bu8vulhk,7,Baillon,Baillon_Decision,1630598846,5,0,0
t2ciiflg,63,bu8vulhk,8,Baillon,Baillon_Decision,1630598866,6,0,0
t2ciiflg,63,bu8vulhk,9,Baillon,Baillon_Decision,1630598903,7,0,0
t2ciiflg,63,bu8vulhk,10,Baillon,Baillon_Decision,1630598919,8,0,0
t2ciiflg,64,x1p0p8al,2,Intro,Intro_Instructions,1630598926,1,0,0
t2ciiflg,63,bu8vulhk,11,Baillon,Baillon_Decision,1630598930,9,0,0
t2ciiflg,63,bu8vulhk,12,Baillon,Baillon_Decision,1630598944,10,0,0
t2ciiflg,63,bu8vulhk,13,Baillon,Baillon_Decision,1630598956,11,0,0
t2ciiflg,63,bu8vulhk,14,Baillon,Baillon_Decision,1630598964,12,0,0
t2ciiflg,63,bu8vulhk,15,Outro,Outro_Risk,1630598993,1,0,0
t2ciiflg,63,bu8vulhk,16,Outro,Domain_Questions_1,1630599033,1,0,0
t2ciiflg,64,x1p0p8al,3,Baillon,Baillon_Decision,1630599047,1,0,0
t2ciiflg,63,bu8vulhk,17,Outro,Domain_Questions_2,1630599054,1,0,0
t2ciiflg,64,x1p0p8al,4,Baillon,Baillon_Decision,1630599082,2,0,0
t2ciiflg,64,x1p0p8al,5,Baillon,Baillon_Decision,1630599093,3,0,0
t2ciiflg,64,x1p0p8al,6,Baillon,Baillon_Decision,1630599100,4,0,0
t2ciiflg,64,x1p0p8al,7,Baillon,Baillon_Decision,1630599107,5,0,0
t2ciiflg,63,bu8vulhk,18,Outro,Demographic_Questions,1630599111,1,0,0
t2ciiflg,64,x1p0p8al,8,Baillon,Baillon_Decision,1630599115,6,0,0
t2ciiflg,67,u70vhzm6,0,,InitializeParticipant,1630599129,1,0,0
t2ciiflg,67,u70vhzm6,1,Intro,Intro_Welcome,1630599142,1,0,0
t2ciiflg,63,bu8vulhk,19,Outro,CLICCS_Questions,1630599156,1,0,0
t2ciiflg,64,x1p0p8al,9,Baillon,Baillon_Decision,1630599171,7,0,0
t2ciiflg,64,x1p0p8al,10,Baillon,Baillon_Decision,1630599178,8,0,0
t2ciiflg,64,x1p0p8al,11,Baillon,Baillon_Decision,1630599184,9,0,0
t2ciiflg,64,x1p0p8al,12,Baillon,Baillon_Decision,1630599190,10,0,0
t2ciiflg,64,x1p0p8al,13,Baillon,Baillon_Decision,1630599197,11,0,0
t2ciiflg,64,x1p0p8al,14,Baillon,Baillon_Decision,1630599203,12,0,0
t2ciiflg,64,x1p0p8al,15,Outro,Outro_Risk,1630599244,1,0,0
t2ciiflg,68,bkl0bb7t,0,,InitializeParticipant,1630599268,1,0,0
t2ciiflg,68,bkl0bb7t,1,Intro,Intro_Welcome,1630599291,1,0,0
t2ciiflg,64,x1p0p8al,16,Outro,Domain_Questions_1,1630599296,1,0,0
t2ciiflg,64,x1p0p8al,17,Outro,Domain_Questions_2,1630599340,1,0,0
t2ciiflg,64,x1p0p8al,18,Outro,Demographic_Questions,1630599377,1,0,0
t2ciiflg,64,x1p0p8al,19,Outro,CLICCS_Questions,1630599408,1,0,0
t2ciiflg,69,s8olu9n3,0,,InitializeParticipant,1630599530,1,0,0
t2ciiflg,69,s8olu9n3,1,Intro,Intro_Welcome,1630599542,1,0,0
t2ciiflg,67,u70vhzm6,2,Intro,Intro_Instructions,1630599593,1,0,0
t2ciiflg,67,u70vhzm6,3,Baillon,Baillon_Decision,1630599650,1,0,0
t2ciiflg,67,u70vhzm6,4,Baillon,Baillon_Decision,1630599674,2,0,0
t2ciiflg,67,u70vhzm6,5,Baillon,Baillon_Decision,1630599697,3,0,0
t2ciiflg,70,tzk9w0gy,0,,InitializeParticipant,1630599709,1,0,0
t2ciiflg,70,tzk9w0gy,1,Intro,Intro_Welcome,1630599713,1,0,0
t2ciiflg,67,u70vhzm6,6,Baillon,Baillon_Decision,1630599724,4,0,0
t2ciiflg,67,u70vhzm6,7,Baillon,Baillon_Decision,1630599738,5,0,0
t2ciiflg,67,u70vhzm6,8,Baillon,Baillon_Decision,1630599754,6,0,0
t2ciiflg,67,u70vhzm6,9,Baillon,Baillon_Decision,1630599798,7,0,0
t2ciiflg,67,u70vhzm6,10,Baillon,Baillon_Decision,1630599807,8,0,0
t2ciiflg,71,rakxqz4m,0,,InitializeParticipant,1630599882,1,0,0
t2ciiflg,71,rakxqz4m,1,Intro,Intro_Welcome,1630599896,1,0,0
t2ciiflg,67,u70vhzm6,11,Baillon,Baillon_Decision,1630599909,9,0,0
t2ciiflg,67,u70vhzm6,12,Baillon,Baillon_Decision,1630599959,10,0,0
t2ciiflg,67,u70vhzm6,13,Baillon,Baillon_Decision,1630599973,11,0,0
t2ciiflg,67,u70vhzm6,14,Baillon,Baillon_Decision,1630599982,12,0,0
t2ciiflg,72,ofy6wrkl,0,,InitializeParticipant,1630599988,1,0,0
t2ciiflg,72,ofy6wrkl,1,Intro,Intro_Welcome,1630599997,1,0,0
t2ciiflg,67,u70vhzm6,15,Outro,Outro_Risk,1630599999,1,0,0
t2ciiflg,67,u70vhzm6,16,Outro,Domain_Questions_1,1630600021,1,0,0
t2ciiflg,67,u70vhzm6,17,Outro,Domain_Questions_2,1630600046,1,0,0
t2ciiflg,69,s8olu9n3,2,Intro,Intro_Instructions,1630600049,1,0,0
t2ciiflg,70,tzk9w0gy,2,Intro,Intro_Instructions,1630600056,1,0,0
t2ciiflg,67,u70vhzm6,18,Outro,Demographic_Questions,1630600084,1,0,0
t2ciiflg,73,9w3eldez,0,,InitializeParticipant,1630600102,1,0,0
t2ciiflg,70,tzk9w0gy,3,Baillon,Baillon_Decision,1630600110,1,0,0
t2ciiflg,73,9w3eldez,1,Intro,Intro_Welcome,1630600111,1,0,0
t2ciiflg,69,s8olu9n3,3,Baillon,Baillon_Decision,1630600120,1,0,0
t2ciiflg,67,u70vhzm6,19,Outro,CLICCS_Questions,1630600124,1,0,0
t2ciiflg,70,tzk9w0gy,4,Baillon,Baillon_Decision,1630600132,2,0,0
t2ciiflg,70,tzk9w0gy,5,Baillon,Baillon_Decision,1630600141,3,0,0
t2ciiflg,69,s8olu9n3,4,Baillon,Baillon_Decision,1630600143,2,0,0
t2ciiflg,70,tzk9w0gy,6,Baillon,Baillon_Decision,1630600152,4,0,0
t2ciiflg,69,s8olu9n3,5,Baillon,Baillon_Decision,1630600158,3,0,0
t2ciiflg,70,tzk9w0gy,7,Baillon,Baillon_Decision,1630600159,5,0,0
t2ciiflg,70,tzk9w0gy,8,Baillon,Baillon_Decision,1630600165,6,0,0
t2ciiflg,69,s8olu9n3,6,Baillon,Baillon_Decision,1630600172,4,0,0
t2ciiflg,70,tzk9w0gy,9,Baillon,Baillon_Decision,1630600177,7,0,0
t2ciiflg,70,tzk9w0gy,10,Baillon,Baillon_Decision,1630600180,8,0,0
t2ciiflg,70,tzk9w0gy,11,Baillon,Baillon_Decision,1630600183,9,0,0
t2ciiflg,69,s8olu9n3,7,Baillon,Baillon_Decision,1630600183,5,0,0
t2ciiflg,70,tzk9w0gy,12,Baillon,Baillon_Decision,1630600187,10,0,0
t2ciiflg,70,tzk9w0gy,13,Baillon,Baillon_Decision,1630600189,11,0,0
t2ciiflg,70,tzk9w0gy,14,Baillon,Baillon_Decision,1630600192,12,0,0
t2ciiflg,69,s8olu9n3,8,Baillon,Baillon_Decision,1630600201,6,0,0
t2ciiflg,70,tzk9w0gy,15,Outro,Outro_Risk,1630600202,1,0,0
t2ciiflg,70,tzk9w0gy,16,Outro,Domain_Questions_1,1630600206,1,0,0
t2ciiflg,70,tzk9w0gy,17,Outro,Domain_Questions_2,1630600221,1,0,0
t2ciiflg,69,s8olu9n3,9,Baillon,Baillon_Decision,1630600229,7,0,0
t2ciiflg,70,tzk9w0gy,18,Outro,Demographic_Questions,1630600245,1,0,0
t2ciiflg,70,tzk9w0gy,19,Outro,CLICCS_Questions,1630600254,1,0,0
t2ciiflg,69,s8olu9n3,10,Baillon,Baillon_Decision,1630600270,8,0,0
t2ciiflg,69,s8olu9n3,11,Baillon,Baillon_Decision,1630600280,9,0,0
t2ciiflg,69,s8olu9n3,12,Baillon,Baillon_Decision,1630600302,10,0,0
t2ciiflg,69,s8olu9n3,13,Baillon,Baillon_Decision,1630600310,11,0,0
t2ciiflg,69,s8olu9n3,14,Baillon,Baillon_Decision,1630600336,12,0,0
t2ciiflg,69,s8olu9n3,15,Outro,Outro_Risk,1630600350,1,0,0
t2ciiflg,74,i1zf3pie,0,,InitializeParticipant,1630600356,1,0,0
t2ciiflg,69,s8olu9n3,16,Outro,Domain_Questions_1,1630600358,1,0,0
t2ciiflg,75,8s6l172d,0,,InitializeParticipant,1630600371,1,0,0
t2ciiflg,69,s8olu9n3,17,Outro,Domain_Questions_2,1630600375,1,0,0
t2ciiflg,74,i1zf3pie,1,Intro,Intro_Welcome,1630600382,1,0,0
t2ciiflg,75,8s6l172d,1,Intro,Intro_Welcome,1630600389,1,0,0
t2ciiflg,69,s8olu9n3,18,Outro,Demographic_Questions,1630600396,1,0,0
t2ciiflg,69,s8olu9n3,19,Outro,CLICCS_Questions,1630600435,1,0,0
t2ciiflg,76,82jlu9et,0,,InitializeParticipant,1630600478,1,0,0
t2ciiflg,76,82jlu9et,1,Intro,Intro_Welcome,1630600515,1,0,0
t2ciiflg,77,r341ldh8,0,,InitializeParticipant,1630600693,1,0,0
t2ciiflg,77,r341ldh8,1,Intro,Intro_Welcome,1630600713,1,0,0
t2ciiflg,74,i1zf3pie,2,Intro,Intro_Instructions,1630600813,1,0,0
t2ciiflg,74,i1zf3pie,3,Baillon,Baillon_Decision,1630600957,1,0,0
t2ciiflg,74,i1zf3pie,4,Baillon,Baillon_Decision,1630600993,2,0,0
t2ciiflg,74,i1zf3pie,5,Baillon,Baillon_Decision,1630601029,3,0,0
t2ciiflg,74,i1zf3pie,6,Baillon,Baillon_Decision,1630601055,4,0,0
t2ciiflg,74,i1zf3pie,7,Baillon,Baillon_Decision,1630601073,5,0,0
t2ciiflg,74,i1zf3pie,8,Baillon,Baillon_Decision,1630601091,6,0,0
t2ciiflg,74,i1zf3pie,9,Baillon,Baillon_Decision,1630601205,7,0,0
t2ciiflg,74,i1zf3pie,10,Baillon,Baillon_Decision,1630601224,8,0,0
t2ciiflg,78,aoybprdd,0,,InitializeParticipant,1630601235,1,0,0
t2ciiflg,78,aoybprdd,1,Intro,Intro_Welcome,1630601261,1,0,0
t2ciiflg,74,i1zf3pie,11,Baillon,Baillon_Decision,1630601261,9,0,0
t2ciiflg,74,i1zf3pie,12,Baillon,Baillon_Decision,1630601277,10,0,0
t2ciiflg,74,i1zf3pie,13,Baillon,Baillon_Decision,1630601291,11,0,0
t2ciiflg,74,i1zf3pie,14,Baillon,Baillon_Decision,1630601309,12,0,0
t2ciiflg,74,i1zf3pie,15,Outro,Outro_Risk,1630601344,1,0,0
t2ciiflg,74,i1zf3pie,16,Outro,Domain_Questions_1,1630601372,1,0,0
t2ciiflg,74,i1zf3pie,17,Outro,Domain_Questions_2,1630601421,1,0,0
t2ciiflg,79,q7ym8jyg,0,,InitializeParticipant,1630601428,1,0,0
t2ciiflg,79,q7ym8jyg,1,Intro,Intro_Welcome,1630601449,1,0,0
t2ciiflg,80,ngbrou0m,0,,InitializeParticipant,1630601480,1,0,0
t2ciiflg,74,i1zf3pie,18,Outro,Demographic_Questions,1630601486,1,0,0
t2ciiflg,80,ngbrou0m,1,Intro,Intro_Welcome,1630601497,1,0,0
t2ciiflg,74,i1zf3pie,19,Outro,CLICCS_Questions,1630601583,1,0,0
t2ciiflg,81,ydqx2mgo,0,,InitializeParticipant,1630601590,1,0,0
t2ciiflg,81,ydqx2mgo,1,Intro,Intro_Welcome,1630601605,1,0,0
t2ciiflg,82,pujc3dae,0,,InitializeParticipant,1630601823,1,0,0
t2ciiflg,82,pujc3dae,1,Intro,Intro_Welcome,1630601844,1,0,0
t2ciiflg,83,2h7n1lzm,0,,InitializeParticipant,1630602003,1,0,0
t2ciiflg,83,2h7n1lzm,1,Intro,Intro_Welcome,1630602030,1,0,0
t2ciiflg,84,psr2u0oh,0,,InitializeParticipant,1630602110,1,0,0
t2ciiflg,84,psr2u0oh,1,Intro,Intro_Welcome,1630602120,1,0,0
t2ciiflg,85,11f1g647,0,,InitializeParticipant,1630602807,1,0,0
t2ciiflg,85,11f1g647,1,Intro,Intro_Welcome,1630602819,1,0,0
t2ciiflg,86,q72tbz7b,0,,InitializeParticipant,1630602851,1,0,0
t2ciiflg,86,q72tbz7b,1,Intro,Intro_Welcome,1630602859,1,0,0
t2ciiflg,76,82jlu9et,2,Intro,Intro_Instructions,1630602904,1,0,0
t2ciiflg,76,82jlu9et,3,Baillon,Baillon_Decision,1630602973,1,0,0
t2ciiflg,86,q72tbz7b,2,Intro,Intro_Instructions,1630602988,1,0,0
t2ciiflg,76,82jlu9et,4,Baillon,Baillon_Decision,1630603009,2,0,0
t2ciiflg,76,82jlu9et,5,Baillon,Baillon_Decision,1630603024,3,0,0
t2ciiflg,86,q72tbz7b,3,Baillon,Baillon_Decision,1630603027,1,0,0
t2ciiflg,76,82jlu9et,6,Baillon,Baillon_Decision,1630603042,4,0,0
t2ciiflg,86,q72tbz7b,4,Baillon,Baillon_Decision,1630603045,2,0,0
t2ciiflg,86,q72tbz7b,5,Baillon,Baillon_Decision,1630603051,3,0,0
t2ciiflg,87,fdlllg2m,0,,InitializeParticipant,1630603051,1,0,0
t2ciiflg,86,q72tbz7b,6,Baillon,Baillon_Decision,1630603058,4,0,0
t2ciiflg,76,82jlu9et,7,Baillon,Baillon_Decision,1630603059,5,0,0
t2ciiflg,86,q72tbz7b,7,Baillon,Baillon_Decision,1630603068,5,0,0
t2ciiflg,87,fdlllg2m,1,Intro,Intro_Welcome,1630603071,1,0,0
t2ciiflg,86,q72tbz7b,8,Baillon,Baillon_Decision,1630603073,6,0,0
t2ciiflg,76,82jlu9et,8,Baillon,Baillon_Decision,1630603075,6,0,0
t2ciiflg,86,q72tbz7b,9,Baillon,Baillon_Decision,1630603107,7,0,0
t2ciiflg,86,q72tbz7b,10,Baillon,Baillon_Decision,1630603118,8,0,0
t2ciiflg,86,q72tbz7b,11,Baillon,Baillon_Decision,1630603123,9,0,0
t2ciiflg,76,82jlu9et,9,Baillon,Baillon_Decision,1630603124,7,0,0
t2ciiflg,86,q72tbz7b,12,Baillon,Baillon_Decision,1630603128,10,0,0
t2ciiflg,86,q72tbz7b,13,Baillon,Baillon_Decision,1630603133,11,0,0
t2ciiflg,86,q72tbz7b,14,Baillon,Baillon_Decision,1630603139,12,0,0
t2ciiflg,76,82jlu9et,10,Baillon,Baillon_Decision,1630603143,8,0,0
t2ciiflg,86,q72tbz7b,15,Outro,Outro_Risk,1630603152,1,0,0
t2ciiflg,76,82jlu9et,11,Baillon,Baillon_Decision,1630603154,9,0,0
t2ciiflg,86,q72tbz7b,16,Outro,Domain_Questions_1,1630603168,1,0,0
t2ciiflg,76,82jlu9et,12,Baillon,Baillon_Decision,1630603178,10,0,0
t2ciiflg,86,q72tbz7b,17,Outro,Domain_Questions_2,1630603180,1,0,0
t2ciiflg,86,q72tbz7b,18,Outro,Demographic_Questions,1630603196,1,0,0
t2ciiflg,86,q72tbz7b,19,Outro,CLICCS_Questions,1630603218,1,0,0
t2ciiflg,88,oujmfevy,0,,InitializeParticipant,1630603218,1,0,0
t2ciiflg,76,82jlu9et,13,Baillon,Baillon_Decision,1630603218,11,0,0
t2ciiflg,88,oujmfevy,1,Intro,Intro_Welcome,1630603232,1,0,0
t2ciiflg,76,82jlu9et,14,Baillon,Baillon_Decision,1630603235,12,0,0
t2ciiflg,76,82jlu9et,15,Outro,Outro_Risk,1630603264,1,0,0
t2ciiflg,89,43voh28o,0,,InitializeParticipant,1630603311,1,0,0
t2ciiflg,90,liln0h5n,0,,InitializeParticipant,1630603317,1,0,0
t2ciiflg,89,43voh28o,1,Intro,Intro_Welcome,1630603331,1,0,0
t2ciiflg,90,liln0h5n,1,Intro,Intro_Welcome,1630603332,1,0,0
t2ciiflg,76,82jlu9et,16,Outro,Domain_Questions_1,1630603338,1,0,0
t2ciiflg,76,82jlu9et,17,Outro,Domain_Questions_2,1630603375,1,0,0
t2ciiflg,76,82jlu9et,18,Outro,Demographic_Questions,1630603419,1,0,0
t2ciiflg,85,11f1g647,2,Intro,Intro_Instructions,1630603481,1,0,0
t2ciiflg,76,82jlu9et,19,Outro,CLICCS_Questions,1630603500,1,0,0
t2ciiflg,87,fdlllg2m,2,Intro,Intro_Instructions,1630603509,1,0,0
t2ciiflg,88,oujmfevy,2,Intro,Intro_Instructions,1630603577,1,0,0
t2ciiflg,87,fdlllg2m,3,Baillon,Baillon_Decision,1630603601,1,0,0
t2ciiflg,88,oujmfevy,3,Baillon,Baillon_Decision,1630603644,1,0,0
t2ciiflg,87,fdlllg2m,4,Baillon,Baillon_Decision,1630603670,2,0,0
t2ciiflg,88,oujmfevy,4,Baillon,Baillon_Decision,1630603686,2,0,0
t2ciiflg,87,fdlllg2m,5,Baillon,Baillon_Decision,1630603689,3,0,0
t2ciiflg,87,fdlllg2m,6,Baillon,Baillon_Decision,1630603707,4,0,0
t2ciiflg,88,oujmfevy,5,Baillon,Baillon_Decision,1630603711,3,0,0
t2ciiflg,87,fdlllg2m,7,Baillon,Baillon_Decision,1630603718,5,0,0
t2ciiflg,88,oujmfevy,6,Baillon,Baillon_Decision,1630603720,4,0,0
t2ciiflg,87,fdlllg2m,8,Baillon,Baillon_Decision,1630603731,6,0,0
t2ciiflg,88,oujmfevy,7,Baillon,Baillon_Decision,1630603733,5,0,0
t2ciiflg,88,oujmfevy,8,Baillon,Baillon_Decision,1630603744,6,0,0
t2ciiflg,88,oujmfevy,9,Baillon,Baillon_Decision,1630603772,7,0,0
t2ciiflg,87,fdlllg2m,9,Baillon,Baillon_Decision,1630603773,7,0,0
t2ciiflg,87,fdlllg2m,10,Baillon,Baillon_Decision,1630603784,8,0,0
t2ciiflg,88,oujmfevy,10,Baillon,Baillon_Decision,1630603787,8,0,0
t2ciiflg,89,43voh28o,2,Intro,Intro_Instructions,1630603790,1,0,0
t2ciiflg,87,fdlllg2m,11,Baillon,Baillon_Decision,1630603796,9,0,0
t2ciiflg,88,oujmfevy,11,Baillon,Baillon_Decision,1630603803,9,0,0
t2ciiflg,87,fdlllg2m,12,Baillon,Baillon_Decision,1630603807,10,0,0
t2ciiflg,88,oujmfevy,12,Baillon,Baillon_Decision,1630603812,10,0,0
t2ciiflg,87,fdlllg2m,13,Baillon,Baillon_Decision,1630603817,11,0,0
t2ciiflg,88,oujmfevy,13,Baillon,Baillon_Decision,1630603820,11,0,0
t2ciiflg,88,oujmfevy,14,Baillon,Baillon_Decision,1630603826,12,0,0
t2ciiflg,87,fdlllg2m,14,Baillon,Baillon_Decision,1630603828,12,0,0
t2ciiflg,88,oujmfevy,15,Outro,Outro_Risk,1630603850,1,0,0
t2ciiflg,87,fdlllg2m,15,Outro,Outro_Risk,1630603853,1,0,0
t2ciiflg,88,oujmfevy,16,Outro,Domain_Questions_1,1630603863,1,0,0
t2ciiflg,87,fdlllg2m,16,Outro,Domain_Questions_1,1630603873,1,0,0
t2ciiflg,89,43voh28o,3,Baillon,Baillon_Decision,1630603885,1,0,0
t2ciiflg,89,43voh28o,4,Baillon,Baillon_Decision,1630603914,2,0,0
t2ciiflg,88,oujmfevy,17,Outro,Domain_Questions_2,1630603916,1,0,0
t2ciiflg,87,fdlllg2m,17,Outro,Domain_Questions_2,1630603922,1,0,0
t2ciiflg,89,43voh28o,5,Baillon,Baillon_Decision,1630603948,3,0,0
t2ciiflg,88,oujmfevy,18,Outro,Demographic_Questions,1630603949,1,0,0
t2ciiflg,87,fdlllg2m,18,Outro,Demographic_Questions,1630603949,1,0,0
t2ciiflg,89,43voh28o,6,Baillon,Baillon_Decision,1630603977,4,0,0
t2ciiflg,87,fdlllg2m,19,Outro,CLICCS_Questions,1630603988,1,0,0
t2ciiflg,89,43voh28o,7,Baillon,Baillon_Decision,1630603999,5,0,0
t2ciiflg,89,43voh28o,8,Baillon,Baillon_Decision,1630604023,6,0,0
t2ciiflg,89,43voh28o,9,Baillon,Baillon_Decision,1630604091,7,0,0
t2ciiflg,88,oujmfevy,19,Outro,CLICCS_Questions,1630604120,1,0,0
t2ciiflg,89,43voh28o,10,Baillon,Baillon_Decision,1630604168,8,0,0
t2ciiflg,89,43voh28o,11,Baillon,Baillon_Decision,1630604192,9,0,0
t2ciiflg,89,43voh28o,12,Baillon,Baillon_Decision,1630604211,10,0,0
t2ciiflg,89,43voh28o,13,Baillon,Baillon_Decision,1630604230,11,0,0
t2ciiflg,89,43voh28o,14,Baillon,Baillon_Decision,1630604241,12,0,0
t2ciiflg,91,1cvqirti,0,,InitializeParticipant,1630604246,1,0,0
t2ciiflg,91,1cvqirti,1,Intro,Intro_Welcome,1630604267,1,0,0
t2ciiflg,92,35q41t5j,0,,InitializeParticipant,1630604278,1,0,0
t2ciiflg,89,43voh28o,15,Outro,Outro_Risk,1630604287,1,0,0
t2ciiflg,93,ktd2a7e1,0,,InitializeParticipant,1630604293,1,0,0
t2ciiflg,93,ktd2a7e1,1,Intro,Intro_Welcome,1630604300,1,0,0
t2ciiflg,92,35q41t5j,1,Intro,Intro_Welcome,1630604302,1,0,0
t2ciiflg,89,43voh28o,16,Outro,Domain_Questions_1,1630604320,1,0,0
t2ciiflg,89,43voh28o,17,Outro,Domain_Questions_2,1630604363,1,0,0
t2ciiflg,89,43voh28o,18,Outro,Demographic_Questions,1630604397,1,0,0
t2ciiflg,94,t1k06mmy,0,,InitializeParticipant,1630604419,1,0,0
t2ciiflg,94,t1k06mmy,1,Intro,Intro_Welcome,1630604431,1,0,0
t2ciiflg,91,1cvqirti,2,Intro,Intro_Instructions,1630604446,1,0,0
t2ciiflg,89,43voh28o,19,Outro,CLICCS_Questions,1630604522,1,0,0
t2ciiflg,93,ktd2a7e1,2,Intro,Intro_Instructions,1630604538,1,0,0
t2ciiflg,91,1cvqirti,3,Baillon,Baillon_Decision,1630604551,1,0,0
t2ciiflg,91,1cvqirti,4,Baillon,Baillon_Decision,1630604578,2,0,0
t2ciiflg,93,ktd2a7e1,3,Baillon,Baillon_Decision,1630604580,1,0,0
t2ciiflg,91,1cvqirti,5,Baillon,Baillon_Decision,1630604601,3,0,0
t2ciiflg,91,1cvqirti,6,Baillon,Baillon_Decision,1630604614,4,0,0
t2ciiflg,93,ktd2a7e1,4,Baillon,Baillon_Decision,1630604625,2,0,0
t2ciiflg,91,1cvqirti,7,Baillon,Baillon_Decision,1630604628,5,0,0
t2ciiflg,91,1cvqirti,8,Baillon,Baillon_Decision,1630604637,6,0,0
t2ciiflg,93,ktd2a7e1,5,Baillon,Baillon_Decision,1630604640,3,0,0
t2ciiflg,91,1cvqirti,9,Baillon,Baillon_Decision,1630604662,7,0,0
t2ciiflg,93,ktd2a7e1,6,Baillon,Baillon_Decision,1630604665,4,0,0
t2ciiflg,91,1cvqirti,10,Baillon,Baillon_Decision,1630604670,8,0,0
t2ciiflg,93,ktd2a7e1,7,Baillon,Baillon_Decision,1630604678,5,0,0
t2ciiflg,91,1cvqirti,11,Baillon,Baillon_Decision,1630604678,9,0,0
t2ciiflg,91,1cvqirti,12,Baillon,Baillon_Decision,1630604687,10,0,0
t2ciiflg,93,ktd2a7e1,8,Baillon,Baillon_Decision,1630604689,6,0,0
t2ciiflg,91,1cvqirti,13,Baillon,Baillon_Decision,1630604696,11,0,0
t2ciiflg,91,1cvqirti,14,Baillon,Baillon_Decision,1630604703,12,0,0
t2ciiflg,91,1cvqirti,15,Outro,Outro_Risk,1630604728,1,0,0
t2ciiflg,91,1cvqirti,16,Outro,Domain_Questions_1,1630604745,1,0,0
t2ciiflg,93,ktd2a7e1,9,Baillon,Baillon_Decision,1630604750,7,0,0
t2ciiflg,91,1cvqirti,17,Outro,Domain_Questions_2,1630604764,1,0,0
t2ciiflg,93,ktd2a7e1,10,Baillon,Baillon_Decision,1630604768,8,0,0
t2ciiflg,93,ktd2a7e1,11,Baillon,Baillon_Decision,1630604778,9,0,0
t2ciiflg,93,ktd2a7e1,12,Baillon,Baillon_Decision,1630604787,10,0,0
t2ciiflg,91,1cvqirti,18,Outro,Demographic_Questions,1630604795,1,0,0
t2ciiflg,93,ktd2a7e1,13,Baillon,Baillon_Decision,1630604799,11,0,0
t2ciiflg,93,ktd2a7e1,14,Baillon,Baillon_Decision,1630604809,12,0,0
t2ciiflg,93,ktd2a7e1,15,Outro,Outro_Risk,1630604824,1,0,0
t2ciiflg,91,1cvqirti,19,Outro,CLICCS_Questions,1630604827,1,0,0
t2ciiflg,93,ktd2a7e1,16,Outro,Domain_Questions_1,1630604844,1,0,0
t2ciiflg,93,ktd2a7e1,17,Outro,Domain_Questions_2,1630604858,1,0,0
t2ciiflg,94,t1k06mmy,2,Intro,Intro_Instructions,1630604872,1,0,0
t2ciiflg,93,ktd2a7e1,18,Outro,Demographic_Questions,1630604889,1,0,0
t2ciiflg,93,ktd2a7e1,19,Outro,CLICCS_Questions,1630604924,1,0,0
t2ciiflg,94,t1k06mmy,3,Baillon,Baillon_Decision,1630604978,1,0,0
t2ciiflg,95,1kudxaei,0,,InitializeParticipant,1630605009,1,0,0
t2ciiflg,94,t1k06mmy,4,Baillon,Baillon_Decision,1630605013,2,0,0
t2ciiflg,95,1kudxaei,1,Intro,Intro_Welcome,1630605038,1,0,0
t2ciiflg,94,t1k06mmy,5,Baillon,Baillon_Decision,1630605043,3,0,0
t2ciiflg,94,t1k06mmy,6,Baillon,Baillon_Decision,1630605061,4,0,0
t2ciiflg,94,t1k06mmy,7,Baillon,Baillon_Decision,1630605075,5,0,0
t2ciiflg,94,t1k06mmy,8,Baillon,Baillon_Decision,1630605088,6,0,0
t2ciiflg,94,t1k06mmy,9,Baillon,Baillon_Decision,1630605146,7,0,0
t2ciiflg,94,t1k06mmy,10,Baillon,Baillon_Decision,1630605165,8,0,0
t2ciiflg,94,t1k06mmy,11,Baillon,Baillon_Decision,1630605182,9,0,0
t2ciiflg,94,t1k06mmy,12,Baillon,Baillon_Decision,1630605194,10,0,0
t2ciiflg,94,t1k06mmy,13,Baillon,Baillon_Decision,1630605206,11,0,0
t2ciiflg,94,t1k06mmy,14,Baillon,Baillon_Decision,1630605222,12,0,0
t2ciiflg,94,t1k06mmy,15,Outro,Outro_Risk,1630605240,1,0,0
t2ciiflg,94,t1k06mmy,16,Outro,Domain_Questions_1,1630605257,1,0,0
t2ciiflg,94,t1k06mmy,17,Outro,Domain_Questions_2,1630605282,1,0,0
t2ciiflg,94,t1k06mmy,18,Outro,Demographic_Questions,1630605311,1,0,0
t2ciiflg,94,t1k06mmy,19,Outro,CLICCS_Questions,1630605355,1,0,0
t2ciiflg,85,11f1g647,3,Baillon,Baillon_Decision,1630605383,1,0,0
t2ciiflg,85,11f1g647,4,Baillon,Baillon_Decision,1630605407,2,0,0
t2ciiflg,85,11f1g647,5,Baillon,Baillon_Decision,1630605418,3,0,0
t2ciiflg,85,11f1g647,6,Baillon,Baillon_Decision,1630605451,4,0,0
t2ciiflg,85,11f1g647,7,Baillon,Baillon_Decision,1630605457,5,0,0
t2ciiflg,85,11f1g647,8,Baillon,Baillon_Decision,1630605464,6,0,0
t2ciiflg,96,eqowjygp,0,,InitializeParticipant,1630605520,1,0,0
t2ciiflg,85,11f1g647,9,Baillon,Baillon_Decision,1630605530,7,0,0
t2ciiflg,85,11f1g647,10,Baillon,Baillon_Decision,1630605536,8,0,0
t2ciiflg,85,11f1g647,11,Baillon,Baillon_Decision,1630605544,9,0,0
t2ciiflg,85,11f1g647,12,Baillon,Baillon_Decision,1630605548,10,0,0
t2ciiflg,85,11f1g647,13,Baillon,Baillon_Decision,1630605554,11,0,0
t2ciiflg,85,11f1g647,14,Baillon,Baillon_Decision,1630605560,12,0,0
t2ciiflg,85,11f1g647,15,Outro,Outro_Risk,1630605582,1,0,0
t2ciiflg,85,11f1g647,16,Outro,Domain_Questions_1,1630605624,1,0,0
t2ciiflg,85,11f1g647,17,Outro,Domain_Questions_2,1630605677,1,0,0
t2ciiflg,85,11f1g647,18,Outro,Demographic_Questions,1630605719,1,0,0
t2ciiflg,85,11f1g647,19,Outro,CLICCS_Questions,1630605771,1,0,0
t2ciiflg,97,yck0reb2,0,,InitializeParticipant,1630606832,1,0,0
t2ciiflg,97,yck0reb2,1,Intro,Intro_Welcome,1630606850,1,0,0
t2ciiflg,98,2w1dhavl,0,,InitializeParticipant,1630606898,1,0,0
t2ciiflg,98,2w1dhavl,1,Intro,Intro_Welcome,1630606994,1,0,0
t2ciiflg,97,yck0reb2,2,Intro,Intro_Instructions,1630607206,1,0,0
t2ciiflg,97,yck0reb2,3,Baillon,Baillon_Decision,1630607287,1,0,0
t2ciiflg,99,y2i8bckm,0,,InitializeParticipant,1630607312,1,0,0
t2ciiflg,97,yck0reb2,4,Baillon,Baillon_Decision,1630607325,2,0,0
t2ciiflg,99,y2i8bckm,1,Intro,Intro_Welcome,1630607342,1,0,0
t2ciiflg,97,yck0reb2,5,Baillon,Baillon_Decision,1630607348,3,0,0
t2ciiflg,97,yck0reb2,6,Baillon,Baillon_Decision,1630607363,4,0,0
t2ciiflg,97,yck0reb2,7,Baillon,Baillon_Decision,1630607380,5,0,0
t2ciiflg,100,c3yoz8u4,0,,InitializeParticipant,1630607386,1,0,0
t2ciiflg,97,yck0reb2,8,Baillon,Baillon_Decision,1630607407,6,0,0
t2ciiflg,97,yck0reb2,9,Baillon,Baillon_Decision,1630607470,7,0,0
t2ciiflg,97,yck0reb2,10,Baillon,Baillon_Decision,1630607483,8,0,0
t2ciiflg,97,yck0reb2,11,Baillon,Baillon_Decision,1630607503,9,0,0
t2ciiflg,97,yck0reb2,12,Baillon,Baillon_Decision,1630607516,10,0,0
t2ciiflg,97,yck0reb2,13,Baillon,Baillon_Decision,1630607528,11,0,0
t2ciiflg,97,yck0reb2,14,Baillon,Baillon_Decision,1630607538,12,0,0
t2ciiflg,100,c3yoz8u4,1,Intro,Intro_Welcome,1630607567,1,0,0
t2ciiflg,97,yck0reb2,15,Outro,Outro_Risk,1630607570,1,0,0
t2ciiflg,97,yck0reb2,16,Outro,Domain_Questions_1,1630607600,1,0,0
t2ciiflg,101,upg52rs4,0,,InitializeParticipant,1630607607,1,0,0
t2ciiflg,101,upg52rs4,1,Intro,Intro_Welcome,1630607626,1,0,0
t2ciiflg,97,yck0reb2,17,Outro,Domain_Questions_2,1630607629,1,0,0
t2ciiflg,97,yck0reb2,18,Outro,Demographic_Questions,1630607663,1,0,0
t2ciiflg,97,yck0reb2,19,Outro,CLICCS_Questions,1630607699,1,0,0
t2ciiflg,99,y2i8bckm,2,Intro,Intro_Instructions,1630607865,1,0,0
3j0q604n,1,n5bb598j,0,,InitializeParticipant,1630607920,1,0,0
3j0q604n,1,n5bb598j,1,Intro,Intro_Welcome,1630607924,1,0,0
t2ciiflg,99,y2i8bckm,3,Baillon,Baillon_Decision,1630607933,1,0,0
t2ciiflg,102,fcgurafi,0,,InitializeParticipant,1630607950,1,0,0
t2ciiflg,99,y2i8bckm,4,Baillon,Baillon_Decision,1630607968,2,0,0
t2ciiflg,102,fcgurafi,1,Intro,Intro_Welcome,1630607977,1,0,0
t2ciiflg,99,y2i8bckm,5,Baillon,Baillon_Decision,1630607996,3,0,0
t2ciiflg,99,y2i8bckm,6,Baillon,Baillon_Decision,1630608019,4,0,0
t2ciiflg,99,y2i8bckm,7,Baillon,Baillon_Decision,1630608037,5,0,0
t2ciiflg,99,y2i8bckm,8,Baillon,Baillon_Decision,1630608050,6,0,0
3j0q604n,1,n5bb598j,2,Intro,Intro_Instructions,1630608071,1,0,0
3j0q604n,1,n5bb598j,3,Baillon,Baillon_Decision,1630608083,1,0,0
3j0q604n,1,n5bb598j,4,Baillon,Baillon_Decision,1630608086,2,0,0
3j0q604n,1,n5bb598j,5,Baillon,Baillon_Decision,1630608089,3,0,0
3j0q604n,1,n5bb598j,6,Baillon,Baillon_Decision,1630608091,4,0,0
t2ciiflg,99,y2i8bckm,9,Baillon,Baillon_Decision,1630608093,7,0,0
3j0q604n,1,n5bb598j,7,Baillon,Baillon_Decision,1630608094,5,0,0
3j0q604n,1,n5bb598j,8,Baillon,Baillon_Decision,1630608097,6,0,0
t2ciiflg,99,y2i8bckm,10,Baillon,Baillon_Decision,1630608104,8,0,0
t2ciiflg,99,y2i8bckm,11,Baillon,Baillon_Decision,1630608112,9,0,0
t2ciiflg,99,y2i8bckm,12,Baillon,Baillon_Decision,1630608123,10,0,0
t2ciiflg,99,y2i8bckm,13,Baillon,Baillon_Decision,1630608133,11,0,0
t2ciiflg,99,y2i8bckm,14,Baillon,Baillon_Decision,1630608150,12,0,0
t2ciiflg,99,y2i8bckm,15,Outro,Outro_Risk,1630608178,1,0,0
t2ciiflg,103,8eq4hfhf,0,,InitializeParticipant,1630608181,1,0,0
t2ciiflg,99,y2i8bckm,16,Outro,Domain_Questions_1,1630608210,1,0,0
t2ciiflg,99,y2i8bckm,17,Outro,Domain_Questions_2,1630608239,1,0,0
t2ciiflg,99,y2i8bckm,18,Outro,Demographic_Questions,1630608308,1,0,0
t2ciiflg,99,y2i8bckm,19,Outro,CLICCS_Questions,1630608411,1,0,0
t2ciiflg,103,8eq4hfhf,1,Intro,Intro_Welcome,1630608480,1,0,0
t2ciiflg,102,fcgurafi,2,Intro,Intro_Instructions,1630608556,1,0,0
t2ciiflg,104,em68i3p5,0,,InitializeParticipant,1630608670,1,0,0
t2ciiflg,102,fcgurafi,3,Baillon,Baillon_Decision,1630608672,1,0,0
t2ciiflg,104,em68i3p5,1,Intro,Intro_Welcome,1630608696,1,0,0
t2ciiflg,102,fcgurafi,4,Baillon,Baillon_Decision,1630608696,2,0,0
t2ciiflg,102,fcgurafi,5,Baillon,Baillon_Decision,1630608710,3,0,0
t2ciiflg,102,fcgurafi,6,Baillon,Baillon_Decision,1630608718,4,0,0
t2ciiflg,102,fcgurafi,7,Baillon,Baillon_Decision,1630608727,5,0,0
t2ciiflg,102,fcgurafi,8,Baillon,Baillon_Decision,1630608735,6,0,0
t2ciiflg,102,fcgurafi,9,Baillon,Baillon_Decision,1630608766,7,0,0
t2ciiflg,102,fcgurafi,10,Baillon,Baillon_Decision,1630608774,8,0,0
t2ciiflg,102,fcgurafi,11,Baillon,Baillon_Decision,1630608791,9,0,0
t2ciiflg,102,fcgurafi,12,Baillon,Baillon_Decision,1630608800,10,0,0
t2ciiflg,102,fcgurafi,13,Baillon,Baillon_Decision,1630608807,11,0,0
t2ciiflg,102,fcgurafi,14,Baillon,Baillon_Decision,1630608814,12,0,0
t2ciiflg,102,fcgurafi,15,Outro,Outro_Risk,1630608828,1,0,0
t2ciiflg,102,fcgurafi,16,Outro,Domain_Questions_1,1630608861,1,0,0
t2ciiflg,102,fcgurafi,17,Outro,Domain_Questions_2,1630608876,1,0,0
t2ciiflg,102,fcgurafi,18,Outro,Demographic_Questions,1630608901,1,0,0
t2ciiflg,102,fcgurafi,19,Outro,CLICCS_Questions,1630608975,1,0,0
t2ciiflg,104,em68i3p5,2,Intro,Intro_Instructions,1630609060,1,0,0
t2ciiflg,104,em68i3p5,3,Baillon,Baillon_Decision,1630609119,1,0,0
t2ciiflg,105,4fuwjqwc,0,,InitializeParticipant,1630609172,1,0,0
t2ciiflg,105,4fuwjqwc,1,Intro,Intro_Welcome,1630609198,1,0,0
t2ciiflg,104,em68i3p5,4,Baillon,Baillon_Decision,1630609226,2,0,0
t2ciiflg,104,em68i3p5,5,Baillon,Baillon_Decision,1630609240,3,0,0
t2ciiflg,104,em68i3p5,6,Baillon,Baillon_Decision,1630609283,4,0,0
t2ciiflg,104,em68i3p5,7,Baillon,Baillon_Decision,1630609308,5,0,0
t2ciiflg,104,em68i3p5,8,Baillon,Baillon_Decision,1630609328,6,0,0
t2ciiflg,104,em68i3p5,9,Baillon,Baillon_Decision,1630609373,7,0,0
t2ciiflg,104,em68i3p5,10,Baillon,Baillon_Decision,1630609387,8,0,0
t2ciiflg,106,kl0yiw0k,0,,InitializeParticipant,1630609414,1,0,0
t2ciiflg,104,em68i3p5,11,Baillon,Baillon_Decision,1630609427,9,0,0
t2ciiflg,106,kl0yiw0k,1,Intro,Intro_Welcome,1630609430,1,0,0
t2ciiflg,104,em68i3p5,12,Baillon,Baillon_Decision,1630609446,10,0,0
t2ciiflg,104,em68i3p5,13,Baillon,Baillon_Decision,1630609470,11,0,0
t2ciiflg,104,em68i3p5,14,Baillon,Baillon_Decision,1630609484,12,0,0
t2ciiflg,104,em68i3p5,15,Outro,Outro_Risk,1630609499,1,0,0
t2ciiflg,104,em68i3p5,16,Outro,Domain_Questions_1,1630609515,1,0,0
t2ciiflg,104,em68i3p5,17,Outro,Domain_Questions_2,1630609529,1,0,0
t2ciiflg,104,em68i3p5,18,Outro,Demographic_Questions,1630609565,1,0,0
t2ciiflg,104,em68i3p5,19,Outro,CLICCS_Questions,1630609602,1,0,0
t2ciiflg,107,uo6f7sy1,0,,InitializeParticipant,1630609740,1,0,0
t2ciiflg,107,uo6f7sy1,1,Intro,Intro_Welcome,1630609757,1,0,0
t2ciiflg,108,yqzutd3k,0,,InitializeParticipant,1630609966,1,0,0
t2ciiflg,108,yqzutd3k,1,Intro,Intro_Welcome,1630609992,1,0,0
t2ciiflg,109,hz14f3af,0,,InitializeParticipant,1630610156,1,0,0
t2ciiflg,109,hz14f3af,1,Intro,Intro_Welcome,1630610185,1,0,0
t2ciiflg,107,uo6f7sy1,2,Intro,Intro_Instructions,1630610231,1,0,0
t2ciiflg,107,uo6f7sy1,3,Baillon,Baillon_Decision,1630610302,1,0,0
t2ciiflg,107,uo6f7sy1,4,Baillon,Baillon_Decision,1630610335,2,0,0
t2ciiflg,107,uo6f7sy1,5,Baillon,Baillon_Decision,1630610353,3,0,0
t2ciiflg,107,uo6f7sy1,6,Baillon,Baillon_Decision,1630610363,4,0,0
t2ciiflg,107,uo6f7sy1,7,Baillon,Baillon_Decision,1630610384,5,0,0
t2ciiflg,107,uo6f7sy1,8,Baillon,Baillon_Decision,1630610395,6,0,0
t2ciiflg,107,uo6f7sy1,9,Baillon,Baillon_Decision,1630610428,7,0,0
t2ciiflg,107,uo6f7sy1,10,Baillon,Baillon_Decision,1630610444,8,0,0
t2ciiflg,107,uo6f7sy1,11,Baillon,Baillon_Decision,1630610452,9,0,0
t2ciiflg,107,uo6f7sy1,12,Baillon,Baillon_Decision,1630610463,10,0,0
t2ciiflg,107,uo6f7sy1,13,Baillon,Baillon_Decision,1630610473,11,0,0
t2ciiflg,107,uo6f7sy1,14,Baillon,Baillon_Decision,1630610480,12,0,0
t2ciiflg,107,uo6f7sy1,15,Outro,Outro_Risk,1630610499,1,0,0
t2ciiflg,110,xldrrsay,0,,InitializeParticipant,1630610514,1,0,0
t2ciiflg,107,uo6f7sy1,16,Outro,Domain_Questions_1,1630610517,1,0,0
t2ciiflg,107,uo6f7sy1,17,Outro,Domain_Questions_2,1630610542,1,0,0
t2ciiflg,107,uo6f7sy1,18,Outro,Demographic_Questions,1630610581,1,0,0
t2ciiflg,107,uo6f7sy1,19,Outro,CLICCS_Questions,1630610655,1,0,0
t2ciiflg,109,hz14f3af,2,Intro,Intro_Instructions,1630610668,1,0,0
t2ciiflg,109,hz14f3af,3,Baillon,Baillon_Decision,1630610692,1,0,0
t2ciiflg,109,hz14f3af,4,Baillon,Baillon_Decision,1630610708,2,0,0
t2ciiflg,109,hz14f3af,5,Baillon,Baillon_Decision,1630610736,3,0,0
t2ciiflg,108,yqzutd3k,2,Intro,Intro_Instructions,1630610782,1,0,0
t2ciiflg,108,yqzutd3k,3,Baillon,Baillon_Decision,1630610845,1,0,0
t2ciiflg,111,wfr3aj6s,0,,InitializeParticipant,1630610868,1,0,0
t2ciiflg,111,wfr3aj6s,1,Intro,Intro_Welcome,1630610883,1,0,0
t2ciiflg,108,yqzutd3k,4,Baillon,Baillon_Decision,1630610914,2,0,0
t2ciiflg,108,yqzutd3k,5,Baillon,Baillon_Decision,1630610950,3,0,0
t2ciiflg,108,yqzutd3k,6,Baillon,Baillon_Decision,1630610967,4,0,0
t2ciiflg,108,yqzutd3k,7,Baillon,Baillon_Decision,1630610985,5,0,0
t2ciiflg,108,yqzutd3k,8,Baillon,Baillon_Decision,1630611006,6,0,0
t2ciiflg,112,avufb3iq,0,,InitializeParticipant,1630611050,1,0,0
t2ciiflg,108,yqzutd3k,9,Baillon,Baillon_Decision,1630611074,7,0,0
t2ciiflg,108,yqzutd3k,10,Baillon,Baillon_Decision,1630611088,8,0,0
t2ciiflg,112,avufb3iq,1,Intro,Intro_Welcome,1630611092,1,0,0
t2ciiflg,108,yqzutd3k,11,Baillon,Baillon_Decision,1630611103,9,0,0
t2ciiflg,108,yqzutd3k,12,Baillon,Baillon_Decision,1630611115,10,0,0
t2ciiflg,108,yqzutd3k,13,Baillon,Baillon_Decision,1630611129,11,0,0
t2ciiflg,108,yqzutd3k,14,Baillon,Baillon_Decision,1630611145,12,0,0
t2ciiflg,108,yqzutd3k,15,Outro,Outro_Risk,1630611179,1,0,0
t2ciiflg,108,yqzutd3k,16,Outro,Domain_Questions_1,1630611199,1,0,0
t2ciiflg,108,yqzutd3k,17,Outro,Domain_Questions_2,1630611249,1,0,0
t2ciiflg,108,yqzutd3k,18,Outro,Demographic_Questions,1630611296,1,0,0
t2ciiflg,108,yqzutd3k,19,Outro,CLICCS_Questions,1630611352,1,0,0
t2ciiflg,111,wfr3aj6s,2,Intro,Intro_Instructions,1630611415,1,0,0
t2ciiflg,111,wfr3aj6s,3,Baillon,Baillon_Decision,1630611454,1,0,0
t2ciiflg,111,wfr3aj6s,4,Baillon,Baillon_Decision,1630611465,2,0,0
t2ciiflg,111,wfr3aj6s,5,Baillon,Baillon_Decision,1630611477,3,0,0
t2ciiflg,111,wfr3aj6s,6,Baillon,Baillon_Decision,1630611491,4,0,0
t2ciiflg,111,wfr3aj6s,7,Baillon,Baillon_Decision,1630611496,5,0,0
t2ciiflg,111,wfr3aj6s,8,Baillon,Baillon_Decision,1630611501,6,0,0
t2ciiflg,111,wfr3aj6s,9,Baillon,Baillon_Decision,1630611523,7,0,0
t2ciiflg,111,wfr3aj6s,10,Baillon,Baillon_Decision,1630611527,8,0,0
t2ciiflg,111,wfr3aj6s,11,Baillon,Baillon_Decision,1630611535,9,0,0
t2ciiflg,111,wfr3aj6s,12,Baillon,Baillon_Decision,1630611540,10,0,0
t2ciiflg,111,wfr3aj6s,13,Baillon,Baillon_Decision,1630611547,11,0,0
t2ciiflg,111,wfr3aj6s,14,Baillon,Baillon_Decision,1630611552,12,0,0
t2ciiflg,111,wfr3aj6s,15,Outro,Outro_Risk,1630611563,1,0,0
t2ciiflg,111,wfr3aj6s,16,Outro,Domain_Questions_1,1630611580,1,0,0
t2ciiflg,111,wfr3aj6s,17,Outro,Domain_Questions_2,1630611600,1,0,0
t2ciiflg,111,wfr3aj6s,18,Outro,Demographic_Questions,1630611634,1,0,0
t2ciiflg,111,wfr3aj6s,19,Outro,CLICCS_Questions,1630611675,1,0,0
